,날짜,전국,서울,강북14개구,강남11개구,6개광역시,부산,대전,대구,인천,광주,울산,전국_label,서울_label,강북14개구_label,강남11개구_label,6개광역시_label,부산_label,대전_label,대구_label,인천_label,광주_label,울산_label
0,2003-03-01,0.6964143854574697,0.513148350986864,0.5005869778743476,0.5565431801060144,0.8601399345117953,1.2149060123485804,0.0035924191740191,0.4208042167134223,0.6202292722651614,2.3521571825932246,1.0722990136905612,1,1,1,1,1,1,1,1,1,1,1
1,2003-04-01,1.823134080891173,2.3262890254412585,0.9334747940553372,2.969016400006236,1.6103620008976736,2.071114252547736,0.5248928356746376,0.84250817116006,0.146558553991321,3.902046239628525,3.386914332884146,1,1,1,1,1,1,1,1,1,1,1
2,2003-05-01,4.094939695088269,4.820346958629552,2.093826553969389,6.114887034623498,3.3126279245636514,4.1880185138362,1.982898202865763,2.548013824535744,1.1872600628630905,5.909232483758728,3.666945991686046,1,1,1,1,1,1,1,1,1,1,1
3,2003-06-01,5.323185857611433,5.799814906923419,2.452431939955885,7.336884267332778,4.731904317770538,6.9253303487722055,2.702774734880716,3.9119549814912986,1.364174139159314,7.449772190534436,4.107911902845185,1,1,1,1,1,1,1,1,1,1,0
4,2003-07-01,5.773312741395294,6.509609661180811,2.6514852247574106,8.474988329393716,5.2283624965301705,7.266854716134639,3.530211438954224,4.387787741295433,1.593900015311139,8.708801157082586,3.9500619024006034,1,1,1,1,1,1,1,1,1,1,0
5,2003-08-01,6.406509067228241,7.696807254840571,3.058588111647225,10.21886186323196,5.832789600026643,7.754738506368647,4.02061349669861,4.890931290106107,1.957590844556552,10.55760601468244,3.7556758468940834,1,1,1,1,1,0,1,1,1,1,1
6,2003-09-01,7.678765384042609,9.97656414964582,4.07559891707056,13.366524911503369,6.965057059982375,8.285646715293755,5.522888185913303,5.772365298159315,2.41388318431422,13.740280172793447,4.506845613126602,1,1,1,1,1,0,1,0,0,1,0
7,2003-10-01,9.265400656443497,12.22328839306017,5.381062236745969,16.253790222699294,8.184244289052167,8.777514802112837,7.792422079166523,6.842657866054382,2.740559484545746,16.738801712639475,4.634549883053387,0,0,0,-1,0,-1,0,-1,0,0,0
8,2003-11-01,9.21344721846959,11.640238456642455,5.48099530257151,15.21220572326268,8.136579112078774,8.653290052430894,8.071683281492806,6.524818807073446,2.6811164929574165,16.76663755109789,4.7137310495977,0,0,0,0,0,-1,0,-1,0,0,0
9,2003-12-01,8.664994966177787,10.969569302315955,5.210602891376863,14.26382818535344,7.459203917179787,8.082438210680024,7.287851630084763,5.9312419723584044,2.1909673472022546,15.68461227598133,4.195194688027129,1,0,1,0,1,0,1,0,0,1,1
10,2004-01-01,8.517950275571565,10.743670252197324,5.181398159279102,13.899996197966376,7.290892725236042,7.895589848774111,6.930749845123957,5.780305820903044,1.9095199367770597,15.86473446995718,3.9625859289383074,1,0,0,0,1,0,1,0,1,1,1
11,2004-02-01,8.832919020166207,11.34485758744962,5.582559661896549,14.642244371127328,7.5165227372105665,7.880202652800422,7.149936534082331,5.987250265310254,2.1511668970215263,16.49274548009193,4.18415420180692,0,0,0,0,1,0,1,0,1,1,1
12,2004-03-01,9.154327808681009,11.806413320248277,5.829984816390978,15.25339992292298,7.75431348667278,7.97024366186153,7.625339801339449,6.066406113719278,2.234958165307092,16.929026144379375,4.691229583963614,0,0,0,0,1,0,1,0,1,1,1
13,2004-04-01,9.48739485396166,12.43042397540047,6.270096081821568,16.00441612618423,8.01138444738089,8.106045383497,7.826239554285152,6.2001134983103,2.4133149705230617,17.476165960477243,5.368658395528312,0,-1,-1,0,0,-1,0,-1,1,0,1
14,2004-05-01,9.58790086805809,12.584727024455049,6.415413390993091,16.16511757288354,8.209594761081009,8.144404849310863,7.854762293565487,6.223211776184856,2.375692623064946,18.32264038172012,6.16659891658948,0,-1,-1,0,0,-1,0,-1,1,0,0
15,2004-06-01,9.52626620395537,12.423217516565916,6.407544078939163,15.897505339558446,8.290539724988292,8.087498064092777,7.94755632982263,6.035441867370399,2.705796285846078,18.79959582277002,6.291609143907027,0,0,-1,0,0,-1,0,-1,1,0,0
16,2004-07-01,9.413363580474806,12.139869435932956,6.158223401553655,15.587464942900914,8.235432123175713,7.737982625690987,7.988588928078716,5.903838234689174,2.846430658966808,19.044975805602014,6.329758948197105,0,0,-1,0,0,-1,0,-1,1,0,0
17,2004-08-01,9.199016274928464,11.65571337558726,5.92144978123032,14.92920241940989,8.124434813233309,7.546698797815313,7.903155508779015,5.473133765063542,2.915582279871729,19.223838305598,6.257257335270364,0,0,0,0,0,-1,0,-1,1,0,1
18,2004-09-01,9.120305959820444,11.421484156453593,5.766658005300335,14.637255501915575,8.122101327603808,7.407017774995106,8.114720397295073,5.114939243342032,3.3102595858523944,19.170380750594067,6.396232814019317,0,0,0,0,0,-1,0,-1,1,0,1
19,2004-10-01,9.02738904494603,11.086317184462883,5.516250389639879,14.240580414770628,8.17721862017419,7.283767050396671,8.158684132691524,4.749925567067767,4.377362314835977,18.998094123639547,6.6283217090622015,0,0,0,0,0,-1,0,-1,1,0,1
20,2004-11-01,8.704925979485848,10.648851201881158,5.240988592918347,13.68662465971317,7.89147592380859,6.968393313027972,8.086911968889634,4.164526717921105,4.857095880526948,17.86569862380836,6.878130826459919,1,1,0,1,1,-1,1,-1,1,0,1
21,2004-12-01,8.489537041133984,10.343479781357743,4.9896638650410265,13.352364647314868,7.68873279988076,6.799386113819484,8.024068731444691,3.548887541218832,5.156861239402731,17.119596100370053,6.930832742246627,1,1,1,1,1,0,1,0,1,1,1
22,2005-01-01,8.37732206782828,10.117080496044084,4.711371650065837,13.173449767069306,7.577490346878872,6.672118703641383,8.001631069154152,3.1967210557747547,5.447294721231779,16.68467189433501,6.897862860431784,1,1,1,1,1,0,1,1,1,1,1
23,2005-02-01,8.871433352075172,11.062202911280492,4.944219929215365,14.612375857693388,7.716571029268188,6.5848143861987865,8.321334100184966,3.254144520708207,5.785495422990467,16.866414345839384,7.047975718405175,1,1,1,1,1,0,1,1,1,1,1
24,2005-03-01,9.364549264186005,11.50253753661517,5.204523139515515,15.178565167231673,8.130237073718098,6.580511535873715,8.847402196213794,3.5815829472528904,6.332664778424172,17.942855291891416,7.4107880198231,1,1,1,1,1,0,1,1,1,1,1
25,2005-04-01,10.048895764723383,12.52978889258054,5.405052922795906,16.755707782941233,8.717611015682733,6.824533707102826,9.854360120849147,3.835768035596284,6.907974275024436,18.937042903481547,8.152731015708488,1,1,1,1,1,0,1,0,1,1,1
26,2005-05-01,10.751816708700964,13.396966709827277,5.683569607943967,18.003700353775944,9.192117329811426,6.853711041794607,11.031008269593109,4.015377859007495,7.395221933447068,19.448928025306845,8.86002593440475,1,1,1,1,1,-1,1,0,1,0,1
27,2005-06-01,11.820609377567685,15.290303700148286,5.8431948798971485,20.95725760412531,9.536810925216969,6.717815390877767,12.04063366858611,4.075060887509082,7.730179631862767,19.957175977335663,9.41396594412164,1,1,1,1,1,0,1,0,1,0,1
28,2005-07-01,12.779991453227671,16.916509205151122,6.716759588652718,23.019816860923413,9.864528546644015,6.85353498082918,12.865936550903198,4.096351951302841,7.990932469200201,20.17498628938513,10.027771773783504,1,0,1,0,1,-1,1,0,1,-1,0
29,2005-08-01,13.169359918794417,17.285403627161884,7.417326655617182,23.201851874879186,10.244224391820708,6.906389599729895,13.793118982252842,4.197667672786958,8.780390481269153,20.23892512457212,10.348388474464098,0,0,1,0,1,-1,1,0,1,-1,0
30,2005-09-01,13.320019464260085,17.374121227416836,7.780800151209519,23.134278108841528,10.408475846723826,6.857905396444057,14.451598331189528,3.994417618532673,9.250793253591915,20.13376863378589,10.656433386708276,1,1,1,1,1,-1,1,0,1,-1,0
31,2005-10-01,13.240794520642874,17.131903033051284,7.890119614603246,22.689147205329498,10.369507539271956,6.725483003359374,14.847474205901284,3.8469258772484327,9.43391653885963,19.485383667483877,10.650039400084689,1,1,1,1,1,-1,1,0,1,0,0
32,2005-11-01,13.222531080014504,17.256968028883406,7.863420459816192,22.90297553279521,10.32666497453554,6.571635892577035,15.255424750530752,3.649378242909545,9.58231729168992,19.035495506147207,10.49791556309688,1,1,0,1,1,-1,1,0,1,0,1
33,2005-12-01,13.412687784098216,17.674260226596093,7.956474914124321,23.506924364080405,10.474236556054525,6.485857013323352,15.749441504128846,3.577374111602786,9.726445196820832,19.39980998943296,10.551952316466869,1,1,0,1,1,-1,1,0,1,0,1
34,2006-01-01,13.787657898810965,18.41078201538691,8.153322750134516,24.54815214372246,10.69273024396035,6.427124497113285,16.188544631080358,3.5879883545154785,10.160307865965132,19.72770632243395,10.816999300430446,1,1,0,1,1,-1,1,0,1,-1,1
35,2006-02-01,14.294391808123413,19.28305182193577,8.643847997581268,25.63141908882709,10.87825385330046,6.4763526811257215,16.530314147308907,3.6405461348236967,10.59356226480147,19.74179953436401,11.14074708853872,1,1,0,1,1,-1,0,0,1,-1,1
36,2006-03-01,14.953077312862389,20.643687260894083,9.026914813975065,27.51763243533337,11.070950133461542,6.503143232258917,16.89201317401882,3.821855515698232,10.91219567560781,19.783706748100887,11.464419427143614,1,1,1,1,1,-1,0,0,1,-1,1
37,2006-04-01,15.81751683883002,22.36105727888229,9.687671766635829,29.771780924183133,11.30362905166932,6.390904994599568,17.16744066915689,4.258820530136293,11.26294360483163,19.69156334276225,12.353869940981925,1,1,1,1,1,-1,-1,1,1,-1,1
38,2006-05-01,16.841695060689368,23.88420969137476,10.368787348825729,31.697875264039062,11.506899671862444,6.240114888140055,17.349226986606432,4.691822101091762,11.460263085833136,19.35742105006941,13.853736671355527,1,1,1,1,1,-1,-1,1,1,-1,1
39,2006-06-01,17.27282013882711,24.37499340949429,10.788043013815631,32.22162907232894,11.553320717489322,6.057697730990196,17.27447223624888,4.955832386148194,11.862889041104571,18.819735233271118,14.562148619524526,1,1,1,1,1,-1,-1,1,1,-1,1
40,2006-07-01,17.426089154652537,24.56826501102385,11.00830119658514,32.40171021224342,11.512701558145212,5.920357384894582,17.074818188790662,5.120518389512459,11.908754308443342,18.56521617278645,14.946480404974524,1,1,1,1,1,-1,-1,1,1,-1,1
41,2006-08-01,17.581537246517197,24.74243924589269,11.274095625480673,32.530595858752726,11.540545778849612,5.882604578276123,16.88767783138497,5.4267454665487325,11.979809031004178,18.380510791264854,15.29670229110416,1,1,1,1,1,-1,-1,1,1,-1,1
42,2006-09-01,17.91523073697992,25.167202991697124,11.695531604041737,32.95263858413528,11.592613027128357,5.702716415550993,16.73874515490612,5.885305907677523,12.094085688055834,17.91415246753982,16.09027850688892,1,1,1,1,1,0,-1,1,1,-1,1
43,2006-10-01,19.10239986220652,26.735436708944416,13.087132443658868,34.58191819066609,11.978932395776496,5.656927849111723,16.6562742071167,7.064467822700927,12.357030835775388,17.79952544245746,17.722531571547947,1,1,1,1,1,1,-1,1,1,-1,1
44,2006-11-01,22.087989364322237,31.049026704371983,17.855126594145997,38.60001863721117,12.930555173811827,5.67298242349474,16.58563923432557,10.502925747255745,12.530548881823014,17.853270600933758,20.1695438668048,1,1,1,1,1,1,-1,1,0,-1,1
45,2006-12-01,23.72384854697428,33.57552190619008,22.38217039986255,40.11269718028976,13.73780552227487,5.728896817790998,16.518189455425567,13.76109714692313,12.630577204808196,17.760266909233387,21.436955084057303,1,1,1,1,1,0,-1,1,0,-1,1
46,2007-01-01,24.500461783419468,34.79351550407206,24.644188920666327,40.773657363857765,14.162011224652144,5.732260387133207,16.44923403151807,15.485864674478956,12.64103606764235,17.52395301345831,22.33674449163911,1,1,1,-1,1,0,-1,1,-1,-1,1
47,2007-02-01,24.71763137772322,35.01077720963905,25.154603577533948,40.82989864554684,14.29876695369595,5.705709937258726,16.34635142184878,16.14806849917106,12.626409812305218,17.247078979187364,22.86566934213988,0,0,1,-1,1,1,-1,1,-1,-1,1
48,2007-03-01,24.762416763739665,35.0969966216941,25.37953048848024,40.84258027688,14.304231962931937,5.751784843537637,16.11914177672596,16.30973802696178,12.669202019199794,16.97300843285346,23.14809142936661,0,0,1,-1,1,0,-1,1,-1,-1,0
49,2007-04-01,24.731833464772343,35.06481103609105,25.6854990500468,40.632174248056415,14.297217040646458,5.785643709042536,15.801160369027848,16.687386970793263,12.662104039472624,16.56197009286491,23.31179954162101,0,0,0,0,1,0,-1,1,-1,-1,0
50,2007-05-01,24.640754973181853,34.92013308696282,25.77548062206917,40.362058376976094,14.312552731241606,5.769955399772409,15.53420670882498,17.160890936437,12.542605931733757,16.374389669577717,23.38143579220484,1,0,1,0,1,0,-1,1,0,-1,0
51,2007-06-01,24.669634347644344,34.956398526572094,25.958761803519405,40.317240451787406,14.392971404336194,5.735496690453697,15.340295543043217,17.811802960604638,12.474368862299844,16.17713932712148,23.491699723500133,1,1,1,0,1,0,-1,1,0,-1,-1
52,2007-07-01,24.79990381914107,35.156663713742354,26.3530153544541,40.40909114784185,14.520605013235128,5.7874173743745,15.04042085288776,18.692678010547244,12.416688722793378,15.927115833478528,23.572737385408274,1,1,1,0,1,0,-1,1,0,-1,-1
53,2007-08-01,24.903660882641592,35.29381793990415,26.659913564226866,40.45048931946097,14.62645654814976,5.772546760556515,14.849986927574427,19.38675384304508,12.370538107175427,15.82377991286582,23.511454540776896,1,1,1,0,1,0,-1,1,0,0,-1
54,2007-09-01,25.011833372526283,35.43526353634389,26.99218002479477,40.48393032144059,14.70665848133098,5.8519602200548615,14.658942301219213,19.89961495533672,12.36788988880026,15.702705833808734,23.4061394719682,1,1,1,0,1,1,-1,1,0,0,-1
55,2007-10-01,25.126636544457988,35.60544531972119,27.471205362596585,40.47944580842792,14.86782428690224,5.924120695343508,14.472226192601903,20.667386223582067,12.439614596075767,15.63022959333294,23.318793127513004,1,1,1,1,1,1,-1,1,0,0,-1
56,2007-11-01,25.24511206940354,35.821140839048184,28.09499497851511,40.46033219553505,15.009707903127545,5.94343698028441,14.23280706971597,21.45782738334977,12.415297603528956,15.64853853567014,23.2817441221042,1,1,1,1,1,1,-1,1,1,1,-1
57,2007-12-01,25.27704702213051,35.92681007598966,28.4686210811236,40.40879432597888,15.056292760676437,6.00095538186554,13.98318487771762,21.85704185001057,12.389270096745683,15.65456342088953,23.153132902155736,1,1,1,0,1,1,-1,1,1,1,0
58,2008-01-01,25.40185525040652,36.245075740168296,29.138861116304334,40.48220187040105,15.121438850505749,6.103170635183853,13.78283318495411,22.30337815712882,12.3328548296017,15.603604789063752,23.056952716462188,1,1,1,0,1,1,-1,1,1,1,0
59,2008-02-01,25.57416631436478,36.59782397410525,29.884991159287104,40.55704882423748,15.255372124843772,6.232516694105985,13.650012576078815,22.84875904147523,12.389853187241458,15.573523451459923,23.07071941212375,1,1,1,0,1,1,-1,1,1,1,0
60,2008-03-01,26.033439163087767,37.47926313642216,31.61540981137181,40.82681442788618,15.580558708467205,6.657368326424519,13.557799305492049,23.781527512130545,12.506274042380214,15.669352613702031,23.084894188504677,1,1,1,0,1,1,-1,1,1,1,0
61,2008-04-01,26.73576131008201,38.714797058640336,33.96615527478413,41.223801287496336,16.095532519260697,7.073869594711657,13.403112404904736,25.460048845768057,12.826865977392654,15.808189891648151,23.03690290261754,0,0,1,0,1,1,-1,1,1,0,0
62,2008-05-01,27.160775466590803,39.26040659064717,34.92105610302417,41.45150669616232,16.464364957159287,7.441718047535582,13.27244756712343,26.547674655890347,13.096371271759576,15.8774448702851,23.11241995611983,0,0,0,0,1,1,-1,1,1,0,0
63,2008-06-01,27.57128567963156,39.601831627823806,35.551244552339654,41.56505288863377,16.87381122143308,7.849347366896224,13.08111304619876,27.84979021616988,13.226256440157066,15.996177337733869,23.174914675531497,0,-1,0,-1,0,1,-1,1,1,0,-1
64,2008-07-01,27.809474956544022,39.7674420886027,35.90665489411074,41.5790998303674,17.223171367510748,8.274601929098088,12.945247116159203,28.91648201563663,13.339911723459457,15.972072762739751,23.15203796965493,-1,-1,-1,-1,0,1,-1,0,0,0,-1
65,2008-08-01,27.89420901893429,39.76529796301449,35.98755918019105,41.507827529561695,17.35916081783978,8.464963046598319,12.826939901039564,29.357385078440167,13.398749738013796,15.954714476211448,23.14259470058316,-1,-1,-1,-1,0,1,-1,0,0,0,-1
66,2008-09-01,28.038238952517474,39.77948348176078,36.06883829165521,41.46414083073602,17.64904492488458,8.983212417001166,12.684100776914851,29.997267775057363,13.565579882544773,16.033393444598683,23.141017670886335,-1,-1,-1,-1,-1,1,-1,-1,0,0,-1
67,2008-10-01,27.970969242908662,39.59913468217082,35.99912892010336,41.18355732862085,17.73518262540454,9.254786621237228,12.409097144928165,30.212197934460267,13.71420996585108,15.967159688430014,23.1781296518447,-1,-1,-1,-1,-1,0,-1,-1,0,0,0
68,2008-11-01,27.58323972761804,39.09799304509436,35.72315606221613,40.47634053322876,17.673315016463004,9.374812896512111,12.0718012844424,30.095358429823744,13.850904327115412,15.860012595228486,23.096515633523467,-1,0,-1,0,0,0,-1,-1,-1,0,0
69,2008-12-01,26.999017643594065,38.14560049199001,34.965437722036064,39.32945549717958,17.3934569739783,9.440707636084875,11.487247785458749,29.525215687346773,13.805984828542472,15.736956809702498,22.760462452329445,0,0,0,0,0,0,-1,-1,-1,0,0
70,2009-01-01,26.604362720681547,37.67852081320386,34.64224502150503,38.73789397907741,17.147221457230096,9.482869317152836,10.839417328808116,29.22877163657476,13.714379855753236,15.568990288963716,22.605144267417455,0,0,0,1,0,0,-1,-1,-1,1,0
71,2009-02-01,26.447569978518764,37.62738360663254,34.293762902334514,38.91856524307023,16.966562421042294,9.524940739830262,10.169495449262843,28.92452177705978,13.732011364565947,15.676594562466091,22.39892941063139,0,1,0,1,0,1,0,0,-1,1,0
72,2009-03-01,26.27142317690441,37.44781853883507,34.029184518022284,38.80226000775207,16.816765058026615,9.613099571027682,9.690256882242746,28.57668692770395,13.61849180554397,15.76367226806009,22.26947752689881,1,1,1,1,1,1,0,0,-1,1,1
73,2009-04-01,26.28808623339356,37.63621128958598,33.981416356424695,39.175860996629794,16.75028225593126,9.796319489531658,9.41213468638036,28.382161125205087,13.47729838712146,15.794800608154985,22.187423159614838,1,1,1,1,1,1,1,1,0,1,1
74,2009-05-01,26.378933938797974,37.726475820131085,33.962054621710344,39.35156231616671,16.833467891957053,10.041348531017782,9.463655569031385,28.411558800187365,13.333921440849938,16.015720929425722,22.14624641842087,1,1,1,1,1,1,1,1,0,1,1
75,2009-06-01,26.5277584263087,38.01621224455506,34.143794375991035,39.72895086673015,16.937950507658314,10.314797536514414,9.430554591940162,28.371640992542314,13.188110860528385,16.371553873984457,22.418207857343138,1,1,1,1,1,1,1,0,0,1,1
76,2009-07-01,26.751012742937277,38.53208892818491,34.558287706751834,40.331058184210605,17.062926581052533,10.530572790596723,9.47714806009868,28.356603079610093,13.149171173860582,16.756276816656293,22.622380203689204,1,1,1,1,1,1,1,0,0,1,1
77,2009-08-01,26.950805723918094,38.81242756706024,34.78456506574884,40.65778610576633,17.243460957622244,10.891416962249249,9.483159078234875,28.3991379134202,13.10597985319108,17.168429337872627,22.96094649640809,1,0,0,1,1,1,1,0,1,1,1
78,2009-09-01,27.45764895023775,39.45170143044749,35.31613053876615,41.390611206258185,17.806171152785094,11.954795208643963,9.793726735210164,28.77665795602609,13.19255129375128,18.03265708938796,23.32372779105795,1,0,0,0,1,1,1,0,1,1,1
79,2009-10-01,27.6629531950866,39.57227460542975,35.45382157950708,41.50282275615199,18.140165898429423,12.510212821591429,10.084183607883356,28.93462758480536,13.244194814399703,18.657778717737163,23.589025160199093,1,0,0,0,1,1,1,0,1,1,1
80,2009-11-01,27.847024797736,39.50969451642118,35.41309884381388,41.42435040243876,18.60502046945164,13.611622446049894,10.27001870179758,28.980744651356776,13.244413125675884,19.41409135118674,24.015659021705797,1,0,0,0,1,1,1,-1,1,1,1
81,2009-12-01,27.937961368002185,39.45664499764499,35.38568201343008,41.35180734106687,18.890893257974938,14.260892308194132,10.520894788656255,28.90710603882852,13.3456649259705,19.839166534800025,24.24410159744287,1,0,-1,0,1,1,1,-1,1,1,1
82,2010-01-01,28.019639263957107,39.48546762027104,35.36304755252643,41.419436975920206,19.106046479770637,14.743266331759056,10.63680092830676,28.88478714548664,13.449842160321865,20.15118376437408,24.442170088145712,1,-1,-1,-1,1,1,0,-1,1,1,1
83,2010-02-01,28.256321653734517,39.61385598901791,35.39136408947852,41.62387822722181,19.513718972619817,15.738889660885055,10.704200141978305,28.82959859596703,13.577138815549391,20.909700952065467,24.67707694866369,0,-1,-1,-1,1,1,0,-1,1,1,1
84,2010-03-01,28.42100891749332,39.56340781717639,35.33017151837276,41.58123235303289,19.91474041742703,16.884635199902746,10.73407682424047,28.82016419413467,13.738186834285733,21.171166688661405,24.91454437240016,0,-1,-1,-1,1,1,0,-1,0,1,1
85,2010-04-01,28.52892034015836,39.43171480491163,35.131830611573456,41.49652844452757,20.33585672689691,18.08292574625486,10.838097541398923,28.63342127050877,13.88488713090093,21.68081632334241,25.181258993301704,0,-1,-1,-1,1,1,0,-1,0,0,1
86,2010-05-01,28.54112387158805,39.190776520759634,34.92161866158682,41.22925142236339,20.66094113426024,19.0267833457935,10.933113805520048,28.36833013904669,14.066921689964463,21.98889084712998,25.529049873620878,0,-1,-1,-1,0,1,0,-1,0,1,0
87,2010-06-01,28.483336487771773,38.82569750739465,34.50223548675386,40.8974244395324,20.86466701670233,19.871608812729303,10.917155580397528,27.92160634990185,14.309683324547729,22.08383233214353,25.629883033441157,0,-1,-1,-1,1,1,0,-1,0,1,0
88,2010-07-01,28.37487697454253,38.48178277270578,34.151125500876844,40.55293988017326,20.941018998704028,20.419977600327424,10.855407482299578,27.38028980828535,14.36352419729135,22.162732717826845,25.823432022880628,1,-1,-1,-1,1,1,0,-1,0,1,0
89,2010-08-01,28.30884654481554,38.17544653767012,33.85366900404784,40.23494068994627,21.09762592925926,20.972781290449365,10.846168209921617,27.079389221888437,14.526194773224734,22.418777862707792,25.79118595340925,1,-1,-1,-1,1,1,1,-1,1,1,1
90,2010-09-01,28.37202113374016,37.980423958877466,33.61466647292358,40.06931415790538,21.37718928316776,21.72928649175204,10.95059424586322,26.811213179410885,14.663438680745076,22.80271230854432,26.0256744268946,1,-1,-1,-1,1,1,1,-1,1,1,1
91,2010-10-01,28.509461968454964,37.80600635463888,33.41058193992996,39.91478761794121,21.816300517725058,22.768590414140203,11.119038828907204,26.673841330218117,14.966327443376407,23.324050458367125,26.215862635588245,1,0,-1,0,1,1,1,-1,1,1,1
92,2010-11-01,28.814101358135265,37.67027049188361,33.26454701810568,39.785473651879705,22.44498246449964,24.16963275790786,11.422248202621269,26.457283233659908,15.39652367575246,24.110727839026413,26.528678391000128,1,0,0,0,1,1,1,-1,1,1,1
93,2010-12-01,29.160774170829168,37.65132351105447,33.21054781961153,39.7918906509795,23.10717501216713,25.349174854252517,11.726698212378809,26.34512214110042,16.117491705001576,25.265360215732617,26.70376037083327,1,0,0,0,1,1,1,0,1,1,1
94,2011-01-01,29.54140831873138,37.68603987266579,33.19905637531579,39.86130509226152,23.77484558372475,26.49141957359869,12.108416734794975,26.303688986737427,16.82236098033311,26.15933566762196,27.10892009093228,1,0,-1,0,1,1,1,-1,1,1,1
95,2011-02-01,30.199800127139376,37.77072357606993,33.2218212882418,39.99467148092671,24.916055331305078,28.192519337226297,12.96022284782595,26.289457941211708,18.23171089087238,27.76818721622466,27.763915434703332,1,-1,-1,-1,1,1,1,-1,1,1,1
96,2011-03-01,30.9515214025429,37.73046220679189,33.14570490571212,39.98369788383698,26.178219824847528,30.01267413259336,14.054692014322304,26.270942796065967,19.93416921100949,29.20497310274009,28.759460081448307,1,-1,-1,-1,1,1,1,-1,1,1,1
97,2011-04-01,31.63261940753026,37.63846125942123,33.0485085081966,39.89710903426072,27.475855022362477,32.036786324022785,15.126132258434504,26.21783170662195,22.067378346387702,30.100372724847,29.52641253226155,1,-1,-1,-1,1,1,1,-1,1,1,1
98,2011-05-01,32.237266941526684,37.54066691322427,32.98555092908772,39.77380995897323,28.659299387809646,33.65453005241152,16.230346935937227,25.99394154891767,24.319971192941527,30.94554510005364,30.57676421491928,1,-1,-1,-1,1,1,1,-1,1,1,1
99,2011-06-01,32.6540702982945,37.43084613229266,32.90999864236507,39.63589643365463,29.52894013927496,34.63738635195699,17.096302422079766,25.882137124152788,25.81803050725084,32.465458632512615,31.69254077000757,1,-1,-1,-1,1,1,1,-1,1,1,1
100,2011-07-01,32.997757422381454,37.26331540322586,32.794042204414275,39.42584060509517,30.24699304873792,35.40233228032436,17.87944802442032,25.674335889454703,26.96396479292665,33.97300256622788,32.412583201781366,1,-1,-1,-1,1,1,1,-1,1,1,1
101,2011-08-01,33.3789430107792,37.08106168876497,32.59291251039485,39.25677119018322,30.9455342914038,36.111032597697495,18.78889169170269,25.51071762912752,28.196907484309016,35.144156785198895,33.01648144316364,1,-1,-1,-1,1,1,1,-1,1,1,1
102,2011-09-01,33.71204394572986,36.85278770060314,32.349807510198744,39.03928603017096,31.584771164356777,36.79027079582538,19.822992470516787,25.22142770686477,29.3152721377577,36.005777693130106,33.69286753407215,1,-1,-1,-1,1,1,1,-1,1,1,1
103,2011-10-01,33.942205000861705,36.62940143103024,32.15681859620246,38.79234276251922,32.023381528328,37.22638152358003,20.541235290832144,24.876258574238925,30.174204132390404,36.60559186342487,34.41329895100088,1,-1,-1,-1,1,1,1,-1,1,0,1
104,2011-11-01,34.24001902291966,36.44655625942778,32.01187568487895,38.579671925056864,32.57967457055875,37.90396788230501,21.64106149717383,24.5614236304316,30.619394593312883,36.76788056841185,35.97956542644469,0,-1,-1,-1,1,1,1,-1,1,0,1
105,2011-12-01,34.36118467052099,36.32803547273989,31.92349156113048,38.43697104617275,32.78260444959308,38.08128863941802,22.061635183732804,24.417639932312888,30.94485415103717,36.78484928098326,36.64329844680159,0,-1,-1,-1,1,0,1,-1,1,0,1
106,2012-01-01,34.475459797298896,36.2228365448764,31.86551758305054,38.29436135869063,32.987196492552805,38.31912195910158,22.509051856605478,24.14029859579409,31.365002819955,36.678350353192855,37.22822278720888,0,-1,-1,-1,1,0,1,-1,1,0,1
107,2012-02-01,34.570321416379166,36.11593448343415,31.79121225923735,38.16091290096532,33.17962315503279,38.3923701908784,22.937132014302115,23.925230714810954,31.72522817845717,36.77051607232403,37.98168052751578,0,-1,-1,-1,1,0,1,-1,1,-1,1
108,2012-03-01,34.65284447174027,35.9301204404506,31.63859465510888,37.94738449697056,33.422684923083274,38.40542912122435,23.52931370975025,23.6207630776445,32.20472238477314,36.81686228445986,39.03966993301314,-1,-1,-1,-1,1,0,1,-1,1,-1,1
109,2012-04-01,34.695723936654375,35.62181262737638,31.418915101533024,37.5668236370672,33.61826312366756,38.50157641918523,24.00809658085128,23.170403096667,32.59656411420333,36.761989283544686,40.04894343330422,-1,-1,-1,-1,0,-1,1,-1,1,-1,1
110,2012-05-01,34.67177500442152,35.433376005827974,31.24163160784593,37.36643959410122,33.67643964623498,38.439962018387824,24.323235287934228,22.794058418030065,33.039973272845536,36.723888971992864,40.27853522331729,-1,-1,-1,-1,-1,-1,1,-1,1,-1,1
111,2012-06-01,34.60842203252679,35.22483582478852,31.061601771112247,37.13272773927485,33.67443592743831,38.34178557462749,24.50654499833905,22.508731866937275,33.23234254094964,36.65364159562394,40.54421459681205,-1,-1,-1,-1,0,-1,1,-1,1,-1,1
112,2012-07-01,34.49447851300473,34.86269939298572,30.71193085593706,36.754093962009335,33.65627993048223,38.24429167889601,24.741411474269523,22.238474474041745,33.29335947295748,36.4445834611894,40.81963405025766,-1,-1,-1,-1,0,-1,1,-1,1,-1,1
113,2012-08-01,34.37902987533803,34.539732211541335,30.47061104510122,36.36261203474079,33.656230636458325,38.17565999216345,25.01901603080676,22.052316954939823,33.26256481881597,36.347012948260215,40.99305108683429,-1,-1,-1,-1,0,-1,1,-1,1,-1,1
114,2012-09-01,34.209474789197955,34.07218586531267,30.09609821266461,35.815224250119364,33.63200331881171,38.06047891161802,25.352798132125223,21.60224809931752,33.34037042322071,36.155858871037125,41.22146138950204,-1,-1,-1,-1,0,-1,1,-1,1,-1,0
115,2012-10-01,34.02898423179877,33.58842559620632,29.56577326821826,35.35899364436796,33.60925150433456,37.89346546514483,25.79655345275768,21.08809514249261,33.476172424784565,36.04414528335431,41.330714176159006,-1,-1,-1,-1,0,-1,1,-1,1,-1,0
116,2012-11-01,33.8936273600885,33.243929869796325,29.227773568833133,35.00358141241562,33.582259403173445,37.75077224598339,26.174324802567376,20.653067218259384,33.642219046073365,35.95237926019194,41.32039930193945,-1,-1,-1,-1,0,-1,1,-1,1,-1,0
117,2012-12-01,33.785330695807126,32.941427911876694,29.011864723157103,34.62830419514568,33.55314890683542,37.56368332283029,26.45964492622046,20.43970421772558,33.79113908768348,35.810453241560865,41.30245159048179,-1,-1,-1,-1,0,-1,1,-1,1,-1,0
118,2013-01-01,33.68881830909945,32.642327805729295,28.734381896343866,34.30653231266964,33.51197686379108,37.3963293049917,26.71134380346348,20.298376906094084,33.847120391581825,35.65037252696529,41.23539907714581,-1,-1,-1,-1,0,-1,1,-1,1,-1,0
119,2013-02-01,33.5929094194017,32.4095041221619,28.525611158943832,34.05076802035622,33.484403118067874,37.28605660448429,26.94052303587533,20.11463264916519,33.90322451609937,35.53884640138865,41.16522390829539,-1,-1,-1,-1,1,-1,1,-1,1,-1,1
120,2013-03-01,33.501812524695964,32.1719172648452,28.23268842986821,33.85207175244192,33.488847256804064,37.17547823187266,27.454694413759373,19.65771880675512,33.979824536734284,35.429928414509035,41.19504189872463,-1,-1,-1,-1,1,-1,1,-1,1,-1,1
121,2013-04-01,33.49411081705243,32.037514726616465,28.06267384358567,33.744681012683856,33.570820936839915,37.13663348812211,28.06482842917316,19.35984016547885,34.16750514814823,35.35424104623135,41.2665254885979,0,-1,-1,-1,1,-1,1,-1,1,0,0
122,2013-05-01,33.50736002352625,31.976947288734078,27.9442847371728,33.72900968961188,33.65719243968397,37.09576480725244,28.65217844642584,19.16490519618362,34.33210231852557,35.36546694658386,41.27374968804008,0,-1,-1,-1,1,-1,1,-1,1,0,0
123,2013-06-01,33.43501733309669,31.803512595519063,27.749892892616213,33.56915962452842,33.72803714211217,37.01746771274704,29.27965418881388,18.95874744891896,34.44756006843964,35.34159619053315,41.28433892952162,0,-1,-1,-1,1,0,1,-1,1,0,0
124,2013-07-01,33.37062793959785,31.511664141165785,27.443607686876696,33.284370069844,33.77952970812233,36.92400994455853,29.828375381312828,18.789818207936136,34.566810149555955,35.23560761791346,41.3093619546167,0,-1,-1,-1,1,0,1,-1,1,0,0
125,2013-08-01,33.2556774666002,31.2025236189903,27.03047841324836,33.051903948352,33.7760256855321,36.89276623885623,30.101015432592167,18.52789291056943,34.642993656622295,35.178994922046584,41.31481693711383,0,-1,-1,-1,1,1,1,-1,1,1,1
126,2013-09-01,33.17797172436705,31.01462480136548,26.81251284430344,32.887109686946125,33.84231724935507,36.89697972788839,30.639183747129007,18.33809674448689,34.679397001256675,35.18105278711042,41.30008805574726,1,-1,-1,-1,1,1,1,0,1,1,1
127,2013-10-01,33.205613735499384,30.90165372869027,26.702508769569285,32.77343579456821,34.01071139068318,36.92131723871197,31.400330276205136,18.319708887238683,34.78929100374415,35.199165279738324,41.3540683201344,1,-1,-1,-1,1,0,1,0,1,1,1
128,2013-11-01,33.24579501902065,30.754021571120767,26.553473709306814,32.627402575621964,34.20469492816381,36.944023464178485,32.248291096620285,18.212568665692743,34.97241158737361,35.263605781723314,41.43890160858725,1,-1,-1,-1,1,0,1,0,1,1,1
129,2013-12-01,33.30801271967213,30.62688157604184,26.44002323181791,32.489032910670325,34.39305600060286,36.93951089292258,33.014781350165514,18.12629271117136,35.209390218305785,35.32938256520477,41.5464597138782,1,0,-1,0,1,1,1,1,1,1,1
130,2014-01-01,33.30849175004616,30.531746514407036,26.337419192213048,32.3984560989204,34.447594448149275,36.93067514655845,33.31125772387074,18.088718763296235,35.28137935975505,35.33142035697833,41.55878670475956,1,0,0,0,1,1,1,1,1,1,1
131,2014-02-01,33.35872771536013,30.50644235410629,26.31716147373003,32.37005412851291,34.575162083144,36.94820848129515,33.80530982663378,18.099528763426942,35.41479343171133,35.34378554892533,41.611465451183534,1,0,0,0,1,1,1,1,1,1,1
132,2014-03-01,33.51269523240995,30.56192146233567,26.347264565568317,32.447470050719964,34.78472723836234,37.00057289742757,34.51693944898791,18.21929589923109,35.51821173137338,35.406209663033266,41.80380961904367,1,0,0,0,1,1,1,1,1,0,1
133,2014-04-01,33.6106175169739,30.537825547553453,26.333798306764788,32.4171069447994,34.9793084908624,37.08871490217016,34.92038204904741,18.41315129243773,35.72709899477967,35.43127008897537,42.0418290615927,1,0,0,0,1,0,1,0,1,0,1
134,2014-05-01,33.61228735366378,30.47120096554693,26.249698302540143,32.36491839370629,35.02418340639474,37.08590112565739,35.04883485606558,18.382071139160782,35.85093252038569,35.42410279163812,42.19557820350512,1,0,0,0,1,1,1,1,1,0,1
135,2014-06-01,33.62501768576402,30.380602486288705,26.158338534783336,32.274736923486635,35.105660408835,37.10235106818112,35.30131055722215,18.399445186862483,35.98231399423524,35.371426555071665,42.32100921658557,1,1,0,1,1,1,1,1,1,1,1
136,2014-07-01,33.65841050703363,30.354844021213733,26.113975760520987,32.264247568488855,35.17557910476244,37.10350620268839,35.500951480968126,18.44634369595485,36.10207988615596,35.357266754342945,42.42446147524481,1,1,0,1,1,1,1,1,1,1,1
137,2014-08-01,33.7284636884076,30.346562244215352,26.069025451949702,32.285262472887204,35.27039591941634,37.1364250184068,35.74917659346935,18.512816124781,36.18333895860384,35.3632308031792,42.58033296663294,1,1,1,1,1,1,1,1,1,1,1
138,2014-09-01,33.905279701764975,30.517486747177635,26.16381761755844,32.51934370139979,35.457986313322195,37.273339912792025,36.112689004588646,18.7215460028171,36.34539404937481,35.370077238216034,42.742667500919566,1,1,1,1,1,1,1,1,1,1,1
139,2014-10-01,34.10349179947308,30.672530742498864,26.26565472942956,32.71984391875037,35.69036894063727,37.4128818469437,36.64161721077805,18.950749603127665,36.49642870605502,35.43876076938465,42.96310282168849,1,0,1,0,1,1,1,1,1,1,1
140,2014-11-01,34.223514219850344,30.6924544048142,26.2941282104147,32.73514044259113,35.887903710170335,37.50241464795944,37.141504157198334,19.044369708589105,36.68686592943515,35.46437246770592,43.15159754074634,1,0,1,0,1,1,1,1,1,0,1
141,2014-12-01,34.32078953764834,30.637961565097232,26.28957683275229,32.64259919520492,36.09611757038551,37.60333895282309,37.61860491076675,19.072437596388987,37.05874487345394,35.46296238155419,43.3221128513556,1,1,1,1,1,1,1,1,1,0,1
142,2015-01-01,34.36861245775394,30.621808913375485,26.29546090965176,32.609656328393214,36.23057296008509,37.66971479744007,37.92096086013439,19.14197705829421,37.33636176744151,35.433588519985825,43.419962914876685,1,1,1,1,1,1,1,1,1,0,1
143,2015-02-01,34.492797204271746,30.66631519732825,26.360165765363625,32.64052940271668,36.44038340427113,37.77544107930037,38.34532176880222,19.314573774292903,37.64440995328056,35.42631929679546,43.673187038997504,1,1,1,1,1,1,1,1,1,0,1
144,2015-03-01,34.73001661978679,30.87059286232709,26.609966911076743,32.81468213049067,36.775024687697176,38.0196379675628,38.93861914699516,19.672752055000704,38.05410316260783,35.42641043695436,43.919395447397854,1,1,1,1,1,1,1,1,1,0,1
145,2015-04-01,35.03118053531231,31.11520194905912,26.84371027238605,33.073754879981294,37.17708843815371,38.29877283538443,39.66343792957174,20.185845570477813,38.47892056943494,35.48432225806978,44.14350509547221,1,1,1,1,1,1,1,1,1,0,1
146,2015-05-01,35.25548514677859,31.253963919274707,26.96669517304093,33.22881470023211,37.54286056867567,38.54962876518045,40.33552891589748,20.637246542606693,38.95091611494905,35.501335536850306,44.32764807368766,1,1,1,1,1,1,1,1,1,0,1
147,2015-06-01,35.51927696101207,31.45547205552112,27.10104183949158,33.48768331794591,37.94788728235724,38.89113994891085,41.04688284008572,21.155010881845293,39.34584846310959,35.494827286607,44.60885745062694,1,1,1,1,1,1,1,1,1,0,1
148,2015-07-01,35.73349352276213,31.634944017950744,27.251873301562807,33.695702486247626,38.249181445066974,39.123667344145126,41.60863045314972,21.619101516052403,39.5180615728817,35.49055311353001,44.82926197447993,1,1,1,1,1,1,1,1,1,-1,1
149,2015-08-01,35.963911383493205,31.882643067661515,27.474524822061152,33.96836059481266,38.59031224611054,39.43061603189379,42.18371817913444,22.04280544788176,39.82800719861777,35.506043514088255,45.03404191784026,1,1,1,1,1,1,1,1,1,-1,1
150,2015-09-01,36.26083637412332,32.238286989411165,27.84453212149388,34.3224460473392,38.9680539739405,39.77964563260873,42.85643802638039,22.55147914057076,40.06895818587486,35.49041139874752,45.34140108907009,1,1,1,1,1,1,0,1,1,-1,1
151,2015-10-01,36.41153467232006,32.43574456993928,28.05018948040402,34.519090855768376,39.15921645092403,40.02523919094775,43.14701411410955,22.753090598737757,40.25207796959856,35.47020109882725,45.44686645173272,1,1,1,1,1,1,0,1,1,-1,1
152,2015-11-01,36.6484107267584,32.77075211623453,28.356755556601804,34.88419984028567,39.4685581481297,40.47356351577958,43.42729862148042,23.120445852364824,40.56149029990409,35.45694300108717,45.79825253140862,0,0,0,0,1,1,-1,1,1,-1,1
153,2015-12-01,36.697206847783455,32.86209269305678,28.451061339630463,34.97745657222729,39.5572344469167,40.67880218364883,43.43230927643474,23.187964246732328,40.71494081647849,35.406149306981575,46.00001859944551,0,0,0,0,0,1,-1,1,0,-1,1
154,2016-01-01,36.708956289236745,32.858393210344275,28.4302920088322,34.99070930153066,39.60883357254675,40.76767343824575,43.33017964518655,23.29808310097013,40.76009992258648,35.38086418068096,46.25255285787369,0,1,0,1,0,1,-1,1,0,-1,0
155,2016-02-01,36.730737486100445,32.89354328514983,28.48227625421257,35.01743691626472,39.642567449942256,40.85527220741903,43.22353913357844,23.42756238220992,40.79841605359662,35.36878893873863,46.37033614982862,0,1,1,1,0,1,-1,1,-1,-1,0
156,2016-03-01,36.69755650808179,32.87896909196209,28.479005691519127,34.99590405183064,39.60471663235708,40.88669440980226,43.04318120588231,23.410242128936257,40.79383012534408,35.31683396548166,46.42362630068725,1,1,1,1,0,1,-1,1,-1,-1,0
157,2016-04-01,36.68117764065656,32.907312175704035,28.49426275589492,35.03794708698164,39.582226808023805,40.94894186173609,42.92023149371517,23.409933506466327,40.73109295523504,35.26982953366048,46.4662980547595,1,1,1,1,1,1,-1,1,0,0,-1
158,2016-05-01,36.69402148838184,33.05699402615983,28.5777109610089,35.24449959040879,39.56809707617157,41.03051100712524,42.72475403570999,23.508889483619296,40.71069035011091,35.2282841812995,46.42292575362967,1,1,1,1,1,1,-1,1,0,0,-1
159,2016-06-01,36.72589241126698,33.29032877295558,28.70780869032498,35.564740763979096,39.57611584358653,41.11341853511938,42.55252608038104,23.63814534358459,40.71489453710308,35.23031977099188,46.38386734751563,1,1,1,1,1,1,-1,1,0,0,-1
160,2016-07-01,36.80519799039998,33.64403437361369,28.95661396184735,36.00840335522935,39.617736962960464,41.33379314062012,42.35850139491094,23.829914581664227,40.70486692264824,35.201567596972204,46.37501773033089,1,1,1,1,1,1,-1,1,0,1,-1
161,2016-08-01,36.88675245619728,34.032177265134855,29.24313020627557,36.483766834162736,39.65659270922047,41.55042744395178,42.14875160116483,23.97611349315735,40.68908223134861,35.21933737952675,46.33799811975444,1,1,1,1,1,1,-1,1,0,1,-1
162,2016-09-01,36.97037234568472,34.33524602888415,29.4550733270566,36.86460273081643,39.68508766984675,41.6960122980712,42.037166824515694,24.09239629016753,40.65642139124165,35.20703171452441,46.31488723089971,1,1,1,1,1,1,-1,1,1,1,-1
163,2016-10-01,37.137538804367445,34.81770128744779,29.83521957562938,37.43516817409749,39.79443748040728,42.01957612670055,41.90419747329977,24.376134580219425,40.6495524178706,35.247401655119695,46.29261395178292,1,1,1,1,1,1,-1,1,1,1,-1
164,2016-11-01,37.31410124319509,35.26251879369487,30.285620527658075,37.88618147325887,39.93494803753472,42.49648571968976,41.66460963690872,24.662917735287618,40.692190459397125,35.314479846261015,46.24397558118522,0,0,0,0,1,1,-1,0,1,0,-1
165,2016-12-01,37.34277337799759,35.32574659496421,30.3985370858554,37.913645456780685,40.001579487882886,42.77167006107007,41.55362713457521,24.7667777035596,40.71139751632671,35.307904586454626,46.17607960440266,0,0,1,0,1,1,-1,0,0,0,-1
166,2017-01-01,37.33674271441835,35.33219493770744,30.45486535702284,37.882622764677706,40.016367707948014,43.01296321516774,41.36992143804308,24.72774291937893,40.7167835855354,35.293297426814775,46.1097535808924,1,1,1,1,1,1,0,1,0,1,-1
167,2017-02-01,37.3235520085079,35.35110542159349,30.497984990120187,37.88336008061467,40.01970950268129,43.12880453804565,41.255919142800224,24.687805189293,40.73878995283231,35.29316709661406,46.05776416480334,1,1,1,1,1,1,0,1,0,1,-1
168,2017-03-01,37.32433267255709,35.41281283877023,30.55174391276336,37.95205884999572,40.02963996212543,43.2166891029009,41.16741418911791,24.70387510052153,40.75419284592017,35.31495632125753,46.00888268541705,1,1,1,1,1,1,0,1,0,1,-1
169,2017-04-01,37.34161763006726,35.49729864976747,30.6282987242357,38.04404505800957,40.048043570077255,43.30718496344886,41.10021622765355,24.743284010311555,40.75643928947529,35.345984370918686,45.96666573328011,1,1,1,1,1,1,0,1,1,1,-1
170,2017-05-01,37.37259942907144,35.64001599051541,30.72891738309981,38.22126908296803,40.071855582221794,43.39812644915755,41.054925940509925,24.805972491679388,40.74603325387762,35.370606885113645,45.935408975534806,1,1,1,1,1,1,1,1,1,1,-1
171,2017-06-01,37.519944043964415,36.20989580784358,31.27201238636796,38.82134467784202,40.13134052350628,43.554242978741726,41.013529738123175,24.911373272779365,40.78834010638184,35.447005418161666,45.8410521102962,1,1,1,1,1,1,1,1,1,1,-1
172,2017-07-01,37.69413826286198,36.779988247569385,31.90011447816105,39.35803333886207,40.24435978744322,43.76939595376809,41.01957880463547,25.185236655700205,40.817667465181415,35.51909627905065,45.77274407509511,1,1,1,1,1,0,1,1,1,1,-1
173,2017-08-01,37.88595078572584,37.45980218532737,32.61882107810338,40.01806106811226,40.35967461581718,43.949769978331744,41.1142264994858,25.407800046381656,40.86308605479345,35.64030280529882,45.642712910404434,1,1,1,1,1,0,1,1,1,1,-1
174,2017-09-01,37.93617203295946,37.58097228446161,32.79151141531905,40.10102383868981,40.40314145239399,43.96549637179685,41.20533894010314,25.532358070265136,40.91037758280535,35.699114300593976,45.51331721863905,1,1,1,1,1,-1,1,1,1,1,-1
175,2017-10-01,38.00325868650564,37.86850635738389,33.06597949371137,40.40318514577209,40.43577094614125,43.96010948237653,41.28524091433962,25.609913748735767,40.95792454164036,35.76540880006742,45.40785237729318,1,1,1,1,1,-1,1,1,1,1,-1
176,2017-11-01,38.08818032863247,38.26132994772338,33.43119804071492,40.82322081060946,40.46477456498113,43.94231131890255,41.38693000526011,25.66113402614296,41.04873494058164,35.820563069489594,45.295610434337,1,1,1,1,1,-1,1,1,1,1,-1
177,2017-12-01,38.174661140675575,38.69033327628471,33.75574689970124,41.33693958133668,40.49007055504653,43.90521957669839,41.42358605677334,25.68349341390381,41.19531346572594,35.92071419309949,45.170622668252975,1,1,1,1,1,-1,1,1,0,0,-1
178,2018-01-01,38.32293280641388,39.42234324135089,34.24380463800785,42.26067280390283,40.50958441573145,43.85450557735005,41.47091868623403,25.734186171704387,41.30343459242993,35.986597015329195,45.13446504535858,1,1,1,1,1,-1,1,1,1,0,-1
179,2018-02-01,38.47399052174187,40.078285176580486,34.7458277337998,43.03844164198436,40.52664537288129,43.82813485577462,41.51100115847931,25.778191300362707,41.36003136515437,36.0090717105316,45.118585390294086,1,1,1,1,1,-1,1,1,1,1,-1
180,2018-03-01,38.67547819588361,40.91759224302695,35.557997712959406,43.91020041015417,40.54784894655049,43.7540351531318,41.60928225623898,25.82619473514868,41.43445364868381,36.08396517723437,45.07692916028218,1,1,1,1,1,-1,1,1,1,1,-1
181,2018-04-01,38.79587017099806,41.5057665821357,36.11380768071674,44.53044097880306,40.5761403048588,43.72509930245691,41.78033797465729,25.85529292030295,41.52166066034864,36.132502117093054,44.85214365484158,1,1,1,1,1,-1,1,1,1,1,-1
182,2018-05-01,38.85784161536039,41.80815032580779,36.43978265413267,44.81849697492354,40.5908176213909,43.67057631298192,41.89973889018576,25.87346064661972,41.649061187040296,36.14421542949231,44.65835172822908,1,1,1,1,1,-1,1,1,1,1,-1
183,2018-06-01,38.91868904262773,42.079203132494335,36.72020552411824,45.085205270267785,40.6130781207765,43.616003798525234,42.0338669967127,25.8851821474803,41.764935276540186,36.178637182289854,44.55431799128832,1,1,1,1,1,-1,1,0,1,1,-1
184,2018-07-01,38.96042457584769,42.43606695621822,37.13452310227287,45.40430868440056,40.63103682054693,43.51184843286335,42.161868479241576,25.848593418647862,42.05527903941046,36.24707838672248,44.27026192965086,1,1,1,1,1,-1,1,1,1,1,-1
185,2018-08-01,39.13125777526013,43.1515261520466,37.824491032099,46.14538602338783,40.64525644900176,43.3755721860361,42.2624310321354,25.830003085673464,42.37442142642232,36.270252431332686,44.11083089045732,1,1,1,1,1,-1,1,1,1,1,-1
186,2018-09-01,39.83249599501533,45.3698432311545,40.23219713259812,48.25461900795139,40.76071202284975,43.291627622044096,42.50489698720419,25.8985561555085,42.82167458295728,36.47541134712842,43.9850083883538,1,1,1,1,1,-1,1,0,1,1,-1
187,2018-10-01,40.25436058006252,46.51662623525468,41.595722523335326,49.25919166320907,40.85623746720087,43.10085338910415,42.68013009556213,25.96087136403593,43.39132796734481,36.853148234209485,43.64146266479957,0,1,1,0,0,-1,1,0,1,1,-1
188,2018-11-01,40.34505837374132,46.8099323676684,41.997720624517264,49.47502282480557,40.91070474441074,42.88529415192357,42.81473552460354,26.029062105393123,43.85272700507868,37.23750818299715,43.223488214016335,-1,0,0,0,0,-1,1,0,1,1,-1
189,2018-12-01,40.368246266937454,46.915026086461125,42.15420993208265,49.54270052660241,40.98614330015174,42.829548774682536,42.90037309489514,26.022784533900797,44.31095291005824,37.42360023774155,43.04587712764983,-1,0,0,0,0,-1,1,0,1,1,-1
190,2019-01-01,40.36818682575182,46.911402665703584,42.18102569907403,49.51831549573706,40.9999394353795,42.81392174871813,42.92947932616448,26.050116371997667,44.466523595314285,37.47617307277716,42.9410853993631,0,0,0,0,0,-1,1,0,1,1,-1
191,2019-02-01,40.31837266837101,46.86409854659824,42.18003024751216,49.43660405892295,40.99621875261215,42.73620695995474,42.97567331196808,26.075731282508677,44.583574683817766,37.67540958080698,42.51586613064839,0,0,0,0,0,-1,1,0,1,1,-1
192,2019-03-01,40.2331618031414,46.81279001727252,42.17554731618057,49.34742546545628,40.98486038237111,42.6505297317002,43.02586456455134,26.072684413269364,44.6813027076965,37.86638243058653,42.12330906203003,0,0,0,0,0,-1,0,0,1,1,-1
193,2019-04-01,40.11415177359008,46.76302583005221,42.17592950250385,49.25688602196586,40.90290646396945,42.44508520442227,42.99560848449743,26.046031708282523,44.71051588231781,38.02364624435287,41.65747053634593,0,1,1,1,0,-1,1,0,1,1,-1
194,2019-05-01,40.0531435161623,46.74640225495666,42.169234599729045,49.23147870672152,40.86395363492484,42.34399705076788,43.01529190046707,25.95981707157307,44.719438829694255,38.165646758127295,41.44363334117162,0,1,1,1,0,-1,1,0,1,1,0
195,2019-06-01,39.95513725046731,46.71930214926444,42.13519543062886,49.20859045881286,40.8008692575775,42.14042145155008,43.07705088282895,25.87018398547852,44.717830951402576,38.26973233902497,41.19743119235388,0,1,1,1,0,0,1,0,1,1,0
196,2019-07-01,39.92575381335561,46.94834256585908,42.34491495888573,49.45644495903657,40.78444833749867,42.00563081932234,43.0956275887703,25.87236529913867,44.73973279220534,38.505480977557774,40.97113345771973,1,1,1,1,1,0,1,0,1,1,0
197,2019-08-01,39.9366190601812,47.202341168258485,42.59482033169984,49.71815317299172,40.75201238811554,41.80575843951775,43.11423723237219,25.85739729607401,44.75116721889072,38.721272199228665,40.85714893966782,1,1,1,1,1,0,1,0,0,1,0
198,2019-09-01,39.96328622383047,47.46726992416372,42.859249689353454,49.988100422504765,40.777913935229975,41.72224242085545,43.13314699658076,25.878825980212987,44.75868846688062,39.17932675897546,40.67355164360048,1,1,1,1,1,1,1,1,0,1,1
199,2019-10-01,40.031737525465175,47.79651600324658,43.090643914305545,50.39834213351625,40.86540086675544,41.6443131473586,43.148316788717466,25.94119529719826,44.74918147027032,39.99910575416681,40.60441938480514,1,1,1,1,1,1,1,1,1,1,1
200,2019-11-01,40.12034016831969,48.114886625331685,43.35490548500815,50.76331880900343,40.965469070216514,41.6370731422921,43.20744103298179,26.01110563853872,44.75218437925565,40.546982417975926,40.72880254819589,1,1,1,1,1,1,1,1,0,1,1
201,2019-12-01,40.3856401231716,48.69956891643367,43.76200389178274,51.49083904412127,41.23713073802606,42.02527041228322,43.31119836247325,26.10768394825811,44.73537042460608,41.556298084360975,40.909727989003045,1,1,1,1,1,0,0,1,0,1,1
202,2020-01-01,40.617262618306434,49.07419976152946,44.102100036006206,51.89704490505533,41.46944566236662,42.1441357228469,43.4353559408595,26.267222682869217,44.77169340908472,42.5382174883275,41.11801094593357,1,1,1,1,1,0,0,1,0,1,0
203,2020-02-01,40.890989055395856,49.35784374904527,44.3916548010256,52.17881193811407,41.66293432393008,42.20878550809735,43.60378105328918,26.56417530917215,44.78104800786891,43.17005083386391,41.28033187301256,1,1,1,1,1,0,0,1,0,1,0
204,2020-03-01,41.34403265723338,49.76638969578119,44.84016546925786,52.5615084892973,42.04596584079853,42.304118452434295,43.72151100478998,27.677330986077127,44.85555271176428,43.92694086727212,41.6358143389989,1,1,1,1,1,0,0,1,0,1,0
205,2020-04-01,41.51171178100434,49.876102495121856,45.0268358423285,52.61337570742272,42.22633058482022,42.35831442443051,43.74257598402309,28.263737788979743,44.86207957425227,44.33980782768163,41.7310682474028,1,1,1,1,1,0,1,1,0,1,1
206,2020-05-01,41.57889039769738,49.87684646256558,45.07034778717797,52.58141286693176,42.3113406131501,42.32879366123127,43.79128036939689,28.58420575279492,44.8364718264606,44.51077470035671,41.81486094072192,1,1,1,1,1,1,1,1,0,1,1
207,2020-06-01,41.86505510131597,50.13555032938909,45.413607390007854,52.78055075232788,42.54913641412729,42.38129962192576,43.9767909445804,29.141548331748936,44.82267029802161,45.04197906071739,42.02312736208143,1,1,1,1,1,1,1,1,0,1,1
208,2020-07-01,42.509589946003295,51.19066317258224,46.6517232164383,53.71516694643355,42.912307736992304,42.65527118107615,44.355840144132,29.83488201246503,44.81444588228734,45.62666687998316,42.27576798384862,1,1,1,1,1,1,1,0,1,1,1
209,2020-08-01,43.03191528889977,52.18022149396855,47.90202637888154,54.52392579481895,43.20775823024414,42.93581518642291,44.745805928950354,30.301251852525883,44.80788690184871,45.95845204928962,42.53016751398955,1,1,1,1,1,1,1,0,1,1,1
210,2020-09-01,43.53630454544905,53.05411886760665,49.04025715745674,55.21267892239269,43.517504046742566,43.19516339958279,45.29190156051895,30.59568273713707,44.80168403746491,46.40436528392453,42.84915831265592,1,1,1,1,1,1,1,1,1,1,1
211,2020-10-01,43.75949053010237,53.2790060407077,49.29207375522424,55.42398658042805,43.7395372371394,43.46615065275305,45.66367591105529,30.75261197008452,44.782422460113885,46.71589810965535,43.02616775749863,1,1,1,1,1,1,1,1,1,1,1
212,2020-11-01,44.46267395906205,53.81509512518403,50.06547974239629,55.790184735330506,44.60819755843829,45.06587405116103,46.707434084079104,30.947289658079708,45.05539426382427,47.49285691222504,43.96871360754888,1,1,1,1,1,1,1,1,1,1,1
213,2020-12-01,45.25836118980906,54.21493781020431,50.58719017117432,56.10454309816607,45.69856243271939,46.88101353628217,48.102834255406,31.364827710198963,45.49723767537062,48.01338027275815,45.78155661494194,1,1,1,1,1,1,1,1,1,1,1
214,2021-01-01,46.01316562113072,54.8140446689326,51.3353450044637,56.59943561484838,46.37782963795652,47.67025895492489,48.90203290402633,31.96279367735363,45.88013393281663,48.5378431410663,46.83897606877546,1,1,1,1,1,1,1,1,1,1,1
215,2021-02-01,46.92008360027764,55.45389925759716,52.11587853724647,57.14246591313851,47.15708770933093,48.49091293221869,49.59334914230377,32.950602282048095,46.35561591488197,49.55851207536157,47.527237737926654,1,1,1,1,1,1,1,1,1,1,1
216,2021-03-01,47.81431192108393,56.00367724726615,52.82780823985922,57.57587322230342,47.934545443527256,48.99272830900425,50.22198738418211,34.65964978374379,46.752977494240135,50.521279562512575,48.150348856379,1,1,1,1,1,1,1,1,1,1,1
217,2021-04-01,48.54437109314105,56.40031965695146,53.33354622844294,57.89432458390243,48.616083286713234,49.49908886956676,50.75622987635118,36.41833153014693,47.18852301900026,50.94381609931686,48.47493746684722,1,1,1,1,1,1,1,1,1,1,1
218,2021-05-01,49.17316535047102,56.82023545810605,53.80146836206963,58.28561152068429,49.26498976690487,50.12067891160543,51.26658969904005,37.83951474267867,47.55663208511153,51.468187254175454,48.69841548989127,1,1,1,1,1,1,1,1,1,1,1
219,2021-06-01,50.08866364621798,57.48582520999428,54.53593942922274,58.91216441951672,50.17839737483369,51.04436377810613,51.69255512171046,40.01173449736745,48.05791687926885,52.25711179084638,49.021487724522935,1,1,1,1,1,1,1,1,1,1,1
220,2021-07-01,50.787040681529646,57.96531162504716,55.087944799898914,59.343721553403896,50.83660419310997,51.82782340653802,51.91061388055135,41.43894661853119,48.42864381205988,52.96299180381442,49.22864521226632,1,1,1,1,1,1,1,1,1,1,1
221,2021-08-01,51.689418006553446,58.57891069618814,55.79299190937967,59.898342807799054,51.679792438501,52.6866767675852,52.048827263632006,43.3177105367845,48.99307551502257,53.8406185105823,49.7697836296154,1,1,1,1,1,1,0,1,1,1,1
222,2021-09-01,52.57155718263768,59.23700764997184,56.56204387277419,60.48173373117035,52.44205625125322,53.35727657671177,52.21060651318344,45.05722989386678,49.710631155873166,54.60339054553933,50.155680141531775,1,1,1,1,1,1,0,1,1,1,1
223,2021-10-01,53.1506999223866,59.64555850403897,56.94467841066767,60.92176899566898,52.996565667735005,53.79076088440189,52.27739186237466,46.235168534474205,50.51265771821656,55.209599680556046,50.42717193368071,1,1,1,1,1,1,0,1,1,1,1
224,2021-11-01,53.8238573089714,60.04441667764237,57.28576364829952,61.37842248306804,53.67676163692112,54.34182312706868,52.42726046180845,47.40676519547297,51.5353597255633,56.015927412608434,50.83843953081849,0,0,0,1,0,0,0,0,1,0,0
225,2021-12-01,54.06813190203381,60.187238800518415,57.37366952114662,61.57088844348442,53.93143236016561,54.52749439595871,52.393028332388845,47.96698731538467,52.125997142754585,56.26791131606289,51.029173560525386,0,0,0,0,0,0,0,0,1,0,0
226,2022-01-01,54.17592869466063,60.24980177747573,57.41824668455374,61.65022567472938,54.05018248008551,54.62321935820099,52.36916703703343,48.17194027781848,52.53023002091904,56.34527628007343,51.07263620329871,0,0,0,0,0,0,0,0,1,0,0
227,2022-02-01,54.22026897921265,60.266098570355375,57.42080296299721,61.67837383817286,54.084441956046014,54.64327739385983,52.32452631919383,48.29743884117417,52.74071883047122,56.28290662049165,51.08393479482687,0,0,0,0,0,0,0,0,0,0,0
228,2022-03-01,54.250114337653386,60.28467306324987,57.42432622247474,61.70964413577724,54.08106515882416,54.69123283059418,52.2563842466972,48.31440076500145,52.893870753466885,56.14818243541658,51.03531652470489,0,0,0,0,0,0,-1,0,0,0,0
229,2022-04-01,54.32081495811673,60.32836362837987,57.45265788983862,61.76694925312043,54.10728281923527,54.76074526786066,52.1352499446639,48.35227370013413,53.09448218964262,56.12425380573849,51.04942341469525,0,0,0,0,0,0,-1,0,0,-1,0
230,2022-05-01,54.4153330912098,60.40113237205021,57.4934318156292,61.86755268165653,54.17325605907058,54.82144646782644,52.08674826208382,48.45838213848413,53.42413467037168,56.068413924378,51.087526733568765,-1,0,0,0,-1,0,-1,-1,0,-1,-1
231,2022-06-01,54.41607756952994,60.43748605781354,57.50615104072397,61.92394709021393,54.113902961113006,54.86145317153546,51.91066585400505,48.21676565144672,53.70876416573898,55.94001646627469,51.0127081407118,-1,-1,-1,-1,-1,-1,-1,-1,0,-1,-1
232,2022-07-01,54.36534066301242,60.43771322234643,57.48899811260654,61.93839683001011,54.01502440096512,54.81272045671706,51.74557828333425,48.02340022174443,53.84141741766389,55.8131904960803,50.84251049865858,-1,-1,-1,-1,-1,-1,-1,-1,-1,-1,-1
233,2022-08-01,54.25098037246362,60.373387252407085,57.40052954050675,61.89211889541184,53.8570387971471,54.68782769722937,51.5436618102927,47.84308995077775,53.88649642676786,55.45781851751238,50.71153009286831,-1,-1,-1,-1,-1,-1,-1,-1,-1,-1,-1
234,2022-09-01,54.13034416017697,60.29087227983102,57.295750259808806,61.82594141054374,53.720567817360745,54.612573412466325,51.29110122479782,47.681349762362544,53.8436865847716,55.23010744710978,50.65521689971493,-1,-1,-1,-1,-1,-1,-1,-1,-1,-1,-1
235,2022-10-01,53.79909547471497,60.03284961907035,56.94984255085832,61.63229466532212,53.41371609917415,54.44105761618295,50.81999025346303,47.1068324933832,53.76877984357413,54.89702253184128,50.55455769638374,-1,-1,-1,-1,-1,-1,-1,-1,-1,-1,-1
236,2022-11-01,53.158495148504,59.564815884237056,56.393029116408734,61.22394919185255,52.61562459943403,53.87455191540976,50.008597757697416,45.79251521062201,53.2811393020778,53.76426191416763,50.16102116282932,-1,-1,-1,-1,-1,-1,-1,-1,-1,-1,-1
237,2022-12-01,52.52510029251008,59.18691090946776,56.00611356253938,60.84191052041138,51.89900681898887,53.245323754217885,49.29083782059145,44.74117465825992,52.73381694138721,53.0145851875634,49.45388862706391,0,0,0,0,0,0,0,0,0,0,0
238,2023-01-01,51.804205747699626,58.56039809617021,55.26244297204506,60.29190061247134,51.20846196005153,52.62852746568979,48.59515417756516,43.58974742489687,52.22005500062168,52.41183065870181,48.82835443631784,0,0,0,0,0,0,0,0,0,0,0
239,2023-02-01,51.44484753359461,58.28486483903873,54.83933723084484,60.12574719240597,50.76639719945999,52.38486133204616,48.05305915872735,42.6786725631422,51.85333409282119,51.93807171667053,48.54160127982418,0,0,0,0,0,0,0,0,0,0,0
240,2023-03-01,50.984854382644215,57.936738573514425,54.30347084982294,59.91727441621428,50.19592816600856,51.90635206313869,47.46718010927219,41.66194123236065,51.42430908954354,51.405372583848006,48.27039639276855,0,0,0,0,0,0,0,0,0,0,0
241,2023-04-01,50.49858730697381,57.61461650118061,53.90641572404553,59.6476933527074,49.6578946138449,51.33280186214226,46.80917692558936,40.850011620121904,51.15583210047424,50.811532359525046,47.96216369013547,0,0,0,0,0,0,0,0,0,0,0
242,2023-05-01,50.12957543130503,57.28992593553534,53.47723417360877,59.39800994586647,49.22752191725176,50.91725142468621,46.14638009906529,40.38385832187011,50.94220893915441,50.35419092493022,47.54996084569933,0,0,0,0,0,0,0,0,0,0,0
243,2023-06-01,49.98578213203157,57.18197270504363,53.26138108711581,59.370638962345424,49.04618025106634,50.68363430732743,45.85513274475122,40.22415190228308,50.77492624455632,50.20908212422548,47.50092281512146,0,0,0,0,0,0,0,0,0,0,0
244,2023-07-01,49.87036703039864,57.08726261275577,53.03877664781525,59.373595755727,48.89738856879836,50.48930074917056,45.59163972904411,40.08434218880653,50.639762768501626,50.1654061715632,47.45855260258319,0,0,0,0,0,0,0,0,0,0,0
245,2023-08-01,49.84240931803084,57.06580352208186,52.90214024983607,59.44052799429078,48.81232077440124,50.36393053161101,45.46892835491765,40.01299942898501,50.5016657559042,50.21066534161809,47.43194485459261,0,0,0,0,0,0,0,0,0,0,0
246,2023-09-01,49.88230153484251,57.16345930526892,52.93372368213767,59.59106732677423,48.797210292932,50.29848180227482,45.38705371303685,40.036823644803086,50.41908320276445,50.38644215999087,47.42557545219287,0,0,0,0,0,0,0,0,0,0,0
247,2023-10-01,49.90306788327901,57.22337395778656,52.95092605503369,59.685822499037656,48.7689942278743,50.1998114609498,45.331853833718775,40.03243596598036,50.38046029040477,50.48986700723715,47.42983664728683,0,0,0,0,0,0,0,0,0,0,0
248,2023-11-01,49.87667016355909,57.1885826191827,52.88495884166571,59.675225386943296,48.7239678513554,50.09801633516224,45.28164824292576,40.01184751779956,50.348012006000886,50.52128527644846,47.35986549221683,0,0,0,0,0,0,0,0,0,0,0
