지역명,2014-01,2014-02,2014-03,2014-04,2014-05,2014-06,2014-07,2014-08,2014-09,2014-10,2014-11,2014-12,2015-01,2015-02,2015-03,2015-04,2015-05,2015-06,2015-07,2015-08,2015-09,2015-10,2015-11,2015-12,2016-01,2016-02,2016-03,2016-04,2016-05,2016-06,2016-07,2016-08,2016-09,2016-10,2016-11,2016-12,2017-01,2017-02,2017-03,2017-04,2017-05,2017-06,2017-07,2017-08,2017-09,2017-10,2017-11,2017-12,2018-01,2018-02,2018-03,2018-04,2018-05,2018-06,2018-07,2018-08,2018-09,2018-10,2018-11,2018-12,2019-01,2019-02,2019-03,2019-04,2019-05,2019-06,2019-07,2019-08,2019-09,2019-10,2019-11,2019-12,2020-01,2020-02,2020-03,2020-04,2020-05,2020-06,2020-07,2020-08,2020-09,2020-10,2020-11,2020-12,2021-01,2021-02,2021-03,2021-04,2021-05,2021-06,2021-07,2021-08,2021-09,2021-10,2021-11,2021-12,2022-01,2022-02,2022-03,2022-04,2022-05,2022-06,2022-07,2022-08,2022-09,2022-10,2022-11,2022-12,2023-01,2023-02,2023-03,2023-04,2023-05,2023-06,2023-07,2023-08,2023-09,2023-10,2023-11,2023-12,2024-01
전국,67.2291,67.69,68.068,68.4061,68.5452,68.7873,68.9169,69.05,69.2394,69.3846,69.6334,69.9669,70.2189,70.5894,70.9696,71.3118,71.4758,71.8712,72.1929,72.4425,72.9434,73.2769,73.7159,74.0217,74.0691,74.412,74.7409,74.9475,75.2458,75.3809,75.4372,75.4542,75.436,75.4003,75.3742,75.4395,75.5749,75.6652,75.7192,75.7066,75.6386,75.4647,75.2887,75.0357,74.9683,74.8787,74.7631,74.5928,74.3297,74.077,73.6909,73.4019,73.1936,73.0208,72.7961,72.6094,71.8596,71.4268,71.2416,71.0844,71.1273,70.9746,70.905,70.8479,70.7925,70.7711,70.6774,70.6277,70.5741,70.5336,70.4782,70.2124,70.0327,69.7665,69.208,69.0418,68.9844,68.7463,68.3416,68.2339,68.7085,69.1224,69.879,69.8424,69.5424,69.0309,68.4876,68.0482,67.7292,67.3722,67.1998,66.9294,66.5361,66.1931,65.9323,65.9123,66.008027,66.09778816,66.18868284,66.27045493,66.28634306,66.34533029,66.43319014,66.49045299,66.52407886,66.52661522,67.68334652,67.28303018,66.65901722,66.02513674,65.89334601,65.94237058,65.9298227,65.91942055,65.87234405,65.80493525,65.84322136,65.94295086,66.07170823,66.21766449,66.38099915
서울,62.063,62.7404,63.2282,63.616,63.7972,63.9991,64.1433,64.4196,64.6461,64.8955,65.2381,65.7054,66.0974,66.8194,67.6316,68.2004,68.7893,69.5708,70.3214,70.9241,71.8087,72.3377,73.0003,73.4247,73.7891,74.1781,74.5778,74.7545,74.9664,75.0694,74.846,74.4589,74.1782,73.6602,73.2606,73.2335,73.2517,73.2316,73.2201,73.2118,73.0119,72.3797,72.0389,71.3609,71.1996,70.8791,70.6317,70.059,69.322,68.5403,67.1875,66.245,65.8497,65.3984,64.8121,64.2908,61.7207,60.3028,59.6259,59.3612,59.8305,59.5705,59.4272,59.316,59.3187,59.2511,58.7654,58.4314,58.0473,57.6004,57.2436,56.4761,56.0397,55.5724,54.8622,54.7234,54.7524,54.5288,53.7854,53.2652,53.6418,54.222,55.4851,56.0769,56.264,56.1651,55.9395,55.777,55.5999,55.5195,55.4622,55.282,54.9019,54.552,54.4842,54.5391,54.586033,54.6302243,54.59736686,54.60402605,54.66066328,54.67892878,54.70448581,54.70442819,54.69381726,54.67053782,53.68773017,52.92469582,51.95735278,51.23477603,50.91985821,50.8038858,50.87116895,50.95652006,50.93874377,50.99100304,51.08255263,51.31755237,51.61970272,51.91729282,52.24691459
강북14개구,63.7754,64.3795,64.8994,65.451,65.7181,66.012,66.2071,66.5484,66.9376,67.2676,67.5984,67.932,68.2952,68.8233,69.5218,70.0363,70.5732,71.5448,72.2223,72.8113,73.6837,74.2346,74.9506,75.4843,75.9964,76.3699,76.9739,77.3167,77.7245,78.162,78.2067,78.1654,78.1049,77.9408,77.5522,77.4994,77.4683,77.4334,77.3951,77.4116,77.2928,76.8092,76.3051,75.4273,75.2676,74.9626,74.6904,74.3256,73.7039,73.131,72.0833,71.0484,70.5775,70.0654,69.3489,68.581,65.8464,64.1027,63.291,62.8848,62.9646,62.723,62.5199,62.34,62.2934,62.245,61.8211,61.4902,61.0836,60.6848,60.1658,59.4575,58.8429,58.1933,57.2024,56.9468,56.9438,56.513,55.5963,54.8021,55.1924,55.6878,56.7008,57.0768,57.2108,57.1858,57.006,56.8359,56.7673,56.4786,56.5096,56.4231,56.045,55.7299,55.8334,55.9263,55.97071,56.03532185,56.02860193,56.05409619,56.08457691,56.11424762,56.14671024,56.16460678,56.18147921,56.28340622,55.4020941,54.60697385,53.955938,53.46669778,53.33006572,53.14976501,53.13207201,53.19549161,53.10797861,53.13189628,53.18220718,53.35765916,53.63023686,53.89344745,54.20964576
종로구,60.0646,60.7231,61.3565,61.5733,61.6393,61.9313,62.04,62.2911,62.5329,62.7114,64.8629,65.1505,65.4097,65.9927,66.0749,66.1077,66.5178,66.997,67.1867,68.0598,68.1665,68.5003,68.6447,68.5335,66.606,67.4471,67.4471,67.4812,67.6197,68.1231,69.3434,70.3398,70.4481,70.4341,70.4587,70.2396,70.4397,70.1435,70.4559,70.4482,71.5101,71.114,70.8867,70.6071,70.4238,70.2296,70.0713,69.5861,70.0515,69.9468,69.6048,69.4196,69.9721,69.8616,69.8946,69.7725,68.3657,67.0744,66.3913,66.08,66.9843,66.9843,66.6148,65.1759,65.7366,65.901,65.5444,65.533,64.3547,64.0531,63.2666,63.0867,62.8332,62.6859,62.6859,63.308,63.4659,63.5056,63.3181,62.5543,62.5543,62.997,64.0815,64.4756,64.2488,63.4042,62.8628,61.568,61.3756,61.5427,62.6384,63.0219,62.4026,61.8475,64.4639,65.0188,65.127463,65.12746322,65.01804434,64.87351035,64.42855497,64.31860516,64.19502088,64.16773577,64.15907143,64.10913054,59.74622872,59.27862126,58.03256418,57.13794702,57.29369974,56.70418001,56.3316448,56.37717977,56.46073402,56.34456053,56.43364153,56.48426067,56.69085511,57.05882796,57.44181791
중구,65.4418,65.4801,66.4062,67.0248,67.5089,67.694,67.8666,68.8447,69.1622,69.5903,69.6933,69.9955,70.0968,70.6504,72.0246,72.3351,73.4867,74.1774,74.8444,75.2393,76.1313,76.4741,76.8257,76.817,76.5988,76.6369,76.6369,78.3015,80.1279,80.3276,80.4099,81.2505,81.18,80.9172,80.715,80.6327,80.1678,80.1765,80.2224,80.2739,80.1484,79.3135,79.2961,78.9128,78.7194,78.1868,77.9717,77.7679,77.5498,76.6918,75.5208,74.4747,73.2671,72.4967,72.1696,71.3067,69.2372,68.2406,68.2549,67.9365,67.4691,67.4691,66.9337,67.0056,67.0236,66.9856,66.8859,66.6102,66.4098,66.0376,65.0538,64.3611,63.4713,63.1434,63.1434,62.737,62.4115,62.0787,61.2424,61.3478,61.3478,61.3602,62.0293,61.5747,62.4619,62.0315,62.8277,62.189,62.0109,62.0911,61.8678,61.7257,61.3834,60.9619,60.8593,61.2034,61.418293,61.4182926,61.4182926,61.39534884,62.37521849,62.335588,62.73498351,62.75914301,62.57598444,61.7101633,58.77920643,58.05418173,57.03716835,55.65033882,55.75896303,55.67359799,55.39445872,55.36794261,55.35688883,55.26008758,55.29337343,55.37382138,55.49370512,55.69540019,55.95968634
용산구,50.6427,51.6186,51.8614,52.5081,52.7784,53.4203,54.005,54.1377,55.0657,55.4457,56.0921,56.4569,57.2697,57.8102,58.1885,58.4807,58.5335,59.0138,59.8616,59.9597,60.2702,60.6017,60.5216,60.5083,60.8486,61.1733,61.1733,62.2125,63.065,63.3247,63.657,63.4582,63.27,63.1395,62.6943,62.5553,62.5496,62.5385,62.6121,62.362,61.7325,60.9261,60.4559,59.2058,58.925,59.0948,58.915,58.557,57.4236,56.6672,54.8343,54.4068,53.8427,53.2328,52.5235,52.0799,50.0793,49.6525,49.161,49.0303,49.3706,49.3706,49.3439,49.4026,49.392,49.3596,49.0908,48.9002,48.6843,48.2384,47.8866,47.2903,46.8523,46.5036,46.5036,46.5978,46.828,46.7903,46.3432,46.063,46.063,46.2198,47.2797,47.9501,48.1903,48.8497,49.4371,49.1684,49.2826,50.8006,51.9727,52.3137,52.3327,52.1846,51.7369,51.5226,51.53863,51.46472316,51.28789105,51.22178043,50.54745646,49.9902964,49.93954003,49.85277829,49.65180716,49.41864348,46.32170645,45.39033653,43.95313063,43.22973336,42.81526195,42.179137,42.25443962,42.2771809,41.96308063,41.84346488,41.94172708,42.13545995,42.55911489,42.64248599,42.85826098
성동구,65.1158,65.7497,66.329,67.5347,67.633,67.9997,68.2958,68.596,68.6074,68.7626,69.5593,69.6344,69.7542,70.2136,70.7106,71.3822,71.5249,72.7555,73.5944,74.1508,74.9908,76.0914,77.1277,78.1274,80.4154,80.6816,80.6816,81.0682,80.9881,81.0402,80.905,80.7423,80.4874,79.3664,78.6617,78.6818,78.4926,78.2395,78.0381,78.2676,77.8556,76.6643,75.9749,74.9584,74.3057,73.36,72.6382,71.7293,70.1742,68.5461,66.4465,65.0938,64.7362,64.3364,63.7457,62.9249,59.9423,59.0185,58.7826,58.091,58.1618,58.1618,57.7109,57.7917,57.7104,57.7978,57.4129,57.1351,56.6052,55.6612,55.0856,54.153,53.5357,52.9944,52.9944,52.4574,52.6774,52.7328,52.2992,52.0981,52.0981,53.776,55.3116,56.0266,55.2195,54.5907,54.364,55.0589,54.9631,54.4327,54.3557,53.9237,53.2812,52.9426,53.0168,53.0604,53.09344,53.31046446,53.17174704,53.26167988,53.46797596,53.45229462,53.48393028,53.35900589,53.33821168,53.0515488,52.67454031,51.83713528,51.15821803,50.77948261,50.65317395,50.64791925,50.67851104,50.77661881,50.8362649,50.95770563,50.93390715,50.94631603,51.04574295,51.17970047,51.42490639
광진구,65.4424,66.1126,66.6569,66.9675,67.1605,67.5579,67.694,67.9935,68.2881,68.8527,69.623,70.0282,70.395,70.973,72.0458,72.249,72.6879,73.7393,73.8105,74.1987,74.4707,75.0143,75.3492,75.5904,74.3386,74.9323,74.9323,76.079,76.2276,76.0162,76.1621,75.9965,76.1126,76.1558,75.563,75.4365,75.4452,75.4238,75.1661,75.0596,74.7532,73.8149,73.5053,72.9546,72.6239,72.1365,71.8369,71.046,69.9179,69.0888,67.0222,66.1377,65.7024,65.0926,64.346,63.533,61.9365,60.8278,60.3822,60.1782,60.444,60.444,59.8206,59.8151,59.7709,59.7422,59.2288,58.7505,58.0027,57.5217,56.1606,54.8187,54.5928,54.2151,54.2151,53.1492,53.3383,52.97,52.4732,52.3654,52.3654,53.574,54.5164,55.4029,56.4012,56.1468,55.9087,55.8088,55.683,55.6389,55.1831,54.7076,54.5087,54.4396,54.3364,54.4748,54.555925,54.32416714,54.37528744,54.36043156,54.25603795,54.4820524,54.37554222,54.30062341,54.18542422,54.15129906,55.03446446,53.64225597,52.07933597,51.43350762,51.27870519,51.15715592,50.85284476,50.83137326,50.70929389,50.92669102,51.20711173,51.49107192,51.64549198,51.85756647,52.0760763
동대문구,63.9059,64.42,65.3135,65.9292,66.5578,67.1564,67.2894,68.1703,69.5139,69.6752,69.8253,70.2503,70.6069,71.9106,72.529,72.7593,72.9462,73.3826,73.6983,73.6076,74.6467,75.566,75.8524,76.3547,76.1841,76.9387,76.9387,77.374,77.9967,79.7753,79.8833,80.2718,80.1252,80.2798,80.0741,80.1155,80.2555,80.1044,80.1536,80.6749,81.2143,81.012,80.6433,79.5525,79.5841,79.2006,78.9288,78.8815,77.7086,76.2937,74.5041,72.9121,72.3756,71.069,69.621,68.9895,65.65,63.7996,63.1335,62.7209,62.4576,62.4576,62.0901,61.7058,61.509,61.1597,61.2265,61.2774,61.0422,60.8143,60.4447,59.7873,58.8656,56.7726,56.7726,55.8849,55.8463,55.5504,54.7887,54.7797,54.7797,55.5885,56.9021,57.5775,58.2921,58.4919,59.0934,59.024,59.0268,58.8739,58.5699,58.7082,57.758,57.4481,57.2588,57.1558,56.864037,56.9902865,56.97368786,56.88225292,57.01832888,57.05899487,57.2618733,57.18166775,57.11751663,57.21426816,58.59061951,57.80755781,57.5849108,57.10240734,56.64168536,56.26884175,56.10746562,56.10179928,56.27165921,56.35654054,56.36919163,56.39686336,56.5736981,56.9528075,57.41037512
중랑구,61.9443,62.1984,62.7548,63.1683,63.3563,63.4032,63.5214,63.6588,63.9244,64.2456,64.3984,64.9993,66.1756,66.9561,67.9855,69.1323,69.8565,70.347,70.7707,71.1312,71.5152,71.5849,72.8523,73.2402,74.6095,74.7878,74.7878,76.3449,77.3708,77.5695,78.5383,79.2624,79.445,79.4692,79.0796,79.235,79.2242,79.5158,79.809,79.9827,79.7544,79.4375,79.595,79.1884,79.2103,79.4686,79.5475,79.4024,79.0738,78.7846,78.1191,77.448,77.1701,76.595,75.9836,75.7742,74.1076,72.7937,71.641,70.821,71.0924,71.0924,70.6688,70.0443,69.7352,69.6098,69.1639,68.7929,67.9017,67.6333,66.9871,66.2854,65.993,65.5707,65.5707,64.0112,63.7417,62.7711,61.9422,60.6318,60.6318,59.8132,60.5548,60.9698,61.071,61.3375,61.005,61.2964,61.7506,61.314,61.0678,60.6903,60.0954,59.4041,59.6068,59.5258,59.816273,59.78452876,59.82072677,59.96222491,59.96472754,60.16591476,60.13600216,60.13600216,60.1396354,60.22313198,60.66602019,60.25420406,59.42157402,59.0598661,58.30695796,58.33733278,58.39323905,58.59648863,58.38541063,58.48648243,58.53178375,58.93248471,59.27406251,59.4542969,59.62705427
성북구,69.7014,69.8489,70.3941,70.7236,70.888,71.1436,71.2212,71.3039,71.8349,72.1309,72.4746,72.9748,73.3718,73.8196,75.0078,75.4147,75.416,76.7202,78.122,80.051,81.6045,81.7804,82.122,82.6394,83.2968,83.7156,83.7156,83.8899,84.253,84.5141,84.3239,84.2293,84.0535,84.0392,83.9488,83.7888,83.8209,83.7063,83.5879,83.3451,83.272,83.1867,82.7642,82.1264,81.9628,81.646,81.5197,81.3176,80.8405,80.5546,79.518,77.6969,77.1427,76.5448,75.1749,74.2519,71.898,69.7665,68.3734,68.0927,67.0347,67.0347,65.231,65.2303,65.6082,65.7405,65.6344,65.8075,65.7502,65.6229,65.0177,64.0463,62.7187,61.9435,61.9435,60.4547,60.6741,60.3322,59.7438,58.7114,58.7114,60.2947,62.1347,62.4483,62.6428,63.2172,62.6558,62.3387,62.3883,61.932,62.333,62.2752,62.5605,62.2191,61.996,61.9485,61.831405,61.72035128,61.52814813,61.26820652,61.12196254,61.12255214,61.15530232,61.21883969,61.14485197,60.95238457,59.40388148,58.60860422,57.75755836,57.32945096,57.32564077,57.52485449,57.76269173,57.89040046,57.8866237,57.87887604,57.9232797,58.18134156,58.53273344,59.01548294,59.50116385
강북구,62.8315,63.2373,63.8362,64.0936,64.5774,65.1131,65.5965,66.1127,66.2038,66.4534,66.8076,67.1414,68.0758,68.6854,69.4468,69.7836,70.4033,71.3505,71.8216,72.488,73.4178,74.2878,74.6632,75.4679,75.9928,76.6684,76.6684,76.9445,77.1471,77.2347,77.3799,77.37,77.6441,77.6913,77.7548,77.7533,77.8735,77.8689,77.7681,77.7179,77.5943,77.3389,77.0469,76.5556,76.6745,76.4637,76.2713,75.9962,76.105,75.9929,75.8857,75.676,75.4258,74.9267,74.6297,74.294,69.5923,66.9227,65.8504,65.7103,65.3235,65.3235,64.9522,64.8931,64.8444,65.0162,64.7574,64.3697,64.0933,63.9549,63.8107,63.572,63.1937,62.9418,62.9418,60.6532,61.3878,61.0595,59.495,58.6978,58.6978,59.4589,59.8991,59.904,60.5233,60.3442,60.4443,60.53,60.7451,60.2752,60.6826,60.0553,59.4351,59.0369,58.9175,58.9345,59.028281,59.16280681,59.32126547,59.31448566,59.52264742,59.52900552,59.77864027,59.76173583,59.70977916,59.94169864,59.41234739,59.28512779,58.28480532,57.25055457,56.64606502,56.70594375,56.72367744,56.82833076,56.82737776,56.81974712,57.07845494,57.22612152,57.41784343,57.93864433,58.78712067
도봉구,63.9693,64.6842,64.9299,65.1922,65.263,65.3467,65.3975,65.9662,66.1445,66.8574,67.0846,67.5811,67.4485,67.8839,68.4135,69.1531,70.0901,71.0875,71.3825,71.7616,72.9594,73.3005,75.3926,75.6945,75.5687,75.8315,75.8315,76.5169,77.3055,78.8695,78.5667,78.3942,78.3929,78.1312,77.8098,77.8347,77.6824,77.2319,77.0132,77.047,76.9911,77.1516,76.7923,76.004,75.8962,75.6366,75.2219,74.863,74.294,74.0177,73.5385,73.0018,72.4352,72.1289,71.654,71.0193,67.7001,65.6841,64.5613,63.9512,63.7565,63.7565,63.2888,62.9643,62.8644,62.8526,62.0323,61.8919,61.577,61.1875,60.747,60.3676,60.3042,59.8704,59.8704,58.2719,58.233,57.7451,56.6989,55.12,55.12,55.3414,56.9046,57.349,57.602,57.318,56.083,55.4378,55.4497,55.1962,55.3008,55.0317,54.3435,54.1114,54.1403,54.0883,54.256258,54.51476147,54.72959299,54.75638642,54.75493194,54.80435758,55.05260344,55.30464131,55.4970403,56.27562354,54.49668011,54.39762422,54.19235714,53.66473456,53.47268771,53.05876526,53.21208301,53.57463431,53.05173264,52.60134915,52.45472621,52.64694242,53.02019554,53.24108181,53.57832362
노원구,63.0115,63.7282,64.0352,64.7055,65.0308,65.3091,65.4111,65.6843,65.9862,66.2838,66.4345,66.7205,66.9899,67.2776,67.8576,68.244,69.033,70.2934,71.11,71.5063,72.4702,73.0837,73.8786,74.6565,75.2466,75.5743,75.5743,77.3298,77.3849,77.4889,77.257,77.0267,76.7094,76.3128,75.811,75.7722,75.6104,75.7502,75.7052,75.6799,75.6334,74.812,73.7178,72.4168,72.4961,72.2229,72.056,71.7217,71.351,71.0064,70.2558,69.5311,69.2669,69.1096,68.8271,68.1464,64.4865,62.3328,61.5618,61.2049,62.3958,62.3958,62.4907,62.492,62.465,62.3959,61.7175,61.1418,60.7153,60.2659,59.8941,59.2101,58.3484,57.5181,57.5181,55.6505,55.5281,54.8181,53.0429,51.4573,51.4573,52.9499,53.213,53.0253,52.8662,53.0774,53.2771,53.2755,53.0861,52.336,52.0762,51.8335,51.3838,51.0658,51.4566,51.8952,52.053893,52.09962568,52.11304208,52.37276278,52.5485611,52.69907058,52.62213503,52.73551148,52.91747378,53.43311778,50.72549325,50.47097934,50.43170584,50.014708,50.07526281,49.4847996,49.18763924,49.13958883,48.92515447,49.07830173,49.15967825,49.30163079,49.54374109,49.6508908,49.75139266
은평구,62.9297,63.8799,64.4924,64.6599,65.0259,65.5934,65.9299,66.1322,66.4044,66.5525,67.05,67.1083,67.2265,67.8066,68.6141,69.0722,69.5665,70.5964,71.6014,72.3293,72.8686,73.4295,73.5353,74.4158,74.15,74.4794,74.4794,74.8538,75.519,76.0728,76.1,75.7997,75.979,76.2186,75.9704,75.6434,75.987,76.0718,76.1642,76.2082,76.094,76.0833,75.9078,75.6052,75.2765,75.2008,75,75.1109,75.0405,74.8568,74.2458,73.7522,73.0396,72.0981,71.8823,71.0101,69.2664,66.5917,65.8197,65.23,65.082,65.082,64.7679,64.0685,63.913,63.7893,63.653,63.367,63.1089,62.963,62.7626,62.1303,61.5117,60.9872,60.9872,60.1274,59.8823,59.5045,59.1688,58.6747,58.6747,60.059,61.0176,61.6262,61.9629,61.7394,61.2906,60.7168,60.5562,59.847,59.7956,61.2587,61.5137,61.1663,61.0446,60.949,60.964254,61.11532219,61.05841009,60.91284116,60.79665291,60.68935228,60.59769641,60.39623591,60.29463935,60.15702944,58.99173676,58.15154358,56.70793029,56.2306208,56.43361222,56.38311257,56.52864251,56.47560377,56.50187017,56.71485756,56.70499045,56.86870882,57.11721736,57.48697953,57.83980811
서대문구,66.3095,66.6602,67.3581,68.6124,68.9577,69.1959,69.7583,70.0999,70.9972,71.4593,71.427,71.8014,72.4811,73.0946,73.4788,74.3201,74.7304,74.8611,75.1739,75.2054,76.0155,76.5201,76.6697,76.7757,77.0979,77.3482,77.3482,78.5589,79.2783,79.5591,79.9991,79.994,80.6359,80.6622,79.9391,79.9307,79.8785,80.086,80.0279,80.0214,79.6128,79.5483,79.3194,78.5106,78.3256,77.944,77.3988,76.8343,76.7154,76.4094,75.228,74.4553,73.8624,73.1354,72.2468,70.9533,69.5447,67.7543,66.5402,66.185,65.7143,65.7143,64.9138,64.749,64.4983,64.4948,64.2188,63.4317,63.016,62.6839,62.0027,61.1276,61.0022,60.4184,60.4184,59.0133,58.6236,57.7988,57.0381,56.3807,56.3807,56.8233,57.3715,58.3566,58.9813,58.8485,58.4075,57.8136,57.3413,57.185,57.3028,57.0313,56.2314,55.9125,56.1396,56.1344,55.989545,55.98663418,56.10273618,56.16499149,56.31655432,56.30041359,56.33794704,56.29887198,56.31777881,56.19224883,55.811423,54.93872885,54.79227472,54.92210458,55.02034447,55.29754136,55.46351784,55.57758111,55.67534686,55.64969854,55.68219033,55.82139564,56.16010191,56.4514183,56.93446117
마포구,64.7657,65.7916,66.6717,67.0643,67.2404,67.25,67.4464,67.7094,67.7055,67.8799,68.0868,68.1569,68.4892,68.9204,69.5342,70.2645,71.0193,72.2716,72.9762,74.191,74.793,75.6027,76.2047,76.767,77.5566,77.922,77.922,78.7653,78.7326,78.864,79.0495,78.7007,78.6604,78.9023,78.4162,78.2883,78.4057,78.3238,78.3642,78.2289,77.8731,77.0861,76.6331,75.6357,75.0507,74.5686,74.158,73.5007,72.2987,71.5045,70.5354,68.0225,67.1976,66.7807,65.2057,63.6459,61.6596,60.5994,60.1236,59.9478,59.7692,59.7692,59.5035,59.3354,59.2158,58.9959,58.3153,57.6575,57.154,56.5547,55.9621,55.3009,54.8012,54.724,54.724,53.8142,53.8493,53.7316,53.24,53.6079,53.6079,54.0733,55.5559,56.1295,55.8981,55.3527,54.9693,54.6204,54.3991,54.6516,54.8244,54.9311,55.015,54.8871,55.0173,55.114,55.097578,55.28320285,55.24871263,55.17626156,55.02625126,55.06944615,55.04874467,55.05845664,55.03434206,54.87672656,54.69007022,53.74710549,52.63481561,52.04205816,51.75161725,51.78957844,51.90333292,51.87884514,51.96882775,52.03834356,52.15148899,52.51045322,52.93592864,53.31807731,53.60146255
강남11개구,60.6261,61.3649,61.8258,62.0762,62.1853,62.3101,62.4115,62.6334,62.7233,62.905,63.2576,63.8372,64.2533,65.1381,66.0455,66.66,67.2925,67.9144,68.7264,69.3406,70.2354,70.746,71.3637,71.6966,71.9098,72.3121,72.5379,72.5732,72.6182,72.4365,71.9848,71.3033,70.8352,70.0158,69.6069,69.6017,69.6618,69.6543,69.6656,69.6363,69.3672,68.6085,68.4068,67.8988,67.7362,67.4026,67.1763,66.4264,65.5914,64.6319,63.0193,62.1554,61.8246,61.4251,60.9496,60.6382,58.2082,57.0676,56.5056,56.3613,57.0759,56.7998,56.7091,56.6582,56.7042,56.6198,56.0798,55.7431,55.3788,54.8896,54.6752,53.8557,53.5759,53.269,52.8054,52.7693,52.8265,52.7849,52.1938,51.9144,52.2789,52.9336,54.4167,55.1981,55.4318,55.268,55.0022,54.8463,54.5739,54.6766,54.5417,54.279,53.8972,53.5167,53.2984,53.3199,53.36905,53.39529339,53.33946386,53.32956902,53.40919505,53.41743658,53.43692434,53.42108691,53.38632105,53.25299848,52.34722629,51.39712578,50.14239402,49.20849821,48.73219068,48.72544191,48.81464447,48.92586652,48.97215695,49.0588287,49.18637145,49.47421988,49.79869589,50.12783267,50.46783743
양천구,59.8355,60.4472,61.0528,61.1856,61.371,61.5784,61.6162,61.8027,61.4906,61.2596,61.3468,62.2998,62.7207,63.2696,63.5979,63.369,63.6967,64.1375,65.1828,65.648,66.9574,68.0292,69.2359,70.9352,71.699,72.102,72.102,72.8376,72.7325,72.497,72.2822,71.4257,70.8566,69.7119,69.6912,69.7991,70.0953,70.2626,70.1712,70.2984,70.1454,69.1596,68.776,68.253,68.2319,68.2255,67.8926,66.9451,65.8033,64.9719,64.1079,63.8667,63.7875,63.719,63.4482,62.1123,58.5555,57.8096,57.7151,57.8308,59.1957,59.1957,58.9575,59.1485,59.2224,58.9732,58.3447,58.0327,57.7364,56.8556,56.0291,55.0769,55.0163,54.4805,54.4805,53.3929,53.4298,53.4149,52.3857,51.4643,51.4643,52.461,54.0074,55.1497,55.5491,55.476,55.056,54.9116,54.5023,54.2823,54.24,54.026,53.9984,53.8013,53.8313,54.006,54.249951,54.41632231,54.26643762,54.20742902,54.08053431,54.15255544,54.35758444,54.43322504,54.3601427,54.34181565,51.51927732,50.92047823,49.83748829,49.09959889,48.6422184,48.54573501,48.50429764,48.59390154,48.56759591,48.4079413,48.36461763,48.33261584,48.49321699,48.75332082,49.26513834
강서구,66.3373,66.7741,67.4146,67.4478,67.4071,66.841,66.4882,66.5146,66.7751,67.0639,67.3793,68.2817,68.8757,70.0448,71.3669,72.1146,73.66,75.2364,76.9813,77.8065,79.6011,79.897,80.0559,80.0867,79.3846,79.5385,79.5385,79.6211,79.4521,78.9608,78.0854,77.1017,76.2205,74.8365,74.2205,74.0816,74.0017,73.9804,74.0322,73.9395,73.7824,73.0107,72.2412,71.2031,71.0036,71.0722,70.9315,70.8021,70.5592,70.4274,69.6603,68.7845,68.1861,67.7563,67.219,66.1316,63.3318,60.8914,59.2725,58.9728,58.5924,58.5924,58.3771,58.2279,58.1535,58.3091,58.4662,58.6348,58.5615,58.6123,58.9165,58.6108,58.5785,58.4361,58.4361,57.964,57.7841,57.405,56.6993,56.4053,56.4053,58.0623,60.1135,60.7803,61.1211,60.5596,60.1016,59.6844,59.3949,59.0021,58.1851,56.9577,55.5809,54.9567,54.4203,54.4852,54.635511,54.8215026,54.92960807,54.93109379,55.1980587,55.27840993,55.4407839,55.42377546,55.45134771,55.45480538,54.29485515,52.90345627,51.64563229,50.92783382,50.95358026,50.93672556,51.26310812,51.39643899,51.77314216,52.08045128,52.21230296,52.4785796,53.10896598,53.53395029,53.95052309
구로구,64.8798,66.7988,67.9241,68.292,68.6223,68.7877,68.9227,69.2114,69.249,69.3779,69.4756,69.6664,69.8698,70.1837,71.1252,71.8692,72.3921,73.0319,73.5103,74.2489,76.3396,77.3069,78.5263,79.0442,79.8006,79.9315,79.9315,80.5403,81.2459,81.5095,81.6185,81.504,81.4021,80.9437,81.0328,80.9262,80.9292,81.0107,80.917,80.6293,80.4327,80.3111,79.9636,79.3247,78.9247,78.4504,78.4149,78.2348,77.9711,77.6559,76.9447,75.7882,75.3006,74.7535,73.4578,72.3181,69.4034,67.666,66.6446,66.4239,67.069,67.069,66.6767,66.6787,66.5625,66.4241,66.0392,65.7023,65.1636,64.9902,64.3393,63.2001,62.6143,61.5772,61.5772,59.7628,59.5777,58.5588,57.3984,56.36,56.36,56.4842,56.4624,58.0874,58.2786,58.439,58.4025,58.1222,58.2223,57.3374,57.0324,57.4736,57.18,56.9472,57.3236,57.3584,57.684955,57.8838167,57.86184319,57.78435671,57.7049955,57.76274999,57.8608941,57.99463825,58.02147581,57.76587917,57.34789978,55.96477526,54.97314465,54.86226875,54.61566877,54.85091029,55.17212844,55.32859244,55.20928206,55.24362253,55.52661114,55.95427781,56.32152507,56.68026009,57.05437708
금천구,62.6388,63.6284,64.3844,64.4733,64.5027,64.8758,64.9343,65.0917,65.0643,65.2745,66.4855,66.6215,66.7149,66.8855,66.9221,67.61,67.9222,68.9929,69.7103,70.6534,71.8743,71.7857,71.8927,72.2469,72.7897,73.0477,73.0477,73.6626,73.7501,73.6977,73.3263,73.7449,73.8604,73.9877,73.8227,73.8078,73.777,73.9799,75.8338,75.7897,75.9753,75.6887,75.2306,74.9785,74.7739,74.1019,73.8893,73.2656,72.9916,73.0282,72.8517,72.5708,72.2907,71.892,71.5673,70.9692,68.5631,67.4872,66.3749,66.3106,67.0495,67.0495,66.0493,65.8936,65.8729,65.8715,65.5374,65.2387,64.8698,63.4186,62.9005,61.4283,60.7622,60.3855,60.3855,58.3636,58.1982,57.4693,57.0876,57.6716,57.6716,59.5912,60.7374,62.6946,62.7424,62.2681,61.4977,61.5674,61.0863,61.3329,60.9344,60.1854,59.392,59.1895,59.0339,58.9528,59.008891,58.9399964,58.77012676,58.61420936,58.59129618,58.52871412,58.21881564,58.17840887,58.12470894,57.7411882,59.8732677,58.99670412,57.74728976,56.91335358,56.96364128,57.2486697,57.3831871,57.39050631,57.37256605,57.32042416,57.55830633,57.98504769,58.05397871,58.33349096,58.56361788
영등포구,58.8394,59.7082,60.2441,60.5244,61.2242,61.7363,62.0226,62.1449,62.4216,62.7518,62.9548,63.4716,63.6813,63.8936,64.6338,65.634,66.575,67.3615,68.0539,68.291,69.0131,69.5217,70.4965,70.6291,70.6608,71.4334,71.4334,72.2237,72.4936,72.3175,72.2108,71.8107,71.0985,70.1334,69.4565,69.4145,69.9222,69.9294,69.893,69.9064,69.4464,68.8309,68.2247,67.2627,67.1713,66.7669,66.5111,65.7147,64.6782,63.2789,61.9744,60.7208,59.9596,59.4819,58.573,57.4983,54.3892,53.1073,52.7095,52.4172,54.5715,54.5715,54.5843,54.657,54.4812,54.1851,53.2989,52.9907,52.5693,51.646,51.0136,49.8446,49.3595,49.2937,49.2937,48.6024,48.5507,48.3813,47.4198,46.631,46.631,46.5615,48.0222,48.4986,48.6029,48.5756,48.1911,49.1455,48.7624,48.6554,48.5696,48.2285,48.0307,47.7014,47.7657,47.9562,48.308912,48.37000452,48.79314071,49.24163008,50.04993126,50.31401825,50.2598697,50.19510077,50.19117957,50.73617365,53.23460334,52.60590306,51.29582265,50.35555799,50.08778132,50.30787571,50.21224867,50.40366861,50.4579701,50.41921025,50.53780643,50.78680138,51.2295789,51.5179805,51.85648623
동작구,65.4721,67.1598,67.7055,68.0824,68.094,68.4421,68.5244,68.8387,69.077,69.6206,69.8685,70.0949,70.4771,71.5945,72.6783,73.3961,74.3468,75.5769,75.8155,77.3913,78.4264,78.9591,79.5595,79.9238,79.5408,79.7643,79.7643,79.9482,80.0217,79.9857,79.6573,79.1731,79.0941,78.1454,77.5031,77.4365,77.3907,77.4432,77.3784,77.2046,77.0565,76.1383,75.2597,74.4016,73.8731,73.2182,73.213,72.1621,71.0377,70.1473,68.1865,67.0062,65.8162,64.8097,64.206,63.3875,60.8011,60.0246,59.5304,59.0144,58.3693,58.3693,57.6265,57.2878,57.2918,57.3357,56.9261,56.6719,56.5585,56.2906,55.9949,54.7939,54.2012,53.8259,53.8259,53.3109,53.1542,52.7573,52.3522,52.3659,52.3659,53.524,54.3664,54.8315,54.3507,53.2286,53.5723,53.9987,53.8832,53.19,53.3018,53.6093,53.647,53.2046,53.113,53.3987,53.42776,53.58459648,53.57631594,53.48518934,53.4300913,53.42979885,53.54187151,53.60095208,53.56833124,53.59791846,55.51420251,54.24160992,53.01563357,51.42629482,50.70202436,50.68480157,50.93721882,51.0717093,51.35954296,51.78565119,52.13376048,52.69071175,53.12214383,53.50705217,54.20549124
관악구,66.2271,66.962,67.1524,67.5919,67.7627,68.0834,68.1181,68.3727,68.8804,69.4075,69.8962,70.2611,70.5034,71.1317,71.6494,72.1376,72.4083,73.008,74.3313,74.9583,75.8326,76.2541,76.8641,77.0606,77.0459,77.4579,77.4579,77.936,79.8721,80.0642,80.079,80.0916,79.7914,79.7533,79.7774,79.5803,79.5254,79.5505,79.4249,79.7075,79.7453,79.2305,78.8492,78.2452,78.0264,78.0178,77.9888,77.6491,77.3665,76.8843,76.1026,75.5552,75.009,74.2625,73.8013,72.2491,69.5723,67.532,66.7016,67.0205,66.8278,66.8278,66.4783,66.1921,66.0515,66.0252,65.6608,65.1486,64.9542,64.824,64.4641,63.709,63.1553,62.6688,62.6688,61.107,60.7912,60.2842,58.7553,58.1164,58.1164,58.983,60.5093,60.8548,60.9544,62.593,63.2407,62.7754,62.7226,62.612,61.8998,61.375,60.9756,60.6442,60.2714,60.4489,60.618866,60.69234433,60.57491724,60.63121988,60.67968185,60.7535599,60.84622925,60.68036387,60.6843856,60.41222747,59.62958729,58.34555169,56.70451645,55.81312974,55.36966735,55.27209938,55.64378756,55.63472479,55.61358064,55.91807771,56.45154459,56.53424505,56.72271506,56.86427879,57.07559799
서초구,58.4649,58.932,59.1103,59.542,59.5466,59.6695,59.7004,60.0992,60.2342,60.1812,60.334,61.1752,62.0553,63.731,64.5852,65.3205,65.7284,65.6926,65.9025,65.9557,65.9089,66.2737,66.491,66.7637,67.0759,67.3073,67.3073,67.4685,67.0723,66.382,65.8887,64.8711,64.3328,63.489,63.0283,63.1434,63.34,63.391,63.4361,63.7538,63.7618,62.6201,61.8247,60.0771,59.3322,58.7049,57.6351,56.4438,57.2805,55.8816,54.2314,53.611,53.4044,53.1622,52.7842,56.6105,54.1556,52.9607,52.7425,52.6778,54.0698,54.0698,53.6545,53.7562,53.8339,53.7504,53.4159,52.7702,52.182,51.8134,51.5863,51.1968,51.3087,51.1739,51.1739,51.5106,51.6592,51.9168,51.7924,51.572,51.572,52.9843,54.1565,54.6589,54.7027,54.2943,54.0457,53.9007,53.8011,55.9171,56.1807,55.4171,54.9539,54.5468,53.9726,53.3877,53.323286,53.39730487,53.26475477,53.42586623,54.05125195,53.71174329,53.66842884,53.46325335,53.25796058,52.87496103,49.47014275,47.96300318,46.87236026,45.94431339,45.59052539,45.06888413,45.17501005,45.27665546,45.1429399,45.048054,45.20617462,45.80392416,46.02667705,46.40687685,46.66384244
강남구,55.5557,55.7926,55.837,56.0818,56.1187,56.1938,56.379,56.5159,56.4438,56.499,57.3885,58.1941,58.5191,59.133,60.3428,60.7585,61.3797,61.6723,61.7357,62.6843,62.7369,62.9328,63.595,63.7104,64.3509,64.6324,64.6324,64.1866,63.8622,63.609,62.8569,62.2191,61.445,60.6597,60.0894,60.0255,60.1127,60.0688,60.0071,59.9612,59.4606,58.5156,58.1389,56.9056,56.8127,56.4472,57.0435,55.8824,54.4223,53.3367,51.4028,50.5906,51.1724,50.9897,50.8028,50.2139,48.8854,48.7443,48.659,48.6386,49.5037,49.5037,49.3474,49.0614,49.0597,48.8823,48.0476,47.6185,47.1662,46.8414,48.2768,47.9583,47.6976,47.7163,47.7163,48.2395,48.8152,49.427,49.3677,49.5582,49.5582,50.0197,51.8682,52.7454,53.5496,53.331,52.8089,52.3965,51.9761,52.6463,52.711,52.7842,52.5615,52.2867,51.8726,51.6743,51.462791,51.23490353,50.97463478,50.739276,50.56503403,50.43651826,50.20560616,50.17189942,50.19941317,50.01329106,46.88951528,46.04921094,44.11855461,42.53093188,41.63498837,41.23857579,41.10420605,41.10495702,41.11455806,41.30277945,41.30902114,41.36528974,41.59774214,41.85795767,42.0506665
송파구,59.1359,59.6695,59.7994,60.0479,59.9916,60.1456,60.4722,60.7917,60.9283,61.1125,61.425,61.8056,62.0839,62.9372,63.705,64.0833,64.5447,65.2217,65.7323,66.3416,67.5432,68.402,69.0087,69.0959,68.4674,68.8443,68.8443,69.1782,68.7436,68.7461,68.155,66.9709,66.3963,65.789,65.3525,65.4993,65.7446,65.6559,65.6404,65.5046,64.9529,64.012,63.684,62.7194,62.7828,62.2821,61.565,60.9664,59.2549,57.4785,55.0138,54.0876,53.7487,53.4448,53.2695,52.8263,51.0234,50.2803,50.0469,49.8861,50.6912,50.6912,50.5693,50.7932,51.385,51.43,50.3945,50.1499,49.87,49.1905,48.4753,47.6587,47.5271,47.6743,47.6743,47.8157,47.9362,48.1467,47.2293,47.5407,47.5407,48.8206,51.0655,52.1472,52.3949,52.3452,52.0111,51.7545,51.3919,51.3139,51.2198,50.7895,50.3808,49.7999,49.6367,49.866,49.658141,49.49536292,49.36196502,49.29859711,49.04387085,49.14554641,49.15561655,49.10675098,49.03842649,48.76538315,48.90390525,47.88181935,46.40860102,45.3184291,44.68536379,44.78205792,44.91257117,45.06273877,45.14056281,45.25412441,45.26791533,45.5473941,45.82491713,46.25356786,46.51549969
강동구,58.4755,59.1017,60.0395,60.1498,60.1413,60.1971,60.2871,60.4901,60.511,60.9217,61.0918,61.5755,62.2843,64.2293,65.6253,67.0376,67.5313,67.8236,70.3415,70.4463,70.6798,70.7412,70.9016,71.0277,71.5103,72.7468,72.7468,72.8233,73.0872,72.8666,72.1101,71.3183,71.4547,70.2886,69.6422,69.6782,68.9431,68.6475,68.5265,68.3356,68.0163,67.6169,70.7259,75.0996,75.5201,75.4235,75.1896,74.2999,72.9824,72.1232,68.8109,67.5286,66.9218,66.4078,65.954,66.303,64.0391,62.6686,61.6528,61.3107,61.0881,61.0881,59.8037,59.5842,59.4367,59.2793,58.976,58.3769,57.7932,57.0134,56.0285,54.5134,54.0271,52.932,52.932,52.0633,52.2056,52.7033,53.2414,52.8192,52.8192,54.8928,56.3589,55.9837,56.0493,55.6801,55.3178,54.6778,54.2792,54.1593,54.27,54.7194,54.5889,54.2326,53.8445,53.9668,54.023402,54.07334223,54.01773994,53.99083933,53.97777238,54.015082,54.17926072,54.33220839,54.31050075,54.00600664,53.28851685,52.40644341,52.20526843,51.68552074,50.89426795,51.02387471,51.0923486,51.21152742,51.21530234,51.50951228,51.65951566,52.11022758,52.55218424,52.84757378,53.12057086
수도권,63.3225,64.0384,64.6463,65.1556,65.3576,65.6249,65.8178,66.0487,66.3406,66.6039,67.0241,67.5716,67.955,68.5758,69.2038,69.7536,70.1782,70.9173,71.5289,72.0167,72.9435,73.5216,74.2829,74.719,74.9108,75.388,75.8049,76.0607,76.4003,76.553,76.6242,76.5536,76.4807,76.4247,76.3533,76.4069,76.5732,76.6527,76.7015,76.6968,76.6725,76.4381,76.2121,75.8314,75.6939,75.5282,75.3426,75.0187,74.5526,74.1241,73.4207,72.8463,72.4991,72.21,71.7705,71.4381,70.0634,69.2073,68.8,68.5922,68.8113,68.5546,68.3948,68.2844,68.2251,68.1516,67.9579,67.8344,67.7278,67.6126,67.5343,67.175,66.9362,66.3789,65.4052,65.0753,64.9595,64.6358,64.0448,63.9138,64.7283,65.4665,66.8086,67.1259,66.8752,66.2155,65.4189,64.7955,64.3408,63.7523,63.3858,63,62.4182,61.9662,61.671,61.6287,61.682201,61.6899358,61.71871758,61.79498884,61.86020644,61.95055335,62.0041447,62.03405865,62.06340069,62.03594616,61.92413929,61.10611706,60.09573807,59.15181815,59.04254703,59.14911254,59.20240326,59.27741865,59.28121655,59.28022444,59.40270318,59.60732107,59.85549466,60.09487877,60.34732325
,,,,,,,,,,,,,,,,,,,,,,,,,,,,,,,,,,,,,,,,,,,,,,,,,,,,,,,,,,,,,,,,,,,,,,,,,,,,,,,,,,,,,,,,,,,,,,,,,,,,,,,,,,,,,,,,,,,,,,,,,
,,,,,,,,,,,,,,,,,,,,,,,,,,,,,,,,,,,,,,,,,,,,,,,,,,,,,,,,,,,,,,,,,,,,,,,,,,,,,,,,,,,,,,,,,,,,,,,,,,,,,,,,,,,,,,,,,,,,,,,,,
,,,,,,,,,,,,,,,,,,,,,,,,,,,,,,,,,,,,,,,,,,,,,,,,,,,,,,,,,,,,,,,,,,,,,,,,,,,,,,,,,,,,,,,,,,,,,,,,,,,,,,,,,,,,,,,,,,,,,,,,,
,,,,,,,,,,,,,,,,,,,,,,,,,,,,,,,,,,,,,,,,,,,,,,,,,,,,,,,,,,,,,,,,,,,,,,,,,,,,,,,,,,,,,,,,,,,,,,,,,,,,,,,,,,,,,,,,,,,,,,,,,
,,,,,,,,,,,,,,,,,,,,,,,,,,,,,,,,,,,,,,,,,,,,,,,,,,,,,,,,,,,,,,,,,,,,,,,,,,,,,,,,,,,,,,,,,,,,,,,,,,,,,,,,,,,,,,,,,,,,,,,,,
,,,,,,,,,,,,,,,,,,,,,,,,,,,,,,,,,,,,,,,,,,,,,,,,,,,,,,,,,,,,,,,,,,,,,,,,,,,,,,,,,,,,,,,,,,,,,,,,,,,,,,,,,,,,,,,,,,,,,,,,,
,,,,,,,,,,,,,,,,,,,,,,,,,,,,,,,,,,,,,,,,,,,,,,,,,,,,,,,,,,,,,,,,,,,,,,,,,,,,,,,,,,,,,,,,,,,,,,,,,,,,,,,,,,,,,,,,,,,,,,,,,
,,,,,,,,,,,,,,,,,,,,,,,,,,,,,,,,,,,,,,,,,,,,,,,,,,,,,,,,,,,,,,,,,,,,,,,,,,,,,,,,,,,,,,,,,,,,,,,,,,,,,,,,,,,,,,,,,,,,,,,,,
,,,,,,,,,,,,,,,,,,,,,,,,,,,,,,,,,,,,,,,,,,,,,,,,,,,,,,,,,,,,,,,,,,,,,,,,,,,,,,,,,,,,,,,,,,,,,,,,,,,,,,,,,,,,,,,,,,,,,,,,,
,,,,,,,,,,,,,,,,,,,,,,,,,,,,,,,,,,,,,,,,,,,,,,,,,,,,,,,,,,,,,,,,,,,,,,,,,,,,,,,,,,,,,,,,,,,,,,,,,,,,,,,,,,,,,,,,,,,,,,,,,
,,,,,,,,,,,,,,,,,,,,,,,,,,,,,,,,,,,,,,,,,,,,,,,,,,,,,,,,,,,,,,,,,,,,,,,,,,,,,,,,,,,,,,,,,,,,,,,,,,,,,,,,,,,,,,,,,,,,,,,,,
,,,,,,,,,,,,,,,,,,,,,,,,,,,,,,,,,,,,,,,,,,,,,,,,,,,,,,,,,,,,,,,,,,,,,,,,,,,,,,,,,,,,,,,,,,,,,,,,,,,,,,,,,,,,,,,,,,,,,,,,,
,,,,,,,,,,,,,,,,,,,,,,,,,,,,,,,,,,,,,,,,,,,,,,,,,,,,,,,,,,,,,,,,,,,,,,,,,,,,,,,,,,,,,,,,,,,,,,,,,,,,,,,,,,,,,,,,,,,,,,,,,
,,,,,,,,,,,,,,,,,,,,,,,,,,,,,,,,,,,,,,,,,,,,,,,,,,,,,,,,,,,,,,,,,,,,,,,,,,,,,,,,,,,,,,,,,,,,,,,,,,,,,,,,,,,,,,,,,,,,,,,,,
,,,,,,,,,,,,,,,,,,,,,,,,,,,,,,,,,,,,,,,,,,,,,,,,,,,,,,,,,,,,,,,,,,,,,,,,,,,,,,,,,,,,,,,,,,,,,,,,,,,,,,,,,,,,,,,,,,,,,,,,,
,,,,,,,,,,,,,,,,,,,,,,,,,,,,,,,,,,,,,,,,,,,,,,,,,,,,,,,,,,,,,,,,,,,,,,,,,,,,,,,,,,,,,,,,,,,,,,,,,,,,,,,,,,,,,,,,,,,,,,,,,
,,,,,,,,,,,,,,,,,,,,,,,,,,,,,,,,,,,,,,,,,,,,,,,,,,,,,,,,,,,,,,,,,,,,,,,,,,,,,,,,,,,,,,,,,,,,,,,,,,,,,,,,,,,,,,,,,,,,,,,,,
,,,,,,,,,,,,,,,,,,,,,,,,,,,,,,,,,,,,,,,,,,,,,,,,,,,,,,,,,,,,,,,,,,,,,,,,,,,,,,,,,,,,,,,,,,,,,,,,,,,,,,,,,,,,,,,,,,,,,,,,,
,,,,,,,,,,,,,,,,,,,,,,,,,,,,,,,,,,,,,,,,,,,,,,,,,,,,,,,,,,,,,,,,,,,,,,,,,,,,,,,,,,,,,,,,,,,,,,,,,,,,,,,,,,,,,,,,,,,,,,,,,
,,,,,,,,,,,,,,,,,,,,,,,,,,,,,,,,,,,,,,,,,,,,,,,,,,,,,,,,,,,,,,,,,,,,,,,,,,,,,,,,,,,,,,,,,,,,,,,,,,,,,,,,,,,,,,,,,,,,,,,,,
,,,,,,,,,,,,,,,,,,,,,,,,,,,,,,,,,,,,,,,,,,,,,,,,,,,,,,,,,,,,,,,,,,,,,,,,,,,,,,,,,,,,,,,,,,,,,,,,,,,,,,,,,,,,,,,,,,,,,,,,,
,,,,,,,,,,,,,,,,,,,,,,,,,,,,,,,,,,,,,,,,,,,,,,,,,,,,,,,,,,,,,,,,,,,,,,,,,,,,,,,,,,,,,,,,,,,,,,,,,,,,,,,,,,,,,,,,,,,,,,,,,
,,,,,,,,,,,,,,,,,,,,,,,,,,,,,,,,,,,,,,,,,,,,,,,,,,,,,,,,,,,,,,,,,,,,,,,,,,,,,,,,,,,,,,,,,,,,,,,,,,,,,,,,,,,,,,,,,,,,,,,,,
,,,,,,,,,,,,,,,,,,,,,,,,,,,,,,,,,,,,,,,,,,,,,,,,,,,,,,,,,,,,,,,,,,,,,,,,,,,,,,,,,,,,,,,,,,,,,,,,,,,,,,,,,,,,,,,,,,,,,,,,,
,,,,,,,,,,,,,,,,,,,,,,,,,,,,,,,,,,,,,,,,,,,,,,,,,,,,,,,,,,,,,,,,,,,,,,,,,,,,,,,,,,,,,,,,,,,,,,,,,,,,,,,,,,,,,,,,,,,,,,,,,
,,,,,,,,,,,,,,,,,,,,,,,,,,,,,,,,,,,,,,,,,,,,,,,,,,,,,,,,,,,,,,,,,,,,,,,,,,,,,,,,,,,,,,,,,,,,,,,,,,,,,,,,,,,,,,,,,,,,,,,,,
,,,,,,,,,,,,,,,,,,,,,,,,,,,,,,,,,,,,,,,,,,,,,,,,,,,,,,,,,,,,,,,,,,,,,,,,,,,,,,,,,,,,,,,,,,,,,,,,,,,,,,,,,,,,,,,,,,,,,,,,,
,,,,,,,,,,,,,,,,,,,,,,,,,,,,,,,,,,,,,,,,,,,,,,,,,,,,,,,,,,,,,,,,,,,,,,,,,,,,,,,,,,,,,,,,,,,,,,,,,,,,,,,,,,,,,,,,,,,,,,,,,
,,,,,,,,,,,,,,,,,,,,,,,,,,,,,,,,,,,,,,,,,,,,,,,,,,,,,,,,,,,,,,,,,,,,,,,,,,,,,,,,,,,,,,,,,,,,,,,,,,,,,,,,,,,,,,,,,,,,,,,,,
,,,,,,,,,,,,,,,,,,,,,,,,,,,,,,,,,,,,,,,,,,,,,,,,,,,,,,,,,,,,,,,,,,,,,,,,,,,,,,,,,,,,,,,,,,,,,,,,,,,,,,,,,,,,,,,,,,,,,,,,,
,,,,,,,,,,,,,,,,,,,,,,,,,,,,,,,,,,,,,,,,,,,,,,,,,,,,,,,,,,,,,,,,,,,,,,,,,,,,,,,,,,,,,,,,,,,,,,,,,,,,,,,,,,,,,,,,,,,,,,,,,
,,,,,,,,,,,,,,,,,,,,,,,,,,,,,,,,,,,,,,,,,,,,,,,,,,,,,,,,,,,,,,,,,,,,,,,,,,,,,,,,,,,,,,,,,,,,,,,,,,,,,,,,,,,,,,,,,,,,,,,,,
,,,,,,,,,,,,,,,,,,,,,,,,,,,,,,,,,,,,,,,,,,,,,,,,,,,,,,,,,,,,,,,,,,,,,,,,,,,,,,,,,,,,,,,,,,,,,,,,,,,,,,,,,,,,,,,,,,,,,,,,,
,,,,,,,,,,,,,,,,,,,,,,,,,,,,,,,,,,,,,,,,,,,,,,,,,,,,,,,,,,,,,,,,,,,,,,,,,,,,,,,,,,,,,,,,,,,,,,,,,,,,,,,,,,,,,,,,,,,,,,,,,
,,,,,,,,,,,,,,,,,,,,,,,,,,,,,,,,,,,,,,,,,,,,,,,,,,,,,,,,,,,,,,,,,,,,,,,,,,,,,,,,,,,,,,,,,,,,,,,,,,,,,,,,,,,,,,,,,,,,,,,,,
,,,,,,,,,,,,,,,,,,,,,,,,,,,,,,,,,,,,,,,,,,,,,,,,,,,,,,,,,,,,,,,,,,,,,,,,,,,,,,,,,,,,,,,,,,,,,,,,,,,,,,,,,,,,,,,,,,,,,,,,,
,,,,,,,,,,,,,,,,,,,,,,,,,,,,,,,,,,,,,,,,,,,,,,,,,,,,,,,,,,,,,,,,,,,,,,,,,,,,,,,,,,,,,,,,,,,,,,,,,,,,,,,,,,,,,,,,,,,,,,,,,
,,,,,,,,,,,,,,,,,,,,,,,,,,,,,,,,,,,,,,,,,,,,,,,,,,,,,,,,,,,,,,,,,,,,,,,,,,,,,,,,,,,,,,,,,,,,,,,,,,,,,,,,,,,,,,,,,,,,,,,,,
,,,,,,,,,,,,,,,,,,,,,,,,,,,,,,,,,,,,,,,,,,,,,,,,,,,,,,,,,,,,,,,,,,,,,,,,,,,,,,,,,,,,,,,,,,,,,,,,,,,,,,,,,,,,,,,,,,,,,,,,,
,,,,,,,,,,,,,,,,,,,,,,,,,,,,,,,,,,,,,,,,,,,,,,,,,,,,,,,,,,,,,,,,,,,,,,,,,,,,,,,,,,,,,,,,,,,,,,,,,,,,,,,,,,,,,,,,,,,,,,,,,
,,,,,,,,,,,,,,,,,,,,,,,,,,,,,,,,,,,,,,,,,,,,,,,,,,,,,,,,,,,,,,,,,,,,,,,,,,,,,,,,,,,,,,,,,,,,,,,,,,,,,,,,,,,,,,,,,,,,,,,,,
,,,,,,,,,,,,,,,,,,,,,,,,,,,,,,,,,,,,,,,,,,,,,,,,,,,,,,,,,,,,,,,,,,,,,,,,,,,,,,,,,,,,,,,,,,,,,,,,,,,,,,,,,,,,,,,,,,,,,,,,,
,,,,,,,,,,,,,,,,,,,,,,,,,,,,,,,,,,,,,,,,,,,,,,,,,,,,,,,,,,,,,,,,,,,,,,,,,,,,,,,,,,,,,,,,,,,,,,,,,,,,,,,,,,,,,,,,,,,,,,,,,
,,,,,,,,,,,,,,,,,,,,,,,,,,,,,,,,,,,,,,,,,,,,,,,,,,,,,,,,,,,,,,,,,,,,,,,,,,,,,,,,,,,,,,,,,,,,,,,,,,,,,,,,,,,,,,,,,,,,,,,,,
,,,,,,,,,,,,,,,,,,,,,,,,,,,,,,,,,,,,,,,,,,,,,,,,,,,,,,,,,,,,,,,,,,,,,,,,,,,,,,,,,,,,,,,,,,,,,,,,,,,,,,,,,,,,,,,,,,,,,,,,,
,,,,,,,,,,,,,,,,,,,,,,,,,,,,,,,,,,,,,,,,,,,,,,,,,,,,,,,,,,,,,,,,,,,,,,,,,,,,,,,,,,,,,,,,,,,,,,,,,,,,,,,,,,,,,,,,,,,,,,,,,
,,,,,,,,,,,,,,,,,,,,,,,,,,,,,,,,,,,,,,,,,,,,,,,,,,,,,,,,,,,,,,,,,,,,,,,,,,,,,,,,,,,,,,,,,,,,,,,,,,,,,,,,,,,,,,,,,,,,,,,,,
,,,,,,,,,,,,,,,,,,,,,,,,,,,,,,,,,,,,,,,,,,,,,,,,,,,,,,,,,,,,,,,,,,,,,,,,,,,,,,,,,,,,,,,,,,,,,,,,,,,,,,,,,,,,,,,,,,,,,,,,,
,,,,,,,,,,,,,,,,,,,,,,,,,,,,,,,,,,,,,,,,,,,,,,,,,,,,,,,,,,,,,,,,,,,,,,,,,,,,,,,,,,,,,,,,,,,,,,,,,,,,,,,,,,,,,,,,,,,,,,,,,
,,,,,,,,,,,,,,,,,,,,,,,,,,,,,,,,,,,,,,,,,,,,,,,,,,,,,,,,,,,,,,,,,,,,,,,,,,,,,,,,,,,,,,,,,,,,,,,,,,,,,,,,,,,,,,,,,,,,,,,,,
,,,,,,,,,,,,,,,,,,,,,,,,,,,,,,,,,,,,,,,,,,,,,,,,,,,,,,,,,,,,,,,,,,,,,,,,,,,,,,,,,,,,,,,,,,,,,,,,,,,,,,,,,,,,,,,,,,,,,,,,,
,,,,,,,,,,,,,,,,,,,,,,,,,,,,,,,,,,,,,,,,,,,,,,,,,,,,,,,,,,,,,,,,,,,,,,,,,,,,,,,,,,,,,,,,,,,,,,,,,,,,,,,,,,,,,,,,,,,,,,,,,
,,,,,,,,,,,,,,,,,,,,,,,,,,,,,,,,,,,,,,,,,,,,,,,,,,,,,,,,,,,,,,,,,,,,,,,,,,,,,,,,,,,,,,,,,,,,,,,,,,,,,,,,,,,,,,,,,,,,,,,,,
,,,,,,,,,,,,,,,,,,,,,,,,,,,,,,,,,,,,,,,,,,,,,,,,,,,,,,,,,,,,,,,,,,,,,,,,,,,,,,,,,,,,,,,,,,,,,,,,,,,,,,,,,,,,,,,,,,,,,,,,,
,,,,,,,,,,,,,,,,,,,,,,,,,,,,,,,,,,,,,,,,,,,,,,,,,,,,,,,,,,,,,,,,,,,,,,,,,,,,,,,,,,,,,,,,,,,,,,,,,,,,,,,,,,,,,,,,,,,,,,,,,
,,,,,,,,,,,,,,,,,,,,,,,,,,,,,,,,,,,,,,,,,,,,,,,,,,,,,,,,,,,,,,,,,,,,,,,,,,,,,,,,,,,,,,,,,,,,,,,,,,,,,,,,,,,,,,,,,,,,,,,,,
,,,,,,,,,,,,,,,,,,,,,,,,,,,,,,,,,,,,,,,,,,,,,,,,,,,,,,,,,,,,,,,,,,,,,,,,,,,,,,,,,,,,,,,,,,,,,,,,,,,,,,,,,,,,,,,,,,,,,,,,,
,,,,,,,,,,,,,,,,,,,,,,,,,,,,,,,,,,,,,,,,,,,,,,,,,,,,,,,,,,,,,,,,,,,,,,,,,,,,,,,,,,,,,,,,,,,,,,,,,,,,,,,,,,,,,,,,,,,,,,,,,
,,,,,,,,,,,,,,,,,,,,,,,,,,,,,,,,,,,,,,,,,,,,,,,,,,,,,,,,,,,,,,,,,,,,,,,,,,,,,,,,,,,,,,,,,,,,,,,,,,,,,,,,,,,,,,,,,,,,,,,,,
,,,,,,,,,,,,,,,,,,,,,,,,,,,,,,,,,,,,,,,,,,,,,,,,,,,,,,,,,,,,,,,,,,,,,,,,,,,,,,,,,,,,,,,,,,,,,,,,,,,,,,,,,,,,,,,,,,,,,,,,,
,,,,,,,,,,,,,,,,,,,,,,,,,,,,,,,,,,,,,,,,,,,,,,,,,,,,,,,,,,,,,,,,,,,,,,,,,,,,,,,,,,,,,,,,,,,,,,,,,,,,,,,,,,,,,,,,,,,,,,,,,
,,,,,,,,,,,,,,,,,,,,,,,,,,,,,,,,,,,,,,,,,,,,,,,,,,,,,,,,,,,,,,,,,,,,,,,,,,,,,,,,,,,,,,,,,,,,,,,,,,,,,,,,,,,,,,,,,,,,,,,,,
,,,,,,,,,,,,,,,,,,,,,,,,,,,,,,,,,,,,,,,,,,,,,,,,,,,,,,,,,,,,,,,,,,,,,,,,,,,,,,,,,,,,,,,,,,,,,,,,,,,,,,,,,,,,,,,,,,,,,,,,,
,,,,,,,,,,,,,,,,,,,,,,,,,,,,,,,,,,,,,,,,,,,,,,,,,,,,,,,,,,,,,,,,,,,,,,,,,,,,,,,,,,,,,,,,,,,,,,,,,,,,,,,,,,,,,,,,,,,,,,,,,
,,,,,,,,,,,,,,,,,,,,,,,,,,,,,,,,,,,,,,,,,,,,,,,,,,,,,,,,,,,,,,,,,,,,,,,,,,,,,,,,,,,,,,,,,,,,,,,,,,,,,,,,,,,,,,,,,,,,,,,,,
,,,,,,,,,,,,,,,,,,,,,,,,,,,,,,,,,,,,,,,,,,,,,,,,,,,,,,,,,,,,,,,,,,,,,,,,,,,,,,,,,,,,,,,,,,,,,,,,,,,,,,,,,,,,,,,,,,,,,,,,,
,,,,,,,,,,,,,,,,,,,,,,,,,,,,,,,,,,,,,,,,,,,,,,,,,,,,,,,,,,,,,,,,,,,,,,,,,,,,,,,,,,,,,,,,,,,,,,,,,,,,,,,,,,,,,,,,,,,,,,,,,
,,,,,,,,,,,,,,,,,,,,,,,,,,,,,,,,,,,,,,,,,,,,,,,,,,,,,,,,,,,,,,,,,,,,,,,,,,,,,,,,,,,,,,,,,,,,,,,,,,,,,,,,,,,,,,,,,,,,,,,,,
,,,,,,,,,,,,,,,,,,,,,,,,,,,,,,,,,,,,,,,,,,,,,,,,,,,,,,,,,,,,,,,,,,,,,,,,,,,,,,,,,,,,,,,,,,,,,,,,,,,,,,,,,,,,,,,,,,,,,,,,,
,,,,,,,,,,,,,,,,,,,,,,,,,,,,,,,,,,,,,,,,,,,,,,,,,,,,,,,,,,,,,,,,,,,,,,,,,,,,,,,,,,,,,,,,,,,,,,,,,,,,,,,,,,,,,,,,,,,,,,,,,
,,,,,,,,,,,,,,,,,,,,,,,,,,,,,,,,,,,,,,,,,,,,,,,,,,,,,,,,,,,,,,,,,,,,,,,,,,,,,,,,,,,,,,,,,,,,,,,,,,,,,,,,,,,,,,,,,,,,,,,,,
,,,,,,,,,,,,,,,,,,,,,,,,,,,,,,,,,,,,,,,,,,,,,,,,,,,,,,,,,,,,,,,,,,,,,,,,,,,,,,,,,,,,,,,,,,,,,,,,,,,,,,,,,,,,,,,,,,,,,,,,,
,,,,,,,,,,,,,,,,,,,,,,,,,,,,,,,,,,,,,,,,,,,,,,,,,,,,,,,,,,,,,,,,,,,,,,,,,,,,,,,,,,,,,,,,,,,,,,,,,,,,,,,,,,,,,,,,,,,,,,,,,
,,,,,,,,,,,,,,,,,,,,,,,,,,,,,,,,,,,,,,,,,,,,,,,,,,,,,,,,,,,,,,,,,,,,,,,,,,,,,,,,,,,,,,,,,,,,,,,,,,,,,,,,,,,,,,,,,,,,,,,,,
,,,,,,,,,,,,,,,,,,,,,,,,,,,,,,,,,,,,,,,,,,,,,,,,,,,,,,,,,,,,,,,,,,,,,,,,,,,,,,,,,,,,,,,,,,,,,,,,,,,,,,,,,,,,,,,,,,,,,,,,,
,,,,,,,,,,,,,,,,,,,,,,,,,,,,,,,,,,,,,,,,,,,,,,,,,,,,,,,,,,,,,,,,,,,,,,,,,,,,,,,,,,,,,,,,,,,,,,,,,,,,,,,,,,,,,,,,,,,,,,,,,
,,,,,,,,,,,,,,,,,,,,,,,,,,,,,,,,,,,,,,,,,,,,,,,,,,,,,,,,,,,,,,,,,,,,,,,,,,,,,,,,,,,,,,,,,,,,,,,,,,,,,,,,,,,,,,,,,,,,,,,,,
,,,,,,,,,,,,,,,,,,,,,,,,,,,,,,,,,,,,,,,,,,,,,,,,,,,,,,,,,,,,,,,,,,,,,,,,,,,,,,,,,,,,,,,,,,,,,,,,,,,,,,,,,,,,,,,,,,,,,,,,,
,,,,,,,,,,,,,,,,,,,,,,,,,,,,,,,,,,,,,,,,,,,,,,,,,,,,,,,,,,,,,,,,,,,,,,,,,,,,,,,,,,,,,,,,,,,,,,,,,,,,,,,,,,,,,,,,,,,,,,,,,
,,,,,,,,,,,,,,,,,,,,,,,,,,,,,,,,,,,,,,,,,,,,,,,,,,,,,,,,,,,,,,,,,,,,,,,,,,,,,,,,,,,,,,,,,,,,,,,,,,,,,,,,,,,,,,,,,,,,,,,,,
,,,,,,,,,,,,,,,,,,,,,,,,,,,,,,,,,,,,,,,,,,,,,,,,,,,,,,,,,,,,,,,,,,,,,,,,,,,,,,,,,,,,,,,,,,,,,,,,,,,,,,,,,,,,,,,,,,,,,,,,,
,,,,,,,,,,,,,,,,,,,,,,,,,,,,,,,,,,,,,,,,,,,,,,,,,,,,,,,,,,,,,,,,,,,,,,,,,,,,,,,,,,,,,,,,,,,,,,,,,,,,,,,,,,,,,,,,,,,,,,,,,
,,,,,,,,,,,,,,,,,,,,,,,,,,,,,,,,,,,,,,,,,,,,,,,,,,,,,,,,,,,,,,,,,,,,,,,,,,,,,,,,,,,,,,,,,,,,,,,,,,,,,,,,,,,,,,,,,,,,,,,,,
,,,,,,,,,,,,,,,,,,,,,,,,,,,,,,,,,,,,,,,,,,,,,,,,,,,,,,,,,,,,,,,,,,,,,,,,,,,,,,,,,,,,,,,,,,,,,,,,,,,,,,,,,,,,,,,,,,,,,,,,,
,,,,,,,,,,,,,,,,,,,,,,,,,,,,,,,,,,,,,,,,,,,,,,,,,,,,,,,,,,,,,,,,,,,,,,,,,,,,,,,,,,,,,,,,,,,,,,,,,,,,,,,,,,,,,,,,,,,,,,,,,
,,,,,,,,,,,,,,,,,,,,,,,,,,,,,,,,,,,,,,,,,,,,,,,,,,,,,,,,,,,,,,,,,,,,,,,,,,,,,,,,,,,,,,,,,,,,,,,,,,,,,,,,,,,,,,,,,,,,,,,,,
,,,,,,,,,,,,,,,,,,,,,,,,,,,,,,,,,,,,,,,,,,,,,,,,,,,,,,,,,,,,,,,,,,,,,,,,,,,,,,,,,,,,,,,,,,,,,,,,,,,,,,,,,,,,,,,,,,,,,,,,,
,,,,,,,,,,,,,,,,,,,,,,,,,,,,,,,,,,,,,,,,,,,,,,,,,,,,,,,,,,,,,,,,,,,,,,,,,,,,,,,,,,,,,,,,,,,,,,,,,,,,,,,,,,,,,,,,,,,,,,,,,
,,,,,,,,,,,,,,,,,,,,,,,,,,,,,,,,,,,,,,,,,,,,,,,,,,,,,,,,,,,,,,,,,,,,,,,,,,,,,,,,,,,,,,,,,,,,,,,,,,,,,,,,,,,,,,,,,,,,,,,,,
,,,,,,,,,,,,,,,,,,,,,,,,,,,,,,,,,,,,,,,,,,,,,,,,,,,,,,,,,,,,,,,,,,,,,,,,,,,,,,,,,,,,,,,,,,,,,,,,,,,,,,,,,,,,,,,,,,,,,,,,,
,,,,,,,,,,,,,,,,,,,,,,,,,,,,,,,,,,,,,,,,,,,,,,,,,,,,,,,,,,,,,,,,,,,,,,,,,,,,,,,,,,,,,,,,,,,,,,,,,,,,,,,,,,,,,,,,,,,,,,,,,
,,,,,,,,,,,,,,,,,,,,,,,,,,,,,,,,,,,,,,,,,,,,,,,,,,,,,,,,,,,,,,,,,,,,,,,,,,,,,,,,,,,,,,,,,,,,,,,,,,,,,,,,,,,,,,,,,,,,,,,,,
,,,,,,,,,,,,,,,,,,,,,,,,,,,,,,,,,,,,,,,,,,,,,,,,,,,,,,,,,,,,,,,,,,,,,,,,,,,,,,,,,,,,,,,,,,,,,,,,,,,,,,,,,,,,,,,,,,,,,,,,,
,,,,,,,,,,,,,,,,,,,,,,,,,,,,,,,,,,,,,,,,,,,,,,,,,,,,,,,,,,,,,,,,,,,,,,,,,,,,,,,,,,,,,,,,,,,,,,,,,,,,,,,,,,,,,,,,,,,,,,,,,
,,,,,,,,,,,,,,,,,,,,,,,,,,,,,,,,,,,,,,,,,,,,,,,,,,,,,,,,,,,,,,,,,,,,,,,,,,,,,,,,,,,,,,,,,,,,,,,,,,,,,,,,,,,,,,,,,,,,,,,,,
,,,,,,,,,,,,,,,,,,,,,,,,,,,,,,,,,,,,,,,,,,,,,,,,,,,,,,,,,,,,,,,,,,,,,,,,,,,,,,,,,,,,,,,,,,,,,,,,,,,,,,,,,,,,,,,,,,,,,,,,,
,,,,,,,,,,,,,,,,,,,,,,,,,,,,,,,,,,,,,,,,,,,,,,,,,,,,,,,,,,,,,,,,,,,,,,,,,,,,,,,,,,,,,,,,,,,,,,,,,,,,,,,,,,,,,,,,,,,,,,,,,
,,,,,,,,,,,,,,,,,,,,,,,,,,,,,,,,,,,,,,,,,,,,,,,,,,,,,,,,,,,,,,,,,,,,,,,,,,,,,,,,,,,,,,,,,,,,,,,,,,,,,,,,,,,,,,,,,,,,,,,,,
,,,,,,,,,,,,,,,,,,,,,,,,,,,,,,,,,,,,,,,,,,,,,,,,,,,,,,,,,,,,,,,,,,,,,,,,,,,,,,,,,,,,,,,,,,,,,,,,,,,,,,,,,,,,,,,,,,,,,,,,,
,,,,,,,,,,,,,,,,,,,,,,,,,,,,,,,,,,,,,,,,,,,,,,,,,,,,,,,,,,,,,,,,,,,,,,,,,,,,,,,,,,,,,,,,,,,,,,,,,,,,,,,,,,,,,,,,,,,,,,,,,
,,,,,,,,,,,,,,,,,,,,,,,,,,,,,,,,,,,,,,,,,,,,,,,,,,,,,,,,,,,,,,,,,,,,,,,,,,,,,,,,,,,,,,,,,,,,,,,,,,,,,,,,,,,,,,,,,,,,,,,,,
,,,,,,,,,,,,,,,,,,,,,,,,,,,,,,,,,,,,,,,,,,,,,,,,,,,,,,,,,,,,,,,,,,,,,,,,,,,,,,,,,,,,,,,,,,,,,,,,,,,,,,,,,,,,,,,,,,,,,,,,,
,,,,,,,,,,,,,,,,,,,,,,,,,,,,,,,,,,,,,,,,,,,,,,,,,,,,,,,,,,,,,,,,,,,,,,,,,,,,,,,,,,,,,,,,,,,,,,,,,,,,,,,,,,,,,,,,,,,,,,,,,
,,,,,,,,,,,,,,,,,,,,,,,,,,,,,,,,,,,,,,,,,,,,,,,,,,,,,,,,,,,,,,,,,,,,,,,,,,,,,,,,,,,,,,,,,,,,,,,,,,,,,,,,,,,,,,,,,,,,,,,,,
,,,,,,,,,,,,,,,,,,,,,,,,,,,,,,,,,,,,,,,,,,,,,,,,,,,,,,,,,,,,,,,,,,,,,,,,,,,,,,,,,,,,,,,,,,,,,,,,,,,,,,,,,,,,,,,,,,,,,,,,,
,,,,,,,,,,,,,,,,,,,,,,,,,,,,,,,,,,,,,,,,,,,,,,,,,,,,,,,,,,,,,,,,,,,,,,,,,,,,,,,,,,,,,,,,,,,,,,,,,,,,,,,,,,,,,,,,,,,,,,,,,
,,,,,,,,,,,,,,,,,,,,,,,,,,,,,,,,,,,,,,,,,,,,,,,,,,,,,,,,,,,,,,,,,,,,,,,,,,,,,,,,,,,,,,,,,,,,,,,,,,,,,,,,,,,,,,,,,,,,,,,,,
,,,,,,,,,,,,,,,,,,,,,,,,,,,,,,,,,,,,,,,,,,,,,,,,,,,,,,,,,,,,,,,,,,,,,,,,,,,,,,,,,,,,,,,,,,,,,,,,,,,,,,,,,,,,,,,,,,,,,,,,,
,,,,,,,,,,,,,,,,,,,,,,,,,,,,,,,,,,,,,,,,,,,,,,,,,,,,,,,,,,,,,,,,,,,,,,,,,,,,,,,,,,,,,,,,,,,,,,,,,,,,,,,,,,,,,,,,,,,,,,,,,
,,,,,,,,,,,,,,,,,,,,,,,,,,,,,,,,,,,,,,,,,,,,,,,,,,,,,,,,,,,,,,,,,,,,,,,,,,,,,,,,,,,,,,,,,,,,,,,,,,,,,,,,,,,,,,,,,,,,,,,,,
,,,,,,,,,,,,,,,,,,,,,,,,,,,,,,,,,,,,,,,,,,,,,,,,,,,,,,,,,,,,,,,,,,,,,,,,,,,,,,,,,,,,,,,,,,,,,,,,,,,,,,,,,,,,,,,,,,,,,,,,,
,,,,,,,,,,,,,,,,,,,,,,,,,,,,,,,,,,,,,,,,,,,,,,,,,,,,,,,,,,,,,,,,,,,,,,,,,,,,,,,,,,,,,,,,,,,,,,,,,,,,,,,,,,,,,,,,,,,,,,,,,
,,,,,,,,,,,,,,,,,,,,,,,,,,,,,,,,,,,,,,,,,,,,,,,,,,,,,,,,,,,,,,,,,,,,,,,,,,,,,,,,,,,,,,,,,,,,,,,,,,,,,,,,,,,,,,,,,,,,,,,,,
,,,,,,,,,,,,,,,,,,,,,,,,,,,,,,,,,,,,,,,,,,,,,,,,,,,,,,,,,,,,,,,,,,,,,,,,,,,,,,,,,,,,,,,,,,,,,,,,,,,,,,,,,,,,,,,,,,,,,,,,,
,,,,,,,,,,,,,,,,,,,,,,,,,,,,,,,,,,,,,,,,,,,,,,,,,,,,,,,,,,,,,,,,,,,,,,,,,,,,,,,,,,,,,,,,,,,,,,,,,,,,,,,,,,,,,,,,,,,,,,,,,
,,,,,,,,,,,,,,,,,,,,,,,,,,,,,,,,,,,,,,,,,,,,,,,,,,,,,,,,,,,,,,,,,,,,,,,,,,,,,,,,,,,,,,,,,,,,,,,,,,,,,,,,,,,,,,,,,,,,,,,,,
,,,,,,,,,,,,,,,,,,,,,,,,,,,,,,,,,,,,,,,,,,,,,,,,,,,,,,,,,,,,,,,,,,,,,,,,,,,,,,,,,,,,,,,,,,,,,,,,,,,,,,,,,,,,,,,,,,,,,,,,,
,,,,,,,,,,,,,,,,,,,,,,,,,,,,,,,,,,,,,,,,,,,,,,,,,,,,,,,,,,,,,,,,,,,,,,,,,,,,,,,,,,,,,,,,,,,,,,,,,,,,,,,,,,,,,,,,,,,,,,,,,
,,,,,,,,,,,,,,,,,,,,,,,,,,,,,,,,,,,,,,,,,,,,,,,,,,,,,,,,,,,,,,,,,,,,,,,,,,,,,,,,,,,,,,,,,,,,,,,,,,,,,,,,,,,,,,,,,,,,,,,,,
,,,,,,,,,,,,,,,,,,,,,,,,,,,,,,,,,,,,,,,,,,,,,,,,,,,,,,,,,,,,,,,,,,,,,,,,,,,,,,,,,,,,,,,,,,,,,,,,,,,,,,,,,,,,,,,,,,,,,,,,,
,,,,,,,,,,,,,,,,,,,,,,,,,,,,,,,,,,,,,,,,,,,,,,,,,,,,,,,,,,,,,,,,,,,,,,,,,,,,,,,,,,,,,,,,,,,,,,,,,,,,,,,,,,,,,,,,,,,,,,,,,
,,,,,,,,,,,,,,,,,,,,,,,,,,,,,,,,,,,,,,,,,,,,,,,,,,,,,,,,,,,,,,,,,,,,,,,,,,,,,,,,,,,,,,,,,,,,,,,,,,,,,,,,,,,,,,,,,,,,,,,,,
,,,,,,,,,,,,,,,,,,,,,,,,,,,,,,,,,,,,,,,,,,,,,,,,,,,,,,,,,,,,,,,,,,,,,,,,,,,,,,,,,,,,,,,,,,,,,,,,,,,,,,,,,,,,,,,,,,,,,,,,,
,,,,,,,,,,,,,,,,,,,,,,,,,,,,,,,,,,,,,,,,,,,,,,,,,,,,,,,,,,,,,,,,,,,,,,,,,,,,,,,,,,,,,,,,,,,,,,,,,,,,,,,,,,,,,,,,,,,,,,,,,
,,,,,,,,,,,,,,,,,,,,,,,,,,,,,,,,,,,,,,,,,,,,,,,,,,,,,,,,,,,,,,,,,,,,,,,,,,,,,,,,,,,,,,,,,,,,,,,,,,,,,,,,,,,,,,,,,,,,,,,,,
,,,,,,,,,,,,,,,,,,,,,,,,,,,,,,,,,,,,,,,,,,,,,,,,,,,,,,,,,,,,,,,,,,,,,,,,,,,,,,,,,,,,,,,,,,,,,,,,,,,,,,,,,,,,,,,,,,,,,,,,,
,,,,,,,,,,,,,,,,,,,,,,,,,,,,,,,,,,,,,,,,,,,,,,,,,,,,,,,,,,,,,,,,,,,,,,,,,,,,,,,,,,,,,,,,,,,,,,,,,,,,,,,,,,,,,,,,,,,,,,,,,
,,,,,,,,,,,,,,,,,,,,,,,,,,,,,,,,,,,,,,,,,,,,,,,,,,,,,,,,,,,,,,,,,,,,,,,,,,,,,,,,,,,,,,,,,,,,,,,,,,,,,,,,,,,,,,,,,,,,,,,,,
,,,,,,,,,,,,,,,,,,,,,,,,,,,,,,,,,,,,,,,,,,,,,,,,,,,,,,,,,,,,,,,,,,,,,,,,,,,,,,,,,,,,,,,,,,,,,,,,,,,,,,,,,,,,,,,,,,,,,,,,,
,,,,,,,,,,,,,,,,,,,,,,,,,,,,,,,,,,,,,,,,,,,,,,,,,,,,,,,,,,,,,,,,,,,,,,,,,,,,,,,,,,,,,,,,,,,,,,,,,,,,,,,,,,,,,,,,,,,,,,,,,
,,,,,,,,,,,,,,,,,,,,,,,,,,,,,,,,,,,,,,,,,,,,,,,,,,,,,,,,,,,,,,,,,,,,,,,,,,,,,,,,,,,,,,,,,,,,,,,,,,,,,,,,,,,,,,,,,,,,,,,,,
,,,,,,,,,,,,,,,,,,,,,,,,,,,,,,,,,,,,,,,,,,,,,,,,,,,,,,,,,,,,,,,,,,,,,,,,,,,,,,,,,,,,,,,,,,,,,,,,,,,,,,,,,,,,,,,,,,,,,,,,,
,,,,,,,,,,,,,,,,,,,,,,,,,,,,,,,,,,,,,,,,,,,,,,,,,,,,,,,,,,,,,,,,,,,,,,,,,,,,,,,,,,,,,,,,,,,,,,,,,,,,,,,,,,,,,,,,,,,,,,,,,
,,,,,,,,,,,,,,,,,,,,,,,,,,,,,,,,,,,,,,,,,,,,,,,,,,,,,,,,,,,,,,,,,,,,,,,,,,,,,,,,,,,,,,,,,,,,,,,,,,,,,,,,,,,,,,,,,,,,,,,,,
,,,,,,,,,,,,,,,,,,,,,,,,,,,,,,,,,,,,,,,,,,,,,,,,,,,,,,,,,,,,,,,,,,,,,,,,,,,,,,,,,,,,,,,,,,,,,,,,,,,,,,,,,,,,,,,,,,,,,,,,,
,,,,,,,,,,,,,,,,,,,,,,,,,,,,,,,,,,,,,,,,,,,,,,,,,,,,,,,,,,,,,,,,,,,,,,,,,,,,,,,,,,,,,,,,,,,,,,,,,,,,,,,,,,,,,,,,,,,,,,,,,
,,,,,,,,,,,,,,,,,,,,,,,,,,,,,,,,,,,,,,,,,,,,,,,,,,,,,,,,,,,,,,,,,,,,,,,,,,,,,,,,,,,,,,,,,,,,,,,,,,,,,,,,,,,,,,,,,,,,,,,,,
,,,,,,,,,,,,,,,,,,,,,,,,,,,,,,,,,,,,,,,,,,,,,,,,,,,,,,,,,,,,,,,,,,,,,,,,,,,,,,,,,,,,,,,,,,,,,,,,,,,,,,,,,,,,,,,,,,,,,,,,,
,,,,,,,,,,,,,,,,,,,,,,,,,,,,,,,,,,,,,,,,,,,,,,,,,,,,,,,,,,,,,,,,,,,,,,,,,,,,,,,,,,,,,,,,,,,,,,,,,,,,,,,,,,,,,,,,,,,,,,,,,
,,,,,,,,,,,,,,,,,,,,,,,,,,,,,,,,,,,,,,,,,,,,,,,,,,,,,,,,,,,,,,,,,,,,,,,,,,,,,,,,,,,,,,,,,,,,,,,,,,,,,,,,,,,,,,,,,,,,,,,,,
,,,,,,,,,,,,,,,,,,,,,,,,,,,,,,,,,,,,,,,,,,,,,,,,,,,,,,,,,,,,,,,,,,,,,,,,,,,,,,,,,,,,,,,,,,,,,,,,,,,,,,,,,,,,,,,,,,,,,,,,,
,,,,,,,,,,,,,,,,,,,,,,,,,,,,,,,,,,,,,,,,,,,,,,,,,,,,,,,,,,,,,,,,,,,,,,,,,,,,,,,,,,,,,,,,,,,,,,,,,,,,,,,,,,,,,,,,,,,,,,,,,
,,,,,,,,,,,,,,,,,,,,,,,,,,,,,,,,,,,,,,,,,,,,,,,,,,,,,,,,,,,,,,,,,,,,,,,,,,,,,,,,,,,,,,,,,,,,,,,,,,,,,,,,,,,,,,,,,,,,,,,,,
,,,,,,,,,,,,,,,,,,,,,,,,,,,,,,,,,,,,,,,,,,,,,,,,,,,,,,,,,,,,,,,,,,,,,,,,,,,,,,,,,,,,,,,,,,,,,,,,,,,,,,,,,,,,,,,,,,,,,,,,,
,,,,,,,,,,,,,,,,,,,,,,,,,,,,,,,,,,,,,,,,,,,,,,,,,,,,,,,,,,,,,,,,,,,,,,,,,,,,,,,,,,,,,,,,,,,,,,,,,,,,,,,,,,,,,,,,,,,,,,,,,
,,,,,,,,,,,,,,,,,,,,,,,,,,,,,,,,,,,,,,,,,,,,,,,,,,,,,,,,,,,,,,,,,,,,,,,,,,,,,,,,,,,,,,,,,,,,,,,,,,,,,,,,,,,,,,,,,,,,,,,,,
,,,,,,,,,,,,,,,,,,,,,,,,,,,,,,,,,,,,,,,,,,,,,,,,,,,,,,,,,,,,,,,,,,,,,,,,,,,,,,,,,,,,,,,,,,,,,,,,,,,,,,,,,,,,,,,,,,,,,,,,,
,,,,,,,,,,,,,,,,,,,,,,,,,,,,,,,,,,,,,,,,,,,,,,,,,,,,,,,,,,,,,,,,,,,,,,,,,,,,,,,,,,,,,,,,,,,,,,,,,,,,,,,,,,,,,,,,,,,,,,,,,
,,,,,,,,,,,,,,,,,,,,,,,,,,,,,,,,,,,,,,,,,,,,,,,,,,,,,,,,,,,,,,,,,,,,,,,,,,,,,,,,,,,,,,,,,,,,,,,,,,,,,,,,,,,,,,,,,,,,,,,,,
,,,,,,,,,,,,,,,,,,,,,,,,,,,,,,,,,,,,,,,,,,,,,,,,,,,,,,,,,,,,,,,,,,,,,,,,,,,,,,,,,,,,,,,,,,,,,,,,,,,,,,,,,,,,,,,,,,,,,,,,,
,,,,,,,,,,,,,,,,,,,,,,,,,,,,,,,,,,,,,,,,,,,,,,,,,,,,,,,,,,,,,,,,,,,,,,,,,,,,,,,,,,,,,,,,,,,,,,,,,,,,,,,,,,,,,,,,,,,,,,,,,
,,,,,,,,,,,,,,,,,,,,,,,,,,,,,,,,,,,,,,,,,,,,,,,,,,,,,,,,,,,,,,,,,,,,,,,,,,,,,,,,,,,,,,,,,,,,,,,,,,,,,,,,,,,,,,,,,,,,,,,,,
,,,,,,,,,,,,,,,,,,,,,,,,,,,,,,,,,,,,,,,,,,,,,,,,,,,,,,,,,,,,,,,,,,,,,,,,,,,,,,,,,,,,,,,,,,,,,,,,,,,,,,,,,,,,,,,,,,,,,,,,,
,,,,,,,,,,,,,,,,,,,,,,,,,,,,,,,,,,,,,,,,,,,,,,,,,,,,,,,,,,,,,,,,,,,,,,,,,,,,,,,,,,,,,,,,,,,,,,,,,,,,,,,,,,,,,,,,,,,,,,,,,
,,,,,,,,,,,,,,,,,,,,,,,,,,,,,,,,,,,,,,,,,,,,,,,,,,,,,,,,,,,,,,,,,,,,,,,,,,,,,,,,,,,,,,,,,,,,,,,,,,,,,,,,,,,,,,,,,,,,,,,,,
,,,,,,,,,,,,,,,,,,,,,,,,,,,,,,,,,,,,,,,,,,,,,,,,,,,,,,,,,,,,,,,,,,,,,,,,,,,,,,,,,,,,,,,,,,,,,,,,,,,,,,,,,,,,,,,,,,,,,,,,,
,,,,,,,,,,,,,,,,,,,,,,,,,,,,,,,,,,,,,,,,,,,,,,,,,,,,,,,,,,,,,,,,,,,,,,,,,,,,,,,,,,,,,,,,,,,,,,,,,,,,,,,,,,,,,,,,,,,,,,,,,
,,,,,,,,,,,,,,,,,,,,,,,,,,,,,,,,,,,,,,,,,,,,,,,,,,,,,,,,,,,,,,,,,,,,,,,,,,,,,,,,,,,,,,,,,,,,,,,,,,,,,,,,,,,,,,,,,,,,,,,,,
,,,,,,,,,,,,,,,,,,,,,,,,,,,,,,,,,,,,,,,,,,,,,,,,,,,,,,,,,,,,,,,,,,,,,,,,,,,,,,,,,,,,,,,,,,,,,,,,,,,,,,,,,,,,,,,,,,,,,,,,,
,,,,,,,,,,,,,,,,,,,,,,,,,,,,,,,,,,,,,,,,,,,,,,,,,,,,,,,,,,,,,,,,,,,,,,,,,,,,,,,,,,,,,,,,,,,,,,,,,,,,,,,,,,,,,,,,,,,,,,,,,
,,,,,,,,,,,,,,,,,,,,,,,,,,,,,,,,,,,,,,,,,,,,,,,,,,,,,,,,,,,,,,,,,,,,,,,,,,,,,,,,,,,,,,,,,,,,,,,,,,,,,,,,,,,,,,,,,,,,,,,,,
,,,,,,,,,,,,,,,,,,,,,,,,,,,,,,,,,,,,,,,,,,,,,,,,,,,,,,,,,,,,,,,,,,,,,,,,,,,,,,,,,,,,,,,,,,,,,,,,,,,,,,,,,,,,,,,,,,,,,,,,,
,,,,,,,,,,,,,,,,,,,,,,,,,,,,,,,,,,,,,,,,,,,,,,,,,,,,,,,,,,,,,,,,,,,,,,,,,,,,,,,,,,,,,,,,,,,,,,,,,,,,,,,,,,,,,,,,,,,,,,,,,
,,,,,,,,,,,,,,,,,,,,,,,,,,,,,,,,,,,,,,,,,,,,,,,,,,,,,,,,,,,,,,,,,,,,,,,,,,,,,,,,,,,,,,,,,,,,,,,,,,,,,,,,,,,,,,,,,,,,,,,,,
,,,,,,,,,,,,,,,,,,,,,,,,,,,,,,,,,,,,,,,,,,,,,,,,,,,,,,,,,,,,,,,,,,,,,,,,,,,,,,,,,,,,,,,,,,,,,,,,,,,,,,,,,,,,,,,,,,,,,,,,,
,,,,,,,,,,,,,,,,,,,,,,,,,,,,,,,,,,,,,,,,,,,,,,,,,,,,,,,,,,,,,,,,,,,,,,,,,,,,,,,,,,,,,,,,,,,,,,,,,,,,,,,,,,,,,,,,,,,,,,,,,
,,,,,,,,,,,,,,,,,,,,,,,,,,,,,,,,,,,,,,,,,,,,,,,,,,,,,,,,,,,,,,,,,,,,,,,,,,,,,,,,,,,,,,,,,,,,,,,,,,,,,,,,,,,,,,,,,,,,,,,,,
,,,,,,,,,,,,,,,,,,,,,,,,,,,,,,,,,,,,,,,,,,,,,,,,,,,,,,,,,,,,,,,,,,,,,,,,,,,,,,,,,,,,,,,,,,,,,,,,,,,,,,,,,,,,,,,,,,,,,,,,,
,,,,,,,,,,,,,,,,,,,,,,,,,,,,,,,,,,,,,,,,,,,,,,,,,,,,,,,,,,,,,,,,,,,,,,,,,,,,,,,,,,,,,,,,,,,,,,,,,,,,,,,,,,,,,,,,,,,,,,,,,
,,,,,,,,,,,,,,,,,,,,,,,,,,,,,,,,,,,,,,,,,,,,,,,,,,,,,,,,,,,,,,,,,,,,,,,,,,,,,,,,,,,,,,,,,,,,,,,,,,,,,,,,,,,,,,,,,,,,,,,,,
,,,,,,,,,,,,,,,,,,,,,,,,,,,,,,,,,,,,,,,,,,,,,,,,,,,,,,,,,,,,,,,,,,,,,,,,,,,,,,,,,,,,,,,,,,,,,,,,,,,,,,,,,,,,,,,,,,,,,,,,,
,,,,,,,,,,,,,,,,,,,,,,,,,,,,,,,,,,,,,,,,,,,,,,,,,,,,,,,,,,,,,,,,,,,,,,,,,,,,,,,,,,,,,,,,,,,,,,,,,,,,,,,,,,,,,,,,,,,,,,,,,
,,,,,,,,,,,,,,,,,,,,,,,,,,,,,,,,,,,,,,,,,,,,,,,,,,,,,,,,,,,,,,,,,,,,,,,,,,,,,,,,,,,,,,,,,,,,,,,,,,,,,,,,,,,,,,,,,,,,,,,,,
,,,,,,,,,,,,,,,,,,,,,,,,,,,,,,,,,,,,,,,,,,,,,,,,,,,,,,,,,,,,,,,,,,,,,,,,,,,,,,,,,,,,,,,,,,,,,,,,,,,,,,,,,,,,,,,,,,,,,,,,,
,,,,,,,,,,,,,,,,,,,,,,,,,,,,,,,,,,,,,,,,,,,,,,,,,,,,,,,,,,,,,,,,,,,,,,,,,,,,,,,,,,,,,,,,,,,,,,,,,,,,,,,,,,,,,,,,,,,,,,,,,
,,,,,,,,,,,,,,,,,,,,,,,,,,,,,,,,,,,,,,,,,,,,,,,,,,,,,,,,,,,,,,,,,,,,,,,,,,,,,,,,,,,,,,,,,,,,,,,,,,,,,,,,,,,,,,,,,,,,,,,,,
,,,,,,,,,,,,,,,,,,,,,,,,,,,,,,,,,,,,,,,,,,,,,,,,,,,,,,,,,,,,,,,,,,,,,,,,,,,,,,,,,,,,,,,,,,,,,,,,,,,,,,,,,,,,,,,,,,,,,,,,,
,,,,,,,,,,,,,,,,,,,,,,,,,,,,,,,,,,,,,,,,,,,,,,,,,,,,,,,,,,,,,,,,,,,,,,,,,,,,,,,,,,,,,,,,,,,,,,,,,,,,,,,,,,,,,,,,,,,,,,,,,
,,,,,,,,,,,,,,,,,,,,,,,,,,,,,,,,,,,,,,,,,,,,,,,,,,,,,,,,,,,,,,,,,,,,,,,,,,,,,,,,,,,,,,,,,,,,,,,,,,,,,,,,,,,,,,,,,,,,,,,,,
,,,,,,,,,,,,,,,,,,,,,,,,,,,,,,,,,,,,,,,,,,,,,,,,,,,,,,,,,,,,,,,,,,,,,,,,,,,,,,,,,,,,,,,,,,,,,,,,,,,,,,,,,,,,,,,,,,,,,,,,,
,,,,,,,,,,,,,,,,,,,,,,,,,,,,,,,,,,,,,,,,,,,,,,,,,,,,,,,,,,,,,,,,,,,,,,,,,,,,,,,,,,,,,,,,,,,,,,,,,,,,,,,,,,,,,,,,,,,,,,,,,
,,,,,,,,,,,,,,,,,,,,,,,,,,,,,,,,,,,,,,,,,,,,,,,,,,,,,,,,,,,,,,,,,,,,,,,,,,,,,,,,,,,,,,,,,,,,,,,,,,,,,,,,,,,,,,,,,,,,,,,,,
,,,,,,,,,,,,,,,,,,,,,,,,,,,,,,,,,,,,,,,,,,,,,,,,,,,,,,,,,,,,,,,,,,,,,,,,,,,,,,,,,,,,,,,,,,,,,,,,,,,,,,,,,,,,,,,,,,,,,,,,,
,,,,,,,,,,,,,,,,,,,,,,,,,,,,,,,,,,,,,,,,,,,,,,,,,,,,,,,,,,,,,,,,,,,,,,,,,,,,,,,,,,,,,,,,,,,,,,,,,,,,,,,,,,,,,,,,,,,,,,,,,
,,,,,,,,,,,,,,,,,,,,,,,,,,,,,,,,,,,,,,,,,,,,,,,,,,,,,,,,,,,,,,,,,,,,,,,,,,,,,,,,,,,,,,,,,,,,,,,,,,,,,,,,,,,,,,,,,,,,,,,,,
,,,,,,,,,,,,,,,,,,,,,,,,,,,,,,,,,,,,,,,,,,,,,,,,,,,,,,,,,,,,,,,,,,,,,,,,,,,,,,,,,,,,,,,,,,,,,,,,,,,,,,,,,,,,,,,,,,,,,,,,,
,,,,,,,,,,,,,,,,,,,,,,,,,,,,,,,,,,,,,,,,,,,,,,,,,,,,,,,,,,,,,,,,,,,,,,,,,,,,,,,,,,,,,,,,,,,,,,,,,,,,,,,,,,,,,,,,,,,,,,,,,
,,,,,,,,,,,,,,,,,,,,,,,,,,,,,,,,,,,,,,,,,,,,,,,,,,,,,,,,,,,,,,,,,,,,,,,,,,,,,,,,,,,,,,,,,,,,,,,,,,,,,,,,,,,,,,,,,,,,,,,,,
,,,,,,,,,,,,,,,,,,,,,,,,,,,,,,,,,,,,,,,,,,,,,,,,,,,,,,,,,,,,,,,,,,,,,,,,,,,,,,,,,,,,,,,,,,,,,,,,,,,,,,,,,,,,,,,,,,,,,,,,,
,,,,,,,,,,,,,,,,,,,,,,,,,,,,,,,,,,,,,,,,,,,,,,,,,,,,,,,,,,,,,,,,,,,,,,,,,,,,,,,,,,,,,,,,,,,,,,,,,,,,,,,,,,,,,,,,,,,,,,,,,
,,,,,,,,,,,,,,,,,,,,,,,,,,,,,,,,,,,,,,,,,,,,,,,,,,,,,,,,,,,,,,,,,,,,,,,,,,,,,,,,,,,,,,,,,,,,,,,,,,,,,,,,,,,,,,,,,,,,,,,,,
,,,,,,,,,,,,,,,,,,,,,,,,,,,,,,,,,,,,,,,,,,,,,,,,,,,,,,,,,,,,,,,,,,,,,,,,,,,,,,,,,,,,,,,,,,,,,,,,,,,,,,,,,,,,,,,,,,,,,,,,,
,,,,,,,,,,,,,,,,,,,,,,,,,,,,,,,,,,,,,,,,,,,,,,,,,,,,,,,,,,,,,,,,,,,,,,,,,,,,,,,,,,,,,,,,,,,,,,,,,,,,,,,,,,,,,,,,,,,,,,,,,
,,,,,,,,,,,,,,,,,,,,,,,,,,,,,,,,,,,,,,,,,,,,,,,,,,,,,,,,,,,,,,,,,,,,,,,,,,,,,,,,,,,,,,,,,,,,,,,,,,,,,,,,,,,,,,,,,,,,,,,,,
,,,,,,,,,,,,,,,,,,,,,,,,,,,,,,,,,,,,,,,,,,,,,,,,,,,,,,,,,,,,,,,,,,,,,,,,,,,,,,,,,,,,,,,,,,,,,,,,,,,,,,,,,,,,,,,,,,,,,,,,,
,,,,,,,,,,,,,,,,,,,,,,,,,,,,,,,,,,,,,,,,,,,,,,,,,,,,,,,,,,,,,,,,,,,,,,,,,,,,,,,,,,,,,,,,,,,,,,,,,,,,,,,,,,,,,,,,,,,,,,,,,
,,,,,,,,,,,,,,,,,,,,,,,,,,,,,,,,,,,,,,,,,,,,,,,,,,,,,,,,,,,,,,,,,,,,,,,,,,,,,,,,,,,,,,,,,,,,,,,,,,,,,,,,,,,,,,,,,,,,,,,,,
,,,,,,,,,,,,,,,,,,,,,,,,,,,,,,,,,,,,,,,,,,,,,,,,,,,,,,,,,,,,,,,,,,,,,,,,,,,,,,,,,,,,,,,,,,,,,,,,,,,,,,,,,,,,,,,,,,,,,,,,,
,,,,,,,,,,,,,,,,,,,,,,,,,,,,,,,,,,,,,,,,,,,,,,,,,,,,,,,,,,,,,,,,,,,,,,,,,,,,,,,,,,,,,,,,,,,,,,,,,,,,,,,,,,,,,,,,,,,,,,,,,
,,,,,,,,,,,,,,,,,,,,,,,,,,,,,,,,,,,,,,,,,,,,,,,,,,,,,,,,,,,,,,,,,,,,,,,,,,,,,,,,,,,,,,,,,,,,,,,,,,,,,,,,,,,,,,,,,,,,,,,,,
,,,,,,,,,,,,,,,,,,,,,,,,,,,,,,,,,,,,,,,,,,,,,,,,,,,,,,,,,,,,,,,,,,,,,,,,,,,,,,,,,,,,,,,,,,,,,,,,,,,,,,,,,,,,,,,,,,,,,,,,,
,,,,,,,,,,,,,,,,,,,,,,,,,,,,,,,,,,,,,,,,,,,,,,,,,,,,,,,,,,,,,,,,,,,,,,,,,,,,,,,,,,,,,,,,,,,,,,,,,,,,,,,,,,,,,,,,,,,,,,,,,
,,,,,,,,,,,,,,,,,,,,,,,,,,,,,,,,,,,,,,,,,,,,,,,,,,,,,,,,,,,,,,,,,,,,,,,,,,,,,,,,,,,,,,,,,,,,,,,,,,,,,,,,,,,,,,,,,,,,,,,,,
,,,,,,,,,,,,,,,,,,,,,,,,,,,,,,,,,,,,,,,,,,,,,,,,,,,,,,,,,,,,,,,,,,,,,,,,,,,,,,,,,,,,,,,,,,,,,,,,,,,,,,,,,,,,,,,,,,,,,,,,,
,,,,,,,,,,,,,,,,,,,,,,,,,,,,,,,,,,,,,,,,,,,,,,,,,,,,,,,,,,,,,,,,,,,,,,,,,,,,,,,,,,,,,,,,,,,,,,,,,,,,,,,,,,,,,,,,,,,,,,,,,
,,,,,,,,,,,,,,,,,,,,,,,,,,,,,,,,,,,,,,,,,,,,,,,,,,,,,,,,,,,,,,,,,,,,,,,,,,,,,,,,,,,,,,,,,,,,,,,,,,,,,,,,,,,,,,,,,,,,,,,,,
,,,,,,,,,,,,,,,,,,,,,,,,,,,,,,,,,,,,,,,,,,,,,,,,,,,,,,,,,,,,,,,,,,,,,,,,,,,,,,,,,,,,,,,,,,,,,,,,,,,,,,,,,,,,,,,,,,,,,,,,,
,,,,,,,,,,,,,,,,,,,,,,,,,,,,,,,,,,,,,,,,,,,,,,,,,,,,,,,,,,,,,,,,,,,,,,,,,,,,,,,,,,,,,,,,,,,,,,,,,,,,,,,,,,,,,,,,,,,,,,,,,
,,,,,,,,,,,,,,,,,,,,,,,,,,,,,,,,,,,,,,,,,,,,,,,,,,,,,,,,,,,,,,,,,,,,,,,,,,,,,,,,,,,,,,,,,,,,,,,,,,,,,,,,,,,,,,,,,,,,,,,,,
,,,,,,,,,,,,,,,,,,,,,,,,,,,,,,,,,,,,,,,,,,,,,,,,,,,,,,,,,,,,,,,,,,,,,,,,,,,,,,,,,,,,,,,,,,,,,,,,,,,,,,,,,,,,,,,,,,,,,,,,,
,,,,,,,,,,,,,,,,,,,,,,,,,,,,,,,,,,,,,,,,,,,,,,,,,,,,,,,,,,,,,,,,,,,,,,,,,,,,,,,,,,,,,,,,,,,,,,,,,,,,,,,,,,,,,,,,,,,,,,,,,
,,,,,,,,,,,,,,,,,,,,,,,,,,,,,,,,,,,,,,,,,,,,,,,,,,,,,,,,,,,,,,,,,,,,,,,,,,,,,,,,,,,,,,,,,,,,,,,,,,,,,,,,,,,,,,,,,,,,,,,,,
,,,,,,,,,,,,,,,,,,,,,,,,,,,,,,,,,,,,,,,,,,,,,,,,,,,,,,,,,,,,,,,,,,,,,,,,,,,,,,,,,,,,,,,,,,,,,,,,,,,,,,,,,,,,,,,,,,,,,,,,,
,,,,,,,,,,,,,,,,,,,,,,,,,,,,,,,,,,,,,,,,,,,,,,,,,,,,,,,,,,,,,,,,,,,,,,,,,,,,,,,,,,,,,,,,,,,,,,,,,,,,,,,,,,,,,,,,,,,,,,,,,
,,,,,,,,,,,,,,,,,,,,,,,,,,,,,,,,,,,,,,,,,,,,,,,,,,,,,,,,,,,,,,,,,,,,,,,,,,,,,,,,,,,,,,,,,,,,,,,,,,,,,,,,,,,,,,,,,,,,,,,,,
,,,,,,,,,,,,,,,,,,,,,,,,,,,,,,,,,,,,,,,,,,,,,,,,,,,,,,,,,,,,,,,,,,,,,,,,,,,,,,,,,,,,,,,,,,,,,,,,,,,,,,,,,,,,,,,,,,,,,,,,,
,,,,,,,,,,,,,,,,,,,,,,,,,,,,,,,,,,,,,,,,,,,,,,,,,,,,,,,,,,,,,,,,,,,,,,,,,,,,,,,,,,,,,,,,,,,,,,,,,,,,,,,,,,,,,,,,,,,,,,,,,
,,,,,,,,,,,,,,,,,,,,,,,,,,,,,,,,,,,,,,,,,,,,,,,,,,,,,,,,,,,,,,,,,,,,,,,,,,,,,,,,,,,,,,,,,,,,,,,,,,,,,,,,,,,,,,,,,,,,,,,,,
,,,,,,,,,,,,,,,,,,,,,,,,,,,,,,,,,,,,,,,,,,,,,,,,,,,,,,,,,,,,,,,,,,,,,,,,,,,,,,,,,,,,,,,,,,,,,,,,,,,,,,,,,,,,,,,,,,,,,,,,,
,,,,,,,,,,,,,,,,,,,,,,,,,,,,,,,,,,,,,,,,,,,,,,,,,,,,,,,,,,,,,,,,,,,,,,,,,,,,,,,,,,,,,,,,,,,,,,,,,,,,,,,,,,,,,,,,,,,,,,,,,
,,,,,,,,,,,,,,,,,,,,,,,,,,,,,,,,,,,,,,,,,,,,,,,,,,,,,,,,,,,,,,,,,,,,,,,,,,,,,,,,,,,,,,,,,,,,,,,,,,,,,,,,,,,,,,,,,,,,,,,,,
,,,,,,,,,,,,,,,,,,,,,,,,,,,,,,,,,,,,,,,,,,,,,,,,,,,,,,,,,,,,,,,,,,,,,,,,,,,,,,,,,,,,,,,,,,,,,,,,,,,,,,,,,,,,,,,,,,,,,,,,,
,,,,,,,,,,,,,,,,,,,,,,,,,,,,,,,,,,,,,,,,,,,,,,,,,,,,,,,,,,,,,,,,,,,,,,,,,,,,,,,,,,,,,,,,,,,,,,,,,,,,,,,,,,,,,,,,,,,,,,,,,
,,,,,,,,,,,,,,,,,,,,,,,,,,,,,,,,,,,,,,,,,,,,,,,,,,,,,,,,,,,,,,,,,,,,,,,,,,,,,,,,,,,,,,,,,,,,,,,,,,,,,,,,,,,,,,,,,,,,,,,,,
,,,,,,,,,,,,,,,,,,,,,,,,,,,,,,,,,,,,,,,,,,,,,,,,,,,,,,,,,,,,,,,,,,,,,,,,,,,,,,,,,,,,,,,,,,,,,,,,,,,,,,,,,,,,,,,,,,,,,,,,,
,,,,,,,,,,,,,,,,,,,,,,,,,,,,,,,,,,,,,,,,,,,,,,,,,,,,,,,,,,,,,,,,,,,,,,,,,,,,,,,,,,,,,,,,,,,,,,,,,,,,,,,,,,,,,,,,,,,,,,,,,
,,,,,,,,,,,,,,,,,,,,,,,,,,,,,,,,,,,,,,,,,,,,,,,,,,,,,,,,,,,,,,,,,,,,,,,,,,,,,,,,,,,,,,,,,,,,,,,,,,,,,,,,,,,,,,,,,,,,,,,,,
,,,,,,,,,,,,,,,,,,,,,,,,,,,,,,,,,,,,,,,,,,,,,,,,,,,,,,,,,,,,,,,,,,,,,,,,,,,,,,,,,,,,,,,,,,,,,,,,,,,,,,,,,,,,,,,,,,,,,,,,,
,,,,,,,,,,,,,,,,,,,,,,,,,,,,,,,,,,,,,,,,,,,,,,,,,,,,,,,,,,,,,,,,,,,,,,,,,,,,,,,,,,,,,,,,,,,,,,,,,,,,,,,,,,,,,,,,,,,,,,,,,
,,,,,,,,,,,,,,,,,,,,,,,,,,,,,,,,,,,,,,,,,,,,,,,,,,,,,,,,,,,,,,,,,,,,,,,,,,,,,,,,,,,,,,,,,,,,,,,,,,,,,,,,,,,,,,,,,,,,,,,,,
,,,,,,,,,,,,,,,,,,,,,,,,,,,,,,,,,,,,,,,,,,,,,,,,,,,,,,,,,,,,,,,,,,,,,,,,,,,,,,,,,,,,,,,,,,,,,,,,,,,,,,,,,,,,,,,,,,,,,,,,,
,,,,,,,,,,,,,,,,,,,,,,,,,,,,,,,,,,,,,,,,,,,,,,,,,,,,,,,,,,,,,,,,,,,,,,,,,,,,,,,,,,,,,,,,,,,,,,,,,,,,,,,,,,,,,,,,,,,,,,,,,
,,,,,,,,,,,,,,,,,,,,,,,,,,,,,,,,,,,,,,,,,,,,,,,,,,,,,,,,,,,,,,,,,,,,,,,,,,,,,,,,,,,,,,,,,,,,,,,,,,,,,,,,,,,,,,,,,,,,,,,,,
,,,,,,,,,,,,,,,,,,,,,,,,,,,,,,,,,,,,,,,,,,,,,,,,,,,,,,,,,,,,,,,,,,,,,,,,,,,,,,,,,,,,,,,,,,,,,,,,,,,,,,,,,,,,,,,,,,,,,,,,,
,,,,,,,,,,,,,,,,,,,,,,,,,,,,,,,,,,,,,,,,,,,,,,,,,,,,,,,,,,,,,,,,,,,,,,,,,,,,,,,,,,,,,,,,,,,,,,,,,,,,,,,,,,,,,,,,,,,,,,,,,
,,,,,,,,,,,,,,,,,,,,,,,,,,,,,,,,,,,,,,,,,,,,,,,,,,,,,,,,,,,,,,,,,,,,,,,,,,,,,,,,,,,,,,,,,,,,,,,,,,,,,,,,,,,,,,,,,,,,,,,,,
,,,,,,,,,,,,,,,,,,,,,,,,,,,,,,,,,,,,,,,,,,,,,,,,,,,,,,,,,,,,,,,,,,,,,,,,,,,,,,,,,,,,,,,,,,,,,,,,,,,,,,,,,,,,,,,,,,,,,,,,,
,,,,,,,,,,,,,,,,,,,,,,,,,,,,,,,,,,,,,,,,,,,,,,,,,,,,,,,,,,,,,,,,,,,,,,,,,,,,,,,,,,,,,,,,,,,,,,,,,,,,,,,,,,,,,,,,,,,,,,,,,
,,,,,,,,,,,,,,,,,,,,,,,,,,,,,,,,,,,,,,,,,,,,,,,,,,,,,,,,,,,,,,,,,,,,,,,,,,,,,,,,,,,,,,,,,,,,,,,,,,,,,,,,,,,,,,,,,,,,,,,,,
,,,,,,,,,,,,,,,,,,,,,,,,,,,,,,,,,,,,,,,,,,,,,,,,,,,,,,,,,,,,,,,,,,,,,,,,,,,,,,,,,,,,,,,,,,,,,,,,,,,,,,,,,,,,,,,,,,,,,,,,,
,,,,,,,,,,,,,,,,,,,,,,,,,,,,,,,,,,,,,,,,,,,,,,,,,,,,,,,,,,,,,,,,,,,,,,,,,,,,,,,,,,,,,,,,,,,,,,,,,,,,,,,,,,,,,,,,,,,,,,,,,
,,,,,,,,,,,,,,,,,,,,,,,,,,,,,,,,,,,,,,,,,,,,,,,,,,,,,,,,,,,,,,,,,,,,,,,,,,,,,,,,,,,,,,,,,,,,,,,,,,,,,,,,,,,,,,,,,,,,,,,,,
,,,,,,,,,,,,,,,,,,,,,,,,,,,,,,,,,,,,,,,,,,,,,,,,,,,,,,,,,,,,,,,,,,,,,,,,,,,,,,,,,,,,,,,,,,,,,,,,,,,,,,,,,,,,,,,,,,,,,,,,,
,,,,,,,,,,,,,,,,,,,,,,,,,,,,,,,,,,,,,,,,,,,,,,,,,,,,,,,,,,,,,,,,,,,,,,,,,,,,,,,,,,,,,,,,,,,,,,,,,,,,,,,,,,,,,,,,,,,,,,,,,
,,,,,,,,,,,,,,,,,,,,,,,,,,,,,,,,,,,,,,,,,,,,,,,,,,,,,,,,,,,,,,,,,,,,,,,,,,,,,,,,,,,,,,,,,,,,,,,,,,,,,,,,,,,,,,,,,,,,,,,,,
,,,,,,,,,,,,,,,,,,,,,,,,,,,,,,,,,,,,,,,,,,,,,,,,,,,,,,,,,,,,,,,,,,,,,,,,,,,,,,,,,,,,,,,,,,,,,,,,,,,,,,,,,,,,,,,,,,,,,,,,,
