지역명,Jan-86,Feb-86,Mar-86,Apr-86,May-86,Jun-86,Jul-86,Aug-86,Sep-86,Oct-86,Nov-86,Dec-86,Jan-87,Feb-87,Mar-87,Apr-87,May-87,Jun-87,Jul-87,Aug-87,Sep-87,Oct-87,Nov-87,Dec-87,Jan-88,Feb-88,Mar-88,Apr-88,May-88,Jun-88,Jul-88,Aug-88,Sep-88,Oct-88,Nov-88,Dec-88,Jan-89,Feb-89,Mar-89,Apr-89,May-89,Jun-89,Jul-89,Aug-89,Sep-89,Oct-89,Nov-89,Dec-89,Jan-90,Feb-90,Mar-90,Apr-90,May-90,Jun-90,Jul-90,Aug-90,Sep-90,Oct-90,Nov-90,Dec-90,Jan-91,Feb-91,Mar-91,Apr-91,May-91,Jun-91,Jul-91,Aug-91,Sep-91,Oct-91,Nov-91,Dec-91,Jan-92,Feb-92,Mar-92,Apr-92,May-92,Jun-92,Jul-92,Aug-92,Sep-92,Oct-92,Nov-92,Dec-92,Jan-93,Feb-93,Mar-93,Apr-93,May-93,Jun-93,Jul-93,Aug-93,Sep-93,Oct-93,Nov-93,Dec-93,Jan-94,Feb-94,Mar-94,Apr-94,May-94,Jun-94,Jul-94,Aug-94,Sep-94,Oct-94,Nov-94,Dec-94,Jan-95,Feb-95,Mar-95,Apr-95,May-95,Jun-95,Jul-95,Aug-95,Sep-95,Oct-95,Nov-95,Dec-95,Jan-96,Feb-96,Mar-96,Apr-96,May-96,Jun-96,Jul-96,Aug-96,Sep-96,Oct-96,Nov-96,Dec-96,Jan-97,Feb-97,Mar-97,Apr-97,May-97,Jun-97,Jul-97,Aug-97,Sep-97,Oct-97,Nov-97,Dec-97,Jan-98,Feb-98,Mar-98,Apr-98,May-98,Jun-98,Jul-98,Aug-98,Sep-98,Oct-98,Nov-98,Dec-98,Jan-99,Feb-99,Mar-99,Apr-99,May-99,Jun-99,Jul-99,Aug-99,Sep-99,Oct-99,Nov-99,Dec-99,Jan-00,Feb-00,Mar-00,Apr-00,May-00,Jun-00,Jul-00,Aug-00,Sep-00,Oct-00,Nov-00,Dec-00,01-Jan,01-Feb,01-Mar,01-Apr,01-May,01-Jun,01-Jul,01-Aug,01-Sep,01-Oct,01-Nov,01-Dec,02-Jan,02-Feb,02-Mar,02-Apr,02-May,02-Jun,02-Jul,02-Aug,02-Sep,02-Oct,02-Nov,02-Dec,03-Jan,03-Feb,03-Mar,03-Apr,03-May,03-Jun,03-Jul,03-Aug,03-Sep,03-Oct,03-Nov,03-Dec,04-Jan,04-Feb,04-Mar,04-Apr,04-May,04-Jun,04-Jul,04-Aug,04-Sep,04-Oct,04-Nov,04-Dec,05-Jan,05-Feb,05-Mar,05-Apr,05-May,05-Jun,05-Jul,05-Aug,05-Sep,05-Oct,05-Nov,05-Dec,06-Jan,06-Feb,06-Mar,06-Apr,06-May,06-Jun,06-Jul,06-Aug,06-Sep,06-Oct,06-Nov,06-Dec,07-Jan,07-Feb,07-Mar,07-Apr,07-May,07-Jun,07-Jul,07-Aug,07-Sep,07-Oct,07-Nov,07-Dec,08-Jan,08-Feb,08-Mar,08-Apr,08-May,08-Jun,08-Jul,08-Aug,08-Sep,08-Oct,08-Nov,08-Dec,09-Jan,09-Feb,09-Mar,09-Apr,09-May,09-Jun,09-Jul,09-Aug,09-Sep,09-Oct,09-Nov,09-Dec,10-Jan,10-Feb,10-Mar,10-Apr,10-May,10-Jun,10-Jul,10-Aug,10-Sep,10-Oct,10-Nov,10-Dec,11-Jan,11-Feb,11-Mar,11-Apr,11-May,11-Jun,11-Jul,11-Aug,11-Sep,11-Oct,11-Nov,11-Dec,12-Jan,12-Feb,12-Mar,12-Apr,12-May,12-Jun,12-Jul,12-Aug,12-Sep,12-Oct,12-Nov,12-Dec,13-Jan,13-Feb,13-Mar,13-Apr,13-May,13-Jun,13-Jul,13-Aug,13-Sep,13-Oct,13-Nov,13-Dec,14-Jan,14-Feb,14-Mar,14-Apr,14-May,14-Jun,14-Jul,14-Aug,14-Sep,14-Oct,14-Nov,14-Dec,15-Jan,15-Feb,15-Mar,15-Apr,15-May,15-Jun,15-Jul,15-Aug,15-Sep,15-Oct,15-Nov,15-Dec,16-Jan,16-Feb,16-Mar,16-Apr,16-May,16-Jun,16-Jul,16-Aug,16-Sep,16-Oct,16-Nov,16-Dec,17-Jan,17-Feb,17-Mar,17-Apr,17-May,17-Jun,17-Jul,17-Aug,17-Sep,17-Oct,17-Nov,17-Dec,18-Jan,18-Feb,18-Mar,18-Apr,18-May,18-Jun,18-Jul,18-Aug,18-Sep,18-Oct,18-Nov,18-Dec,19-Jan,19-Feb,19-Mar,19-Apr,19-May,19-Jun,19-Jul,19-Aug,19-Sep,19-Oct,19-Nov,19-Dec,20-Jan,20-Feb,20-Mar,20-Apr,20-May,20-Jun,20-Jul,20-Aug,20-Sep,20-Oct,20-Nov,20-Dec,21-Jan,21-Feb,21-Mar,21-Apr,21-May,21-Jun,21-Jul,21-Aug,21-Sep,21-Oct,21-Nov,21-Dec,22-Jan,22-Feb,22-Mar,22-Apr,22-May,22-Jun,22-Jul,22-Aug,22-Sep,22-Oct,22-Nov,22-Dec,23-Jan,23-Feb,23-Mar,23-Apr,23-May,23-Jun,23-Jul,23-Aug,23-Sep,23-Oct,23-Nov,23-Dec,24-Jan
종로구,-,-,-,-,-,-,-,-,-,-,-,-,-,-,-,-,-,-,-,-,-,-,-,-,-,-,-,-,-,-,-,-,-,-,-,-,-,-,-,-,-,-,-,-,-,-,-,-,-,-,-,-,-,-,-,-,-,-,-,-,-,-,-,-,-,-,-,-,-,-,-,-,-,-,-,-,-,-,-,-,-,-,-,-,-,-,-,-,-,-,-,-,-,-,-,-,-,-,-,-,-,-,-,-,-,-,-,-,-,-,-,-,-,-,-,-,-,-,-,-,-,-,-,-,-,-,-,-,-,-,-,-,-,-,-,-,-,-,-,-,-,-,-,-,-,-,-,-,-,-,-,-,-,-,-,-,-,-,-,-,-,-,-,-,-,-,-,-,-,-,-,-,-,-,-,-,-,-,-,-,-,-,-,-,-,-,-,-,-,-,-,-,-,-,-,-,-,-,-,-,-,-,-,53.75779,53.872903,53.872903,54.294985,54.333356,54.640324,54.832179,54.369402,54.503398,55.207821,55.142135,55.001479,54.896333,54.799683,55.109782,55.228969,55.643689,55.651585,55.560628,55.589058,55.449492,55.481802,55.484436,55.437914,55.420537,55.598064,55.904569,56.289123,56.307523,56.413244,56.559458,56.530482,56.914723,57.067245,57.414493,57.401798,57.69797,57.69797,57.869031,58.216125,59.159649,59.217395,59.393455,59.391134,59.505632,59.941049,60.784831,64.038291,65.247816,65.83202,66.021898,66.090154,66.118143,66.151587,66.407236,66.444032,66.555885,66.583057,66.69901,66.707342,66.945192,67.382347,67.668345,68.287925,69.056767,69.072797,69.374346,70.210967,70.580334,70.776205,70.832534,70.828609,70.580238,70.523774,70.391332,70.513809,71.155905,71.254487,71.388972,71.34721,71.465854,72.289706,72.802409,72.7566,72.806799,72.908618,73.0356,73.078363,73.019296,72.96066,72.97706,72.835329,72.53048,72.564241,72.568109,72.554033,72.526417,72.526384,72.590957,72.991451,73.028497,72.995035,73.023596,72.95806,72.887566,72.882424,72.898788,72.833804,72.810497,72.808057,72.822728,72.839751,72.748386,72.653037,72.601291,72.426579,72.283824,72.01398,71.833535,71.55644,71.356882,71.345632,71.345632,71.010982,70.929607,70.930788,70.771951,70.683964,70.55492,70.556021,70.597404,70.597404,70.570224,70.57157,70.57157,70.57157,70.582957,70.600097,70.571203,70.568866,70.553328,70.577937,70.590792,70.69639,70.836392,70.947851,71.142095,71.326979,71.541969,71.557031,71.694101,71.863396,71.950325,72.16099,72.244859,72.365193,72.491438,72.567884,72.622504,72.712626,72.790043,72.962052,73.042199,73.170641,73.357789,73.457794,73.69682,73.955765,73.988724,74.011687,74.060739,74.099233,74.157112,74.256666,74.489657,74.690491,75.139907,75.377279,75.754641,75.964526,76.319728,76.823434,77.000685,77.831212,78.295507,78.598039,78.947203,79.251258,79.511324,81.167498,82.188846,82.70196,82.942935,82.958293,82.967814,82.967814,82.947452,82.933028,82.859874,83.040029,83.047756,83.294413,83.689705,84.112803,84.524872,84.881826,85.054445,85.203654,85.250995,85.364272,85.576901,86.230938,87.519405,88.786281,89.160284,89.779019,90.996841,91.872915,92.223422,92.356679,93.022317,93.557846,93.944073,94.792909,95.537157,96.809951,97.772039,99.186349,99.968425,100,100,100.0674764,100.3010356,100.9606578,101.312815,101.4375264,101.4114222,101.4002983,101.292555,101.0991958,100.9865608,100.8167117,100.6365243,99.50286106,97.65064274,97.03560379,97.12405687,97.19475295,97.30877419,97.51826033,97.66801152,97.82440091,97.84022803,97.74929113
중구,-,-,-,-,-,-,-,-,-,-,-,-,-,-,-,-,-,-,-,-,-,-,-,-,-,-,-,-,-,-,-,-,-,-,-,-,-,-,-,-,-,-,-,-,-,-,-,-,-,-,-,-,-,-,-,-,-,-,-,-,-,-,-,-,-,-,-,-,-,-,-,-,-,-,-,-,-,-,-,-,-,-,-,-,-,-,-,-,-,-,-,-,-,-,-,-,-,-,-,-,-,-,-,-,-,-,-,-,-,-,-,-,-,-,-,-,-,-,-,-,-,-,-,-,-,-,-,-,-,-,-,-,-,-,-,-,-,-,-,-,-,-,-,-,-,-,-,-,-,-,-,-,-,-,-,-,-,-,-,-,-,-,-,-,-,-,-,-,-,-,-,-,-,-,-,-,-,-,-,-,-,-,-,-,-,-,-,-,-,-,-,-,-,-,-,-,-,-,-,-,-,-,-,50.838081,50.330063,50.438924,50.112341,50.184915,50.402637,50.547785,50.476586,51.150364,51.699348,51.99054,52.051403,51.509487,51.512725,51.669575,51.886959,52.064172,52.098303,52.109517,51.924726,51.871691,51.642358,51.587855,51.370921,51.370921,51.274316,51.647722,51.861654,51.918518,51.976832,52.001292,53.098521,53.558639,53.939684,54.345592,53.971185,53.693566,54.144327,54.296827,55.074288,55.795962,56.066595,56.454847,56.737091,56.988166,57.334057,58.247944,60.106196,61.335183,62.618724,63.182168,63.280483,63.409994,63.631535,63.63456,64.094572,64.189092,64.521688,64.705226,64.693132,64.750605,65.378156,65.554135,65.966263,66.42017,66.709368,66.709368,66.702765,66.702765,66.702765,66.573832,66.173298,65.611687,65.117652,65.481776,65.549356,65.647658,65.952977,66.252115,66.591926,66.591926,67.309805,67.366472,67.259525,67.259525,67.194569,67.495399,67.616918,67.596227,67.46214,67.285202,67.084806,66.913751,66.817845,66.852404,66.863923,67.023653,67.028496,67.186538,67.324152,67.31431,67.31431,67.31431,67.24524,67.117636,67.088954,67.088954,67.075482,66.963369,66.803082,66.727395,66.618583,66.454088,66.322834,66.306339,66.157823,65.729481,65.52207,65.439709,65.187885,65.143254,65.042914,64.993137,64.91677,64.827067,64.594252,64.594252,64.590711,64.450107,64.465356,64.555905,64.5674,64.687277,64.730872,64.942917,64.967523,64.969414,64.952423,64.932557,64.912735,64.844919,64.993058,65.195133,65.22483,65.19961,65.184929,65.227547,65.377878,65.560441,65.714963,66.014934,66.258912,66.429574,66.775898,66.877824,67.216769,67.238282,67.371834,67.382844,67.441888,67.441918,67.564474,67.832946,68.009125,68.271665,68.454258,68.747363,69.020794,69.11459,69.245694,69.313356,69.343,69.384944,69.426993,69.672398,69.880398,70.342162,70.492626,70.975384,71.294974,71.497858,71.794607,72.261562,72.996079,73.398507,73.601752,73.963231,74.396787,74.968689,76.605066,77.838518,78.104563,78.202611,78.202611,78.097902,78.050734,78.04382,78.043762,78.043762,78.043762,78.043762,78.099462,78.292769,78.83352,79.544506,80.074378,80.613996,81.040168,81.095014,81.137303,81.435072,82.763351,83.925453,84.90905,85.395882,87.415331,88.525629,89.640704,91.991086,92.501204,93.371355,94.337162,95.171581,95.971468,96.469641,97.656688,98.310266,99.470324,99.917606,100,100,100,100.055475,100.1610485,100.2369295,100.3087781,100.2362899,100.173616,99.75400179,99.29324148,97.47844365,96.26299234,95.62456777,94.4746278,93.93337196,93.09180847,92.75544326,92.52313582,92.54635403,92.56033639,92.68199848,92.69736856,92.85074272,92.96142169
용산구,-,-,-,-,-,-,-,-,-,-,-,-,-,-,-,-,-,-,-,-,-,-,-,-,-,-,-,-,-,-,-,-,-,-,-,-,-,-,-,-,-,-,-,-,-,-,-,-,-,-,-,-,-,-,-,-,-,-,-,-,-,-,-,-,-,-,-,-,-,-,-,-,-,-,-,-,-,-,-,-,-,-,-,-,-,-,-,-,-,-,-,-,-,-,-,-,-,-,-,-,-,-,-,-,-,-,-,-,-,-,-,-,-,-,-,-,-,-,-,-,-,-,-,-,-,-,-,-,-,-,-,-,-,-,-,-,-,-,-,-,-,-,-,-,-,-,-,-,-,-,-,-,-,-,-,-,-,-,-,-,-,-,-,-,-,-,-,-,-,-,-,-,-,-,-,-,-,-,-,-,-,-,-,-,-,-,-,-,-,-,-,-,-,-,-,-,-,-,-,-,-,-,-,37.359692,36.85303,36.719698,36.879696,37.30636,38.186352,38.373017,38.460495,38.54357,39.432453,40.125143,40.178596,39.95605,40.165455,40.750836,41.135244,42.158088,42.597513,43.176227,43.220621,43.168303,43.436875,43.561978,43.469144,43.20411,43.216144,43.564009,44.139984,44.853932,45.474592,46.473376,48.174896,48.536277,48.686176,48.691949,48.592051,48.762399,49.392179,50.329869,51.049336,53.027671,54.638261,55.65402,56.004725,56.126381,56.381601,57.434407,59.760076,61.514803,62.374301,62.59033,62.666749,63.003701,62.959274,63.551836,63.824649,63.976736,64.18308,64.279215,64.435983,64.56507,64.723284,64.96474,65.501337,65.823991,65.983037,66.181716,66.400904,66.4575,66.609697,66.665273,66.155252,64.758568,64.21721,64.066606,63.807556,63.83643,63.949634,64.114107,64.508111,64.610911,65.129716,65.361527,65.537241,65.650801,65.661351,65.70605,65.799905,65.783773,65.72338,65.435576,65.145651,64.755438,64.538512,64.406965,64.047302,64.123946,64.184557,64.275534,64.442136,64.420893,64.383604,64.357994,64.346208,64.255386,64.127942,64.019091,63.995196,63.895673,63.838566,63.816258,63.803819,63.789567,63.756903,63.728123,63.256163,62.814323,62.464629,62.152333,61.93401,61.826086,61.743936,61.617494,61.112386,60.964593,60.744201,60.577069,60.321007,60.03395,59.766991,59.648129,59.473694,59.380685,59.332136,59.288994,59.23773,59.169486,59.064944,58.939241,58.886605,58.836419,58.772888,58.849383,58.869508,58.861448,58.857707,58.936466,59.096386,59.304639,59.461641,59.623846,59.828327,59.862587,60.029681,60.249542,60.383285,60.472093,60.501626,60.56181,60.627217,60.683115,60.804365,61.079199,61.446513,61.854351,62.115513,62.603073,63.041276,63.196634,63.251741,63.308812,63.322183,63.483527,63.645942,64.273531,64.771067,65.541292,65.809627,66.061496,66.408174,66.757631,67.523571,68.343192,69.736163,70.500582,70.958012,71.275329,71.830268,72.955278,75.846868,76.689866,76.960464,76.997696,76.997696,76.976098,76.947896,76.937694,76.915785,76.899478,76.980475,77.140066,77.299801,77.672864,78.164478,79.184536,79.758906,80.115988,80.453435,80.503068,80.539736,80.592768,81.360274,82.15441,83.118272,83.523019,84.657725,85.20271,86.305987,87.21698,88.514577,89.461414,90.086128,91.405201,92.423665,94.17818,96.080452,97.02832,98.749604,99.639144,100,100.2344058,100.4362939,100.7027137,101.6835658,102.4127268,102.6204454,102.6682419,102.6662673,102.5304242,102.4630371,102.0410913,101.1342444,100.8471019,100.5488327,100.162964,99.37074097,98.78403573,98.25856726,98.14040063,98.41495562,98.74319012,99.27174038,99.5098201,99.39595514
성동구,-,-,-,-,-,-,-,-,-,-,-,-,-,-,-,-,-,-,-,-,-,-,-,-,-,-,-,-,-,-,-,-,-,-,-,-,-,-,-,-,-,-,-,-,-,-,-,-,-,-,-,-,-,-,-,-,-,-,-,-,-,-,-,-,-,-,-,-,-,-,-,-,-,-,-,-,-,-,-,-,-,-,-,-,-,-,-,-,-,-,-,-,-,-,-,-,-,-,-,-,-,-,-,-,-,-,-,-,-,-,-,-,-,-,-,-,-,-,-,-,-,-,-,-,-,-,-,-,-,-,-,-,-,-,-,-,-,-,-,-,-,-,-,-,-,-,-,-,-,-,-,-,-,-,-,-,-,-,-,-,-,-,-,-,-,-,-,-,-,-,-,-,-,-,-,-,-,-,-,-,-,-,-,-,-,-,-,-,-,-,-,-,-,-,-,-,-,-,-,-,-,-,-,37.547706,37.092095,37.333301,37.574507,37.869314,38.324925,38.271324,38.587907,39.010924,39.469298,40.009683,40.310304,40.161023,40.232708,40.753618,41.113517,41.546476,41.751979,42.037559,41.942908,41.993714,42.079217,42.042684,41.984824,41.91711,41.78811,42.009244,42.166697,42.61039,43.098193,43.35725,45.069948,46.144139,46.255001,46.482603,46.939449,47.299626,47.549864,48.295374,48.790983,49.445992,50.287114,51.002253,51.519664,51.982057,52.111507,53.024585,56.149512,58.23869,59.153936,59.723466,59.900784,60.207117,60.246064,60.290105,60.326827,60.326827,60.357644,60.372048,60.599022,60.579066,60.500057,60.555822,61.001376,61.305829,61.455742,61.506617,61.556739,61.539992,61.555542,61.54083,61.464279,60.915054,60.69302,60.520759,60.495159,60.594405,60.554431,60.626455,60.628424,60.710682,60.932132,60.944524,60.988407,60.989469,60.999018,61.063226,61.115874,61.079254,61.020421,60.783675,60.645093,60.620851,60.615583,60.454665,60.297382,60.307116,60.391023,60.464319,60.52253,60.561529,60.586288,60.579272,60.552809,60.487925,60.505249,60.509183,60.496695,60.479672,60.461838,60.433652,60.332706,60.247681,60.17615,60.139321,60.010391,59.872206,59.822621,59.602474,59.309533,59.209307,58.978893,58.825561,58.459375,58.298612,58.197913,58.002148,57.724416,57.433798,57.378838,57.409148,57.406735,57.406735,57.406735,57.366715,57.42418,57.470543,57.470577,57.366991,57.338198,57.30938,57.430933,57.431047,57.49761,57.636943,57.671667,57.81251,58.150748,58.458912,58.598765,58.783669,59.038224,59.343704,59.829449,60.138597,60.642546,60.916459,61.00774,61.098906,61.143522,61.155773,61.293247,61.482436,61.797298,62.124681,62.346923,62.695371,63.060703,63.129141,63.138361,63.182244,63.25812,63.320801,63.410976,64.429658,65.015791,65.529487,65.714177,66.19741,66.943999,67.784372,69.191898,70.532056,72.269172,72.746188,72.896875,73.086894,73.24626,73.661923,76.216417,77.321524,77.638622,77.814749,77.816115,77.810272,77.742872,77.703053,77.721295,77.73467,77.882344,78.11378,78.462629,78.778907,79.071842,79.544484,79.818546,80.027613,80.449372,80.519255,80.552227,80.643149,81.693003,83.112066,85.155827,85.786738,86.987933,87.642058,89.468078,90.783484,91.657691,92.809534,93.181039,94.257851,94.835539,95.983338,98.165904,99.004686,99.630907,99.729209,100,100.2193069,100.4516976,100.4870353,100.614614,100.648705,100.6679216,100.7300094,100.6842568,100.4640871,99.12329982,98.0838107,95.77785971,94.11141181,92.27519125,91.50164486,90.90044452,90.66300626,90.39525501,90.51753052,90.92361998,91.23168897,91.44046369,91.50804649,91.43213888
광진구,-,-,-,-,-,-,-,-,-,-,-,-,-,-,-,-,-,-,-,-,-,-,-,-,-,-,-,-,-,-,-,-,-,-,-,-,-,-,-,-,-,-,-,-,-,-,-,-,-,-,-,-,-,-,-,-,-,-,-,-,-,-,-,-,-,-,-,-,-,-,-,-,-,-,-,-,-,-,-,-,-,-,-,-,-,-,-,-,-,-,-,-,-,-,-,-,-,-,-,-,-,-,-,-,-,-,-,-,-,-,-,-,-,-,-,-,-,-,-,-,-,-,-,-,-,-,-,-,-,-,-,-,-,-,-,-,-,-,-,-,-,-,-,-,-,-,-,-,-,-,-,-,-,-,-,-,-,-,-,-,-,-,-,-,-,-,-,-,-,-,-,-,-,-,-,-,-,-,-,-,-,-,-,-,-,-,-,-,-,-,-,-,-,-,-,-,-,-,-,-,-,-,-,42.353371,41.899909,41.688293,41.809216,42.262678,43.320757,43.683527,43.644305,43.848716,44.462364,45.405521,45.400924,45.509491,45.5055,45.694379,46.046652,46.550904,46.659838,46.834542,46.819198,46.758108,46.739189,46.629717,46.615583,46.52532,46.374358,46.510364,46.835168,47.038455,47.247,47.522255,47.951403,48.129146,48.190523,48.185235,48.338925,48.567722,48.761061,49.435806,49.708804,50.563769,51.505161,52.414329,52.884306,53.425489,54.277925,55.824434,59.231877,61.267778,62.996425,63.087187,63.142028,63.043074,62.707018,62.577008,62.4614,62.500682,62.573978,62.519245,62.557741,62.479862,62.502741,62.510199,62.745656,63.03468,63.257445,63.307126,63.340588,63.358817,63.347745,63.213768,62.559412,60.31013,59.876491,59.764996,59.761307,59.881821,59.795552,59.735933,60.018313,60.236626,60.678291,60.759423,61.112946,61.130227,61.189508,61.380393,61.469913,61.475598,61.455874,61.352946,61.255528,61.131472,61.108394,61.014552,60.734877,60.773794,60.9781,61.241531,61.277142,61.280037,61.305199,61.294997,61.277179,61.269517,61.253088,61.255215,61.237067,61.188462,61.166758,61.128659,60.93879,60.758196,60.74926,60.622548,60.414698,60.337112,59.885403,59.581897,59.533816,59.309779,59.097602,59.006771,58.994192,58.931658,58.845351,58.741486,58.651899,58.438038,58.24957,58.210685,58.180789,58.178557,58.155573,58.178796,58.431861,58.431754,58.431754,58.352769,58.341065,58.34496,58.507301,58.682178,58.726897,58.792256,58.792256,58.843304,59.106622,59.301396,59.394982,59.528696,59.907845,60.250427,60.479763,60.598118,60.728327,60.882553,61.014902,61.170618,61.249174,61.296808,61.408144,61.609305,61.877731,62.231775,62.383026,62.593773,62.923093,63.028927,63.049885,63.019966,63.031012,63.064678,63.209963,64.148719,64.53147,65.373945,65.704152,66.246486,67.167495,67.836762,68.902621,69.941673,71.3008,71.799912,71.922655,71.924715,72.15402,72.437012,74.519192,75.680271,75.906921,75.934603,75.934603,75.932711,75.890648,75.782907,75.739738,75.674599,76.02674,76.412486,76.844513,77.509349,78.294804,79.306313,79.829657,80.350391,81.629817,82.041721,82.142022,82.881702,84.529419,85.75893,87.223255,87.800125,88.797437,89.829173,90.645228,91.455901,91.967178,92.297352,92.709186,93.552245,94.967682,96.436749,98.039996,98.25881,99.476352,99.834104,100,100.1261107,100.1930726,100.5774401,100.9640344,101.3080655,101.5066112,101.5742387,101.3271033,100.9695239,100.2931226,99.65729735,98.06978002,97.00873959,95.31176346,94.57408916,93.92536507,93.49696592,93.4779986,93.41558367,93.60061262,93.959341,94.11827776,94.12859051,94.12202915
동대문구,-,-,-,-,-,-,-,-,-,-,-,-,-,-,-,-,-,-,-,-,-,-,-,-,-,-,-,-,-,-,-,-,-,-,-,-,-,-,-,-,-,-,-,-,-,-,-,-,-,-,-,-,-,-,-,-,-,-,-,-,-,-,-,-,-,-,-,-,-,-,-,-,-,-,-,-,-,-,-,-,-,-,-,-,-,-,-,-,-,-,-,-,-,-,-,-,-,-,-,-,-,-,-,-,-,-,-,-,-,-,-,-,-,-,-,-,-,-,-,-,-,-,-,-,-,-,-,-,-,-,-,-,-,-,-,-,-,-,-,-,-,-,-,-,-,-,-,-,-,-,-,-,-,-,-,-,-,-,-,-,-,-,-,-,-,-,-,-,-,-,-,-,-,-,-,-,-,-,-,-,-,-,-,-,-,-,-,-,-,-,-,-,-,-,-,-,-,-,-,-,-,-,-,44.827819,44.571843,44.411857,44.859816,45.051798,46.043705,45.787729,46.099437,46.336593,46.552392,46.878327,47.063498,46.700988,46.767095,47.016675,47.107001,47.298793,47.484535,47.182715,47.227966,47.166643,47.033873,46.871615,46.877101,46.853342,46.810854,46.855462,47.124937,47.145845,47.444043,47.397228,47.758732,47.815435,47.972597,48.02697,48.048462,48.132726,48.132726,48.191243,48.310959,48.470851,48.702964,48.752162,48.851194,49.000986,49.221228,49.484835,51.520836,53.122337,54.007306,54.256301,54.314467,54.813908,55.017157,55.234212,55.678139,55.851278,56.114768,56.481675,57.115434,57.242621,57.461013,57.912959,59.001636,60.347047,60.844581,61.151395,61.575674,61.577587,61.856403,61.856403,61.850425,61.563213,61.356679,61.176954,61.1845,61.1845,61.216275,61.314489,61.337217,61.370439,62.181311,62.194913,62.200095,62.211633,62.294098,62.297603,62.37891,62.411594,62.401895,62.188949,62.025876,61.95265,61.920677,61.900421,61.851233,61.899626,61.875597,61.926039,62.105764,62.067237,62.036665,62.000696,61.965015,62.040244,62.032621,61.955042,61.814535,61.809953,61.80458,61.662547,61.574168,61.511438,61.499949,61.295177,61.062604,61.005585,60.799929,60.521575,60.438823,60.371472,60.198482,60.130784,59.984659,59.868123,59.849553,59.827099,59.365429,59.18608,59.041877,58.945739,58.847635,58.671353,58.642055,58.67597,58.800634,59.031103,59.045308,59.020902,59.012008,58.989238,59.077471,59.189163,59.19926,59.212288,59.231351,59.392476,59.598401,59.810475,60.098525,60.381735,60.686711,60.93647,61.073877,61.423482,61.69992,61.866892,61.976281,62.161622,62.247116,62.289831,62.435779,62.669205,62.785416,63.045367,63.286916,63.71328,64.169602,64.227759,64.256888,64.32119,64.363674,64.386611,64.499656,64.768914,65.21157,65.848542,66.072514,66.314414,66.569019,66.785078,67.27876,67.888772,68.831094,69.529961,69.714842,70.115293,70.583565,71.048804,74.160335,75.723243,76.15791,76.253129,76.253129,76.236945,76.151754,76.136577,76.077253,75.800477,75.998504,76.344588,76.768264,77.059672,77.272802,77.512405,77.744061,78.062527,78.709105,78.877973,78.901246,79.179496,80.49748,81.573826,82.996097,83.568732,84.943029,85.658354,87.273723,89.355156,90.674415,91.334385,92.154594,93.641249,94.618055,96.420537,97.968436,98.870208,99.73698,99.781732,100,99.90106245,99.84017396,100.0211678,100.0249641,100.1242487,99.89589532,99.84346096,99.63597826,98.7480209,96.49621116,94.96185189,92.72216709,91.32501418,90.32649574,89.22219026,88.18893939,87.78786632,87.37348132,87.18984,87.29288329,87.49073805,87.39276328,87.16558201,86.97608528
중랑구,-,-,-,-,-,-,-,-,-,-,-,-,-,-,-,-,-,-,-,-,-,-,-,-,-,-,-,-,-,-,-,-,-,-,-,-,-,-,-,-,-,-,-,-,-,-,-,-,-,-,-,-,-,-,-,-,-,-,-,-,-,-,-,-,-,-,-,-,-,-,-,-,-,-,-,-,-,-,-,-,-,-,-,-,-,-,-,-,-,-,-,-,-,-,-,-,-,-,-,-,-,-,-,-,-,-,-,-,-,-,-,-,-,-,-,-,-,-,-,-,-,-,-,-,-,-,-,-,-,-,-,-,-,-,-,-,-,-,-,-,-,-,-,-,-,-,-,-,-,-,-,-,-,-,-,-,-,-,-,-,-,-,-,-,-,-,-,-,-,-,-,-,-,-,-,-,-,-,-,-,-,-,-,-,-,-,-,-,-,-,-,-,-,-,-,-,-,-,-,-,-,-,-,45.926023,45.467091,45.43431,45.499872,45.7949,46.319394,46.843888,47.113657,47.206854,47.894282,48.375519,48.238039,48.010213,47.869644,47.922046,48.096605,48.111659,48.15817,47.898221,47.605184,47.509579,47.468755,47.282462,47.145519,46.952967,46.63145,46.622238,46.646003,46.700993,46.739121,46.582589,46.509419,46.582578,46.650422,46.732603,46.669948,46.588064,46.579268,46.645245,46.829234,47.039005,47.128187,47.154005,47.125121,47.292688,47.456444,47.895848,50.383567,51.912844,53.653678,54.054596,54.220717,54.542736,54.704224,54.89709,55.295739,55.552856,56.184338,56.543017,57.176238,57.347282,57.602061,57.824743,59.502054,62.267981,63.871117,64.770416,65.172973,65.268373,65.420008,65.4137,65.359389,65.098917,64.989072,64.804345,64.658149,64.566103,64.498853,64.433849,64.436312,64.549941,64.801082,64.988952,64.98473,65.189351,65.191616,65.267331,65.257793,65.243719,65.207473,65.147812,65.156271,65.035654,65.029968,65.018511,65.090327,65.148285,65.201094,65.342769,65.444323,65.817339,65.793433,65.770801,65.734232,65.683076,65.621968,65.623399,65.604428,65.513502,65.490236,65.490236,65.432998,65.347245,65.166043,65.039601,64.858271,64.538791,64.278126,64.146444,63.939603,63.778656,63.483006,63.426523,63.400827,63.385748,63.237708,62.9601,62.822068,62.559302,62.494431,62.468936,62.484132,62.4632,62.445186,62.460092,62.499328,62.581145,62.598352,62.575308,62.574306,62.530614,62.496007,62.567592,62.583963,62.504628,62.56101,62.617251,62.712457,62.923725,63.17961,63.418198,63.669401,63.864913,64.09483,64.316229,64.649007,64.755358,64.879409,64.973043,64.91018,64.935334,65.005491,65.139922,65.234971,65.412104,65.584753,65.88221,66.224259,66.2888,66.271395,66.255778,66.282696,66.310424,66.417755,66.783173,67.146505,67.633178,67.827229,68.188205,68.404876,68.579703,68.916727,69.25043,69.903495,70.320829,70.46358,70.503472,70.962837,71.243725,73.179646,74.359972,74.612241,74.775805,74.786086,74.835215,74.821938,74.794946,74.792645,74.792645,74.891578,75.138819,75.664691,75.976793,76.334439,76.842733,77.045372,77.221492,77.48699,77.574224,77.656999,77.720305,78.663571,80.732723,82.489785,83.165931,84.67704,85.803315,86.257965,87.536876,88.693288,89.506049,90.332578,91.93637,93.463297,95.413655,97.043808,98.325678,99.365742,99.918253,100,100.0816173,100.0816173,100.1318558,100.178379,100.2831019,100.3349696,100.3349696,100.325233,100.0199924,99.19037702,98.48091849,97.55771552,96.90580763,95.94051201,94.78418915,93.31918655,92.21505606,91.62369374,91.06691892,90.86126511,90.45627838,90.06401857,89.8931162,89.51943619
성북구,-,-,-,-,-,-,-,-,-,-,-,-,-,-,-,-,-,-,-,-,-,-,-,-,-,-,-,-,-,-,-,-,-,-,-,-,-,-,-,-,-,-,-,-,-,-,-,-,-,-,-,-,-,-,-,-,-,-,-,-,-,-,-,-,-,-,-,-,-,-,-,-,-,-,-,-,-,-,-,-,-,-,-,-,-,-,-,-,-,-,-,-,-,-,-,-,-,-,-,-,-,-,-,-,-,-,-,-,-,-,-,-,-,-,-,-,-,-,-,-,-,-,-,-,-,-,-,-,-,-,-,-,-,-,-,-,-,-,-,-,-,-,-,-,-,-,-,-,-,-,-,-,-,-,-,-,-,-,-,-,-,-,-,-,-,-,-,-,-,-,-,-,-,-,-,-,-,-,-,-,-,-,-,-,-,-,-,-,-,-,-,-,-,-,-,-,-,-,-,-,-,-,-,44.853425,44.661334,44.565288,44.533273,44.693349,44.853425,44.949471,44.813559,44.797933,44.967937,45.020654,45.538106,45.501319,45.558603,45.445843,45.432199,45.479112,45.425615,45.482446,45.471471,45.456297,45.202358,45.057749,44.748086,44.749274,44.581847,44.617878,44.700894,44.630623,44.464294,44.327155,44.324996,44.534477,44.50457,44.420909,44.390509,44.400126,44.59893,44.561119,44.773302,45.00239,45.47213,45.646055,45.537429,45.786037,45.903788,46.823255,49.236011,51.190736,52.586463,53.037715,53.080554,53.23747,53.388533,53.482257,53.728324,53.889152,54.15545,54.224961,54.698962,54.961101,55.6396,56.051145,56.898729,58.057399,58.710637,59.499722,60.01439,60.186097,60.292697,60.255187,60.070557,59.669075,59.137676,58.678716,58.488909,58.40324,58.3548,58.494839,58.694188,58.836058,59.503648,59.569436,59.572794,59.509295,59.529034,59.549006,59.429887,59.320021,59.02107,58.600728,58.38184,58.112833,58.039149,57.972489,57.952717,57.96875,57.994652,58.179015,58.290458,58.337372,58.362079,58.36341,58.321883,58.309961,58.286411,58.295615,58.267264,58.275549,58.245966,58.249076,58.16606,58.003347,57.875076,57.73745,57.567922,57.513674,57.322663,56.875341,56.68792,56.585379,56.407968,56.215906,55.949382,55.827372,55.751758,55.670144,55.46001,55.273618,55.356657,55.634406,55.715349,55.777257,55.825513,55.97587,56.111855,56.210789,56.199438,56.200519,56.222708,56.282458,56.357716,56.438945,56.526075,56.546833,56.623433,56.788567,57.085059,57.467026,57.833257,58.192048,58.46391,58.895903,59.64014,60.022883,60.45692,60.793149,60.805566,60.934043,60.999143,61.115143,61.188846,61.295701,61.510231,61.82269,62.059156,62.464937,62.980452,63.104988,63.098376,63.0465,63.043681,63.087351,63.13465,63.301697,63.657605,64.009458,64.112576,64.386611,64.684279,64.915084,65.373009,65.582352,66.360216,66.973868,67.350595,67.731821,68.35523,69.134633,71.662262,73.267991,73.616884,73.760513,73.745431,73.642238,73.432112,73.296821,73.096201,72.906608,73.201477,73.480993,73.737373,74.146707,74.578741,75.087933,75.595251,76.015212,76.770397,76.949182,76.978895,77.561442,79.830593,81.834395,83.477497,84.112317,85.511212,86.867387,88.513602,89.628864,91.224701,92.018543,92.305205,93.612706,94.85238,96.275536,98.076898,99.190769,99.814425,99.897155,100,99.92868792,99.79881573,99.86613577,99.8132301,99.72855647,99.59992134,99.23690328,99.0042249,98.25908365,95.78330654,94.32483422,91.82054893,90.79986272,89.47876372,88.06690761,86.84804176,86.42193812,85.93898271,85.62631034,85.85894717,85.9512964,86.06024205,85.8672075,85.76480069
강북구,-,-,-,-,-,-,-,-,-,-,-,-,-,-,-,-,-,-,-,-,-,-,-,-,-,-,-,-,-,-,-,-,-,-,-,-,-,-,-,-,-,-,-,-,-,-,-,-,-,-,-,-,-,-,-,-,-,-,-,-,-,-,-,-,-,-,-,-,-,-,-,-,-,-,-,-,-,-,-,-,-,-,-,-,-,-,-,-,-,-,-,-,-,-,-,-,-,-,-,-,-,-,-,-,-,-,-,-,-,-,-,-,-,-,-,-,-,-,-,-,-,-,-,-,-,-,-,-,-,-,-,-,-,-,-,-,-,-,-,-,-,-,-,-,-,-,-,-,-,-,-,-,-,-,-,-,-,-,-,-,-,-,-,-,-,-,-,-,-,-,-,-,-,-,-,-,-,-,-,-,-,-,-,-,-,-,-,-,-,-,-,-,-,-,-,-,-,-,-,-,-,-,-,46.702957,46.369602,45.769564,46.069583,46.336267,46.469608,46.502944,46.503752,46.653624,46.812049,47.01558,46.864044,46.644838,46.479431,46.5861,46.656956,46.765276,47.050475,46.960926,46.874455,46.688971,46.308915,46.122841,45.961107,45.831911,45.592397,45.601748,45.686979,45.639346,45.626566,45.563346,45.635412,45.743604,45.83287,46.067232,45.860907,45.782977,45.752356,45.641466,45.791902,45.867228,46.067677,46.252001,46.33912,46.434561,46.993194,47.464626,49.401125,51.652963,52.844736,53.508378,54.506561,54.859647,54.990557,55.17435,55.830496,56.16557,57.031019,57.476363,58.648313,59.648093,60.347009,61.050943,61.40749,63.807617,64.942478,65.730783,66.104551,66.193239,66.243337,66.243337,66.178186,65.02247,64.818085,64.488661,64.045509,63.952815,63.924466,63.83603,63.840192,64.095445,64.383882,64.50229,64.564784,64.574487,64.605503,64.69247,64.823651,64.60503,64.281671,63.929,63.576585,63.576595,63.576595,63.258486,62.964756,62.899283,62.892359,62.918118,62.886417,62.886357,62.87923,62.84493,62.778314,62.648084,62.469072,62.470583,62.376883,62.283158,62.261037,62.164713,62.054557,61.64972,61.379975,61.273835,60.603947,60.330538,60.223177,59.763604,59.282795,59.02091,58.85893,58.37368,58.236175,58.047367,58.03698,57.946522,57.896067,57.815304,57.84282,57.901315,57.901643,57.868971,57.873243,58.051032,58.213856,58.303592,58.261938,58.198774,58.235848,58.242781,58.311711,58.371217,58.394525,58.400741,58.412299,58.493404,58.669536,58.891418,59.07023,59.292613,59.505303,59.846249,60.361876,60.668978,61.145484,61.250059,61.277358,61.42015,61.515933,61.558205,61.650552,61.808892,62.042682,62.175586,62.392933,62.742631,63.085228,63.195259,63.28954,63.333655,63.356624,63.408516,63.46392,63.682303,63.876632,64.439087,64.659464,64.822017,65.100277,65.268549,65.369012,65.608278,65.919614,66.193851,66.357178,66.691475,66.812019,67.114644,70.823187,72.320834,72.623797,72.650398,72.694819,72.706519,72.663154,72.644798,72.630518,72.61745,72.723743,72.846022,72.999598,73.078598,73.173201,73.38874,73.61863,73.88354,74.244547,74.388114,74.413628,75.126538,77.424207,79.845748,82.167398,82.870482,84.415153,85.923495,86.684283,87.933901,89.176246,90.2033,91.73547,93.082016,94.460128,95.767701,97.498995,98.593058,99.215628,99.804382,100,100.1432102,100.147584,100.2584772,100.3497458,100.5543798,100.5993203,100.559954,100.5357993,99.84183943,98.53484364,96.97400032,95.41298181,92.77583654,91.62604981,90.66333204,89.75861785,89.26486032,88.83377266,88.69497831,88.74922515,88.90327876,88.92639019,88.65608576,88.30227318
도봉구,-,-,-,-,-,-,-,-,-,-,-,-,-,-,-,-,-,-,-,-,-,-,-,-,-,-,-,-,-,-,-,-,-,-,-,-,-,-,-,-,-,-,-,-,-,-,-,-,-,-,-,-,-,-,-,-,-,-,-,-,-,-,-,-,-,-,-,-,-,-,-,-,-,-,-,-,-,-,-,-,-,-,-,-,-,-,-,-,-,-,-,-,-,-,-,-,-,-,-,-,-,-,-,-,-,-,-,-,-,-,-,-,-,-,-,-,-,-,-,-,-,-,-,-,-,-,-,-,-,-,-,-,-,-,-,-,-,-,-,-,-,-,-,-,-,-,-,-,-,-,-,-,-,-,-,-,-,-,-,-,-,-,-,-,-,-,-,-,-,-,-,-,-,-,-,-,-,-,-,-,-,-,-,-,-,-,-,-,-,-,-,-,-,-,-,-,-,-,-,-,-,-,-,45.942983,45.680639,45.483881,45.615053,45.713432,45.680639,45.58226,45.410357,45.282112,45.534135,45.857334,45.684831,45.488166,45.251076,45.476075,45.680293,45.801014,45.744934,45.702085,45.643085,45.559951,45.4204,45.386438,45.315671,45.072345,44.974739,45.051871,45.14663,45.294084,45.368055,45.39326,45.478028,45.767363,46.028237,46.166218,46.43861,46.491334,46.558709,46.608432,46.711139,46.85291,46.928522,46.948136,46.993203,47.012463,47.117871,47.406439,49.700951,52.021896,54.152645,54.553096,54.731537,55.097725,55.269646,55.545983,56.150926,56.752048,56.950693,57.170407,57.550897,57.64344,58.061213,58.423383,59.474976,62.522222,63.528589,64.159237,64.363983,64.478356,64.573127,64.5189,64.160033,63.411512,63.055618,62.661745,61.638462,61.529012,61.376824,61.562994,62.364141,62.788992,63.493053,63.766707,63.673923,63.641632,63.597761,63.608087,63.582606,63.48585,63.236251,62.297987,61.676092,60.939631,60.733574,60.578068,60.507971,60.333901,60.339483,60.474872,60.512078,60.544841,60.57387,60.549044,60.486772,60.375919,60.345886,60.328501,60.290647,60.229976,60.125715,60.083065,59.896593,59.671142,59.510498,59.313145,58.829155,58.710055,58.534117,57.792088,57.176333,56.972019,56.716015,56.418338,56.061679,55.792791,55.771379,55.703446,55.447842,55.237592,55.20669,55.363432,55.382871,55.525233,55.525267,55.716276,55.771593,55.874501,55.859086,55.805143,55.771033,55.736191,55.776884,55.941111,55.974767,55.987941,56.04797,56.131681,56.461164,56.59223,56.756288,56.959787,57.281994,57.615944,58.136982,58.447522,58.7655,58.961716,59.030529,59.051707,59.051741,59.094162,59.154585,59.311646,59.582752,59.73837,59.860811,60.033828,60.366116,60.396767,60.451261,60.490119,60.51891,60.605576,60.68356,61.066345,61.745468,62.618539,62.672975,62.86933,63.121859,63.377696,63.672437,63.861516,64.215335,64.62844,65.188772,65.359612,65.602497,66.365461,69.327258,70.908072,71.461443,71.643451,71.686491,71.685261,71.676579,71.654188,71.650559,71.605937,71.835306,72.008983,72.202988,72.239176,72.356606,72.547518,72.704857,72.83866,72.981026,73.077787,73.113937,73.238653,74.855168,77.48514,79.557967,80.131822,81.969036,83.330139,84.460005,85.841429,88.103982,89.820326,91.492007,93.170243,94.633124,96.841337,98.237589,99.233393,99.575249,99.944155,100,100.0926614,100.1250604,100.2376685,100.4079842,100.5101913,100.4059559,99.78490397,99.16191486,97.28586097,95.4506583,93.54753271,91.09513899,90.21757806,89.29674659,88.30824915,86.623998,85.43039762,84.51343659,83.82058435,83.66375145,83.61989907,83.37461088,82.96524117,82.60936019
노원구,-,-,-,-,-,-,-,-,-,-,-,-,-,-,-,-,-,-,-,-,-,-,-,-,-,-,-,-,-,-,-,-,-,-,-,-,-,-,-,-,-,-,-,-,-,-,-,-,-,-,-,-,-,-,-,-,-,-,-,-,-,-,-,-,-,-,-,-,-,-,-,-,-,-,-,-,-,-,-,-,-,-,-,-,-,-,-,-,-,-,-,-,-,-,-,-,-,-,-,-,-,-,-,-,-,-,-,-,-,-,-,-,-,-,-,-,-,-,-,-,-,-,-,-,-,-,-,-,-,-,-,-,-,-,-,-,-,-,-,-,-,-,-,-,-,-,-,-,-,-,-,-,-,-,-,-,-,-,-,-,-,-,-,-,-,-,-,-,-,-,-,-,-,-,-,-,-,-,-,-,-,-,-,-,-,-,-,-,-,-,-,-,-,-,-,-,-,-,-,-,-,-,-,34.575311,33.983014,33.83494,33.983014,34.007693,34.254484,34.205126,34.132727,34.228631,34.513825,35.109624,35.090837,34.978957,34.913633,35.01005,35.042485,35.118249,35.138361,35.019073,34.776685,34.574041,34.495104,34.30901,34.120955,33.983228,33.797417,33.807189,33.835132,33.79205,33.767119,33.738616,33.924843,34.233837,34.543378,34.627765,34.552767,34.558324,34.586605,34.778851,34.88106,35.010558,35.182902,35.16947,35.188366,35.244902,35.377875,35.955279,38.595862,42.641729,44.293876,44.580526,44.760464,45.004646,45.1005,45.214784,45.460758,45.707431,45.944139,46.562982,47.137414,47.600554,48.54076,49.693855,52.49221,55.810592,56.94534,57.568817,57.860282,57.860481,57.856854,57.814242,57.477377,56.522773,55.964464,55.183933,54.963802,54.831334,54.810081,55.122131,55.905248,56.257702,56.889832,57.205606,57.195511,57.207564,57.133926,57.147252,57.047986,56.64633,56.341121,55.833343,55.514981,55.252826,54.859655,54.649259,54.612074,54.573127,54.583112,54.661591,54.706475,54.685378,54.658565,54.585992,54.502113,54.377801,54.261613,54.210643,54.112745,54.005709,53.950118,53.920133,53.835613,53.658815,53.497523,53.275368,52.951771,52.683041,52.198967,51.770161,51.626048,51.449357,51.191308,51.09526,50.961506,50.946738,50.845088,50.684811,50.535611,50.221127,50.211397,50.271751,50.341509,50.31203,50.31702,50.329988,50.448071,50.475476,50.442077,50.402027,50.414719,50.426358,50.626233,50.817428,50.881138,50.940294,51.021044,51.112033,51.416409,51.772145,51.89383,52.051881,52.216213,52.494106,52.947155,53.222798,53.652672,53.807536,53.822942,53.903793,53.983723,54.072772,54.171271,54.257205,54.480372,54.723617,54.936536,55.290538,55.636925,55.7264,55.84211,55.925476,56.020624,56.104133,56.193147,56.790549,57.640961,58.348067,58.306036,58.417927,58.554733,58.670369,58.758071,59.021118,59.473877,59.766004,59.884767,59.953337,60.181951,60.793217,63.525353,65.049911,65.459275,65.569457,65.554717,65.530105,65.499056,65.453797,65.44725,65.373932,65.642202,65.903501,66.075599,66.156164,66.298644,66.544805,66.825375,67.244061,67.782811,68.066563,68.100934,68.953693,71.606242,74.129494,76.65365,77.300266,79.202499,80.706061,82.742433,84.916716,86.734872,88.067475,89.584832,91.840516,93.359546,95.230505,97.55488,98.499724,99.509794,99.78452,100,100.0364977,100.0312397,99.99272871,99.95948121,99.8290929,99.83767122,99.48192247,99.04968131,97.6595307,95.53741992,94.1622283,91.81403649,90.32695829,88.44109379,87.54084926,86.67243192,86.22200271,85.45948422,84.87066187,84.74039174,84.7335867,84.4294062,84.19845352,83.93644999
은평구,-,-,-,-,-,-,-,-,-,-,-,-,-,-,-,-,-,-,-,-,-,-,-,-,-,-,-,-,-,-,-,-,-,-,-,-,-,-,-,-,-,-,-,-,-,-,-,-,-,-,-,-,-,-,-,-,-,-,-,-,-,-,-,-,-,-,-,-,-,-,-,-,-,-,-,-,-,-,-,-,-,-,-,-,-,-,-,-,-,-,-,-,-,-,-,-,-,-,-,-,-,-,-,-,-,-,-,-,-,-,-,-,-,-,-,-,-,-,-,-,-,-,-,-,-,-,-,-,-,-,-,-,-,-,-,-,-,-,-,-,-,-,-,-,-,-,-,-,-,-,-,-,-,-,-,-,-,-,-,-,-,-,-,-,-,-,-,-,-,-,-,-,-,-,-,-,-,-,-,-,-,-,-,-,-,-,-,-,-,-,-,-,-,-,-,-,-,-,-,-,-,-,-,45.034405,45.00226,44.873683,44.970116,45.034405,45.387994,46.448762,46.627719,47.076926,47.664385,48.505798,48.379934,48.209959,48.121143,48.298019,48.143928,48.512841,48.533725,48.734366,48.772241,48.60517,48.578522,48.560857,48.779918,48.752833,48.906703,49.060576,49.163586,49.309192,49.440652,49.359322,49.52976,49.820817,49.929103,50.18471,50.459529,50.481879,50.270821,50.576665,50.782901,50.90081,51.212712,51.454385,51.707791,51.838159,52.546513,54.343615,57.263138,59.27029,60.207207,60.412717,60.499319,60.864395,60.749606,60.865066,61.075931,61.113635,61.336267,61.470831,61.926618,61.926618,62.196671,62.369368,62.71595,63.623782,64.290833,65.02177,65.513442,65.663578,66.06607,66.196244,65.899985,65.626213,65.464728,65.393026,65.121257,64.943277,64.956356,65.016374,65.056334,65.060725,65.397776,65.552923,65.43251,65.214619,65.214462,65.200066,64.969443,64.911574,64.82646,64.211811,63.529673,63.143849,62.662013,62.500397,62.421781,62.424924,62.446094,62.516057,62.555909,62.54665,62.463298,62.43932,62.38522,62.192377,62.176889,62.079262,62.080156,62.047393,61.996636,61.885723,61.745624,61.679607,61.45304,61.34763,61.049854,60.899241,60.723292,60.328865,60.142974,60.057441,59.941846,59.880101,59.815135,59.767425,59.703198,59.516391,59.288408,59.087797,58.899222,58.908981,58.88736,58.859406,58.828995,58.917423,59.006791,59.087862,59.097907,59.069843,59.050219,59.05552,59.172452,59.220875,59.321518,59.433315,59.451687,59.536052,59.807902,60.083384,60.28592,60.489265,60.525438,60.755469,61.052411,61.313281,61.586674,61.755933,61.845118,61.919312,61.993841,62.158726,62.312802,62.459386,62.775405,63.00953,63.183052,63.54228,63.877763,64.066244,64.147205,64.19559,64.275709,64.372271,64.446186,64.726762,65.012432,65.32429,65.444833,65.517253,65.798605,65.830589,65.932939,66.040996,66.540184,67.026442,67.358266,67.813564,68.220694,69.268571,71.005582,72.605277,73.028693,73.177157,73.177157,73.163472,73.134561,73.122892,73.103243,73.10322,73.128328,73.324677,73.720404,74.066783,74.562613,75.251159,75.499686,76.060942,76.374311,76.692637,76.751058,76.967347,78.166951,79.637545,81.847985,82.443265,84.778771,86.343671,88.048192,89.206119,90.139934,90.685708,91.092307,92.569617,93.685247,95.665039,97.588264,98.53499,99.302274,99.917972,100,100.014357,100.0174932,100.046186,100.2415234,100.3595251,100.413411,100.4802552,100.4343515,100.2067977,99.6704187,98.26720069,96.93134851,95.96805688,94.59273798,93.85831168,92.68914258,92.39838903,91.97102124,91.28942698,91.06419379,90.96970837,90.76771278,90.55615185,90.38678986
서대문구,-,-,-,-,-,-,-,-,-,-,-,-,-,-,-,-,-,-,-,-,-,-,-,-,-,-,-,-,-,-,-,-,-,-,-,-,-,-,-,-,-,-,-,-,-,-,-,-,-,-,-,-,-,-,-,-,-,-,-,-,-,-,-,-,-,-,-,-,-,-,-,-,-,-,-,-,-,-,-,-,-,-,-,-,-,-,-,-,-,-,-,-,-,-,-,-,-,-,-,-,-,-,-,-,-,-,-,-,-,-,-,-,-,-,-,-,-,-,-,-,-,-,-,-,-,-,-,-,-,-,-,-,-,-,-,-,-,-,-,-,-,-,-,-,-,-,-,-,-,-,-,-,-,-,-,-,-,-,-,-,-,-,-,-,-,-,-,-,-,-,-,-,-,-,-,-,-,-,-,-,-,-,-,-,-,-,-,-,-,-,-,-,-,-,-,-,-,-,-,-,-,-,-,45.279314,45.246995,45.537869,45.828742,46.151935,46.862959,46.862959,47.019936,47.211627,47.985273,48.680422,48.696112,48.831571,49.099695,49.422999,49.511462,49.626997,49.688787,49.722194,49.703988,49.639888,49.604296,49.595264,49.56556,49.406767,49.148508,49.08608,49.131577,49.158289,49.267359,49.276818,49.359396,49.421229,49.390929,49.346554,49.274964,49.307941,49.330989,49.316434,49.54608,49.810883,50.051827,50.375982,50.479602,50.510225,50.906812,51.960819,53.689553,55.269518,56.058045,56.4839,56.653225,56.833588,56.868646,56.885233,57.318637,57.457069,57.64068,57.962265,58.51245,58.721336,58.941163,59.509312,60.078885,60.902603,61.670246,62.411613,62.795203,62.980887,63.044632,63.041818,62.842601,62.608899,62.519241,62.368651,62.34213,62.219676,62.047417,61.979879,61.879713,61.968079,62.728884,62.954151,62.958797,62.967635,62.944007,63.001337,63.001465,63.014533,63.002683,62.874404,62.771754,62.417677,62.40324,62.353805,62.230448,62.261486,62.317701,62.364932,62.529506,62.554416,62.554416,62.500685,62.455923,62.432894,62.346308,62.355933,62.345838,62.308433,62.235157,62.214182,62.126648,61.980234,61.894554,61.752077,61.564208,61.414974,61.273956,60.923387,60.794199,60.70929,60.552188,60.48156,60.310805,60.272047,60.252496,60.178863,60.128198,59.987916,59.93762,59.975111,59.834068,59.71721,59.657332,59.700542,59.7964,59.87867,59.871162,59.866355,59.832861,59.835169,60.000231,60.094009,60.200833,60.23519,60.291184,60.443578,60.870783,61.179856,61.379296,61.581177,61.787287,62.029541,62.360625,62.577125,62.896546,62.9904,63.047502,63.178866,63.323521,63.435901,63.721264,63.932799,64.246583,64.581318,64.796869,65.311688,65.896861,66.053194,66.132967,66.177919,66.259044,66.336826,66.405501,66.568643,66.972304,67.45432,67.603413,67.958051,68.472304,68.874948,69.065738,69.361741,70.30515,70.929439,71.349872,71.948758,72.572147,73.494934,75.519591,77.117494,77.461262,77.605312,77.605312,77.627411,77.659529,77.722582,77.752762,77.786952,77.931634,78.336108,78.787129,79.078306,79.541816,80.261225,80.768741,81.127549,81.628841,81.837111,81.968297,82.395088,83.707517,84.6978,85.832836,86.400437,87.579099,88.613971,89.555427,90.506675,91.449632,92.440865,93.140726,94.506955,95.765222,96.877196,98.501317,99.092979,99.410042,99.741399,100,100.0104148,100.0070525,100.0637701,100.0870079,99.91233162,99.8173712,99.65788608,99.6102109,99.27687091,98.47666533,97.28477266,94.02458019,91.65035847,90.3866858,89.49977386,88.97699036,88.7450268,88.36879999,88.2212604,88.3314958,88.51301786,88.85704726,89.05621152,89.09437711
마포구,-,-,-,-,-,-,-,-,-,-,-,-,-,-,-,-,-,-,-,-,-,-,-,-,-,-,-,-,-,-,-,-,-,-,-,-,-,-,-,-,-,-,-,-,-,-,-,-,-,-,-,-,-,-,-,-,-,-,-,-,-,-,-,-,-,-,-,-,-,-,-,-,-,-,-,-,-,-,-,-,-,-,-,-,-,-,-,-,-,-,-,-,-,-,-,-,-,-,-,-,-,-,-,-,-,-,-,-,-,-,-,-,-,-,-,-,-,-,-,-,-,-,-,-,-,-,-,-,-,-,-,-,-,-,-,-,-,-,-,-,-,-,-,-,-,-,-,-,-,-,-,-,-,-,-,-,-,-,-,-,-,-,-,-,-,-,-,-,-,-,-,-,-,-,-,-,-,-,-,-,-,-,-,-,-,-,-,-,-,-,-,-,-,-,-,-,-,-,-,-,-,-,-,35.825041,35.850612,35.518189,36.387605,37.026881,37.896297,38.382146,38.560992,38.705989,39.315072,40.341269,40.340046,39.928962,39.886727,40.020315,40.146583,40.598294,40.706197,40.837504,40.748415,40.558622,40.19337,39.992692,39.75315,39.446698,39.268932,39.744291,39.878229,40.03885,40.437733,40.689865,41.453498,41.824421,41.786453,41.723427,41.70994,41.841513,42.139661,42.730614,42.981194,43.678993,44.309121,44.920739,45.245944,45.57575,46.076746,47.754647,51.582616,52.927742,53.649918,53.712436,53.960521,54.007826,54.019557,53.949267,53.933695,53.968377,54.060081,54.110206,54.141957,54.149965,54.291356,54.405212,54.617339,55.035033,55.297281,55.596239,55.807528,55.925404,56.041365,55.639968,55.292296,54.382819,53.816396,53.766149,53.725504,54.086907,54.404585,54.913643,55.337374,55.718165,56.27344,56.785742,56.755923,56.623177,56.686354,56.762259,56.827178,56.775126,56.63656,56.63077,55.996254,55.927503,55.793275,55.744101,55.784183,55.854047,55.931283,56.240541,56.300226,56.265655,56.258459,56.102837,55.993677,55.937761,55.899197,55.879674,55.883243,55.897549,55.778647,55.597369,55.427605,55.173207,55.027068,54.992843,54.762884,54.586821,54.261263,53.972058,53.768677,53.60229,53.478736,53.42052,53.345141,53.250222,53.215259,53.117824,53.023783,52.878704,52.828589,52.821306,52.820034,52.899903,52.874689,52.927115,53.08139,53.102848,53.111277,53.111175,53.097902,53.092728,53.278796,53.408911,53.544013,53.586063,53.635744,53.721369,53.99347,54.27895,54.497886,54.77245,55.069487,55.256269,55.554526,55.796209,56.061003,56.333075,56.423393,56.652159,56.736506,56.893681,57.11667,57.403012,57.782865,58.134201,58.386473,58.809075,59.435712,59.658489,59.723209,59.785602,59.807117,59.925846,60.065163,60.602802,61.161161,61.968364,62.238708,62.52123,63.078611,63.649045,64.47919,65.139782,65.825848,66.430707,66.761432,67.181502,67.850009,68.974145,71.437471,72.694343,72.867719,72.962185,72.970398,72.892363,72.840842,72.794458,72.692379,72.68751,73.23405,73.7576,74.251683,74.726786,74.915641,75.672109,76.77556,76.857936,77.715438,77.862023,77.918813,78.572883,79.974158,81.163676,82.524572,83.22306,84.332702,85.276173,87.199083,89.184275,90.976119,91.860546,92.928601,94.267073,95.420726,96.789958,97.822421,98.553156,99.693557,99.83323,100,100.0706591,100.1306585,100.1941796,100.4421615,100.6807642,100.691852,100.598912,100.5851912,100.3125664,99.01650757,97.60367351,95.99944138,94.91808541,93.82377841,92.72287441,92.05994501,91.9771767,92.19792527,92.47719967,92.90340836,93.13013293,93.19295305,93.18280109,93.13541368
양천구,-,-,-,-,-,-,-,-,-,-,-,-,-,-,-,-,-,-,-,-,-,-,-,-,-,-,-,-,-,-,-,-,-,-,-,-,-,-,-,-,-,-,-,-,-,-,-,-,-,-,-,-,-,-,-,-,-,-,-,-,-,-,-,-,-,-,-,-,-,-,-,-,-,-,-,-,-,-,-,-,-,-,-,-,-,-,-,-,-,-,-,-,-,-,-,-,-,-,-,-,-,-,-,-,-,-,-,-,-,-,-,-,-,-,-,-,-,-,-,-,-,-,-,-,-,-,-,-,-,-,-,-,-,-,-,-,-,-,-,-,-,-,-,-,-,-,-,-,-,-,-,-,-,-,-,-,-,-,-,-,-,-,-,-,-,-,-,-,-,-,-,-,-,-,-,-,-,-,-,-,-,-,-,-,-,-,-,-,-,-,-,-,-,-,-,-,-,-,-,-,-,-,-,36.17946,35.62985,35.402426,35.516138,35.667754,36.558501,37.468199,37.725553,38.099005,39.525348,41.251515,41.296747,41.003093,40.793763,40.747325,40.853303,41.037534,41.146366,40.970095,40.866979,40.809604,40.651227,40.516969,40.472145,40.26376,40.124799,40.409466,40.607014,40.90066,41.480098,42.626494,43.477562,43.886893,44.145334,44.282166,44.278379,44.944828,45.534939,46.649434,49.122999,52.613342,54.724928,55.07525,55.499781,55.76131,56.184421,57.4771,60.674562,61.635673,61.763703,61.726677,61.637438,61.019596,60.677779,60.496625,60.485019,60.586279,60.670196,60.510475,60.411587,60.30974,60.241816,60.176258,60.363857,60.252636,60.26323,60.317992,60.332925,60.053891,59.872038,59.32602,58.128406,56.905577,56.180332,56.670686,56.818611,57.425976,58.150466,58.683626,59.332022,59.56856,60.46857,60.609412,60.62906,60.564486,60.590255,60.792318,60.798023,60.660609,60.411983,60.086004,59.361124,58.779936,58.73061,58.658468,58.621656,58.738945,58.929961,59.13627,59.226715,59.239432,59.109515,58.999686,58.852271,58.786458,58.636382,58.335796,58.004358,57.873638,57.583016,57.245181,56.965186,56.575869,56.313709,56.010407,55.585013,55.329819,54.925874,54.59789,54.412612,54.288432,54.061871,53.79736,53.618536,53.491458,53.414034,53.2625,53.161686,52.984011,52.915492,52.97558,52.976867,52.97188,53.021996,53.03185,53.129814,53.136488,53.128072,53.058154,53.054202,53.007346,53.299575,53.611508,53.69847,53.742114,53.776169,53.828388,54.08256,54.429009,54.659091,54.934351,55.138621,55.465056,55.870962,56.216297,56.748818,56.920187,57.148783,57.211877,57.275638,57.266301,57.318513,57.560835,57.88266,58.311075,58.676697,59.22064,59.63596,59.795501,59.798438,59.779902,59.805065,59.825943,59.964092,60.464538,60.869308,61.425451,61.528547,61.680878,62.179967,62.968517,64.151542,65.0023,65.490396,65.729446,65.897307,66.032548,66.354347,67.473352,71.108066,72.627929,72.96125,73.009143,72.97929,72.94837,72.846165,72.55831,72.555851,72.668833,73.256606,73.58077,73.852549,74.750826,75.408369,76.525834,77.765155,78.601023,79.939789,80.27379,80.208658,80.801879,82.461234,84.255139,85.641832,86.095465,86.909175,87.934894,88.643626,90.030886,91.137996,91.827656,92.960848,94.293015,95.208058,96.316597,97.438146,98.390792,99.371548,99.678326,100,100.2387914,100.1740991,100.2357731,100.4935811,100.7474345,100.7556153,100.5451179,100.2951782,99.60726851,98.01421745,96.66383835,95.03967264,94.60901532,93.97326951,93.3825838,93.06974897,92.93895834,93.06691746,93.41863757,93.99902145,94.67465312,94.89749234,94.98660164,94.75952325
강서구,-,-,-,-,-,-,-,-,-,-,-,-,-,-,-,-,-,-,-,-,-,-,-,-,-,-,-,-,-,-,-,-,-,-,-,-,-,-,-,-,-,-,-,-,-,-,-,-,-,-,-,-,-,-,-,-,-,-,-,-,-,-,-,-,-,-,-,-,-,-,-,-,-,-,-,-,-,-,-,-,-,-,-,-,-,-,-,-,-,-,-,-,-,-,-,-,-,-,-,-,-,-,-,-,-,-,-,-,-,-,-,-,-,-,-,-,-,-,-,-,-,-,-,-,-,-,-,-,-,-,-,-,-,-,-,-,-,-,-,-,-,-,-,-,-,-,-,-,-,-,-,-,-,-,-,-,-,-,-,-,-,-,-,-,-,-,-,-,-,-,-,-,-,-,-,-,-,-,-,-,-,-,-,-,-,-,-,-,-,-,-,-,-,-,-,-,-,-,-,-,-,-,-,40.776165,40.413046,40.135366,40.498486,40.605286,41.246084,41.331524,41.493374,41.845766,42.628572,43.065914,42.928268,42.43582,42.436511,42.510423,42.73608,43.048725,43.115835,42.816125,42.74928,42.555037,42.495942,42.427431,42.062265,41.819665,41.682983,41.78854,41.998543,42.216108,42.190188,42.406628,42.757757,42.71812,42.73385,42.683046,42.600054,42.677733,43.005228,43.336284,44.005152,45.405827,47.342394,48.410038,49.180209,49.735788,50.458474,52.571552,56.03894,57.905308,58.65778,58.866655,58.936882,59.101689,59.068817,59.229881,59.359142,59.439608,59.651732,59.599224,59.623514,59.636001,59.694036,59.861139,60.428064,61.195074,62.02702,62.712357,62.932051,62.992021,63.199625,63.213004,62.923985,62.426348,61.926529,61.811385,61.801143,61.785898,61.902833,62.121569,62.343417,62.482914,62.924955,63.165837,63.158892,63.111975,63.090069,63.17508,62.91195,62.802212,62.487092,62.177866,61.641357,61.382398,61.148651,60.923886,60.907224,60.902258,60.896423,60.868411,60.867418,60.851283,60.791362,60.65178,60.553085,60.372376,60.1468,60.08716,59.931311,59.870748,59.810271,59.70852,59.446595,59.107802,58.887043,58.508556,58.252312,58.048546,57.571766,57.194467,56.953242,56.619921,56.419592,56.294123,55.915594,55.703464,55.614048,55.508624,55.399783,55.28867,55.193498,55.325361,55.422383,55.431619,55.45772,55.487549,55.539274,55.519838,55.472906,55.268754,55.190824,54.969626,54.967782,55.045965,55.115197,55.115606,55.164978,55.26373,55.638758,56.091435,56.394834,56.806357,57.257117,57.567916,58.041624,58.449248,59.007572,59.184146,59.239503,59.31966,59.357582,59.460829,59.686228,59.968649,60.30966,60.598342,60.832359,61.289319,61.628919,61.739849,61.80522,61.854128,61.919322,62.020732,62.185906,62.774807,63.460202,64.177207,64.317992,64.431672,64.655563,64.782479,65.145234,65.365912,65.84411,66.303019,66.53849,66.771859,67.232136,68.241402,70.843011,72.246345,72.49636,72.542433,72.542433,72.524099,72.452746,72.384769,72.3641,72.298888,72.199179,72.200288,72.334373,72.412389,72.618498,73.357749,74.060141,74.598066,75.015237,75.081872,75.117451,75.554921,77.376127,78.63633,80.254258,80.998719,82.241298,83.140242,84.273,85.400466,86.227882,87.065735,87.946681,89.685283,91.033725,93.341263,95.999185,97.479215,99.331304,99.637226,100,100.1259119,100.2999323,100.4707408,100.6341321,100.680554,100.6289784,100.3580501,100.1772809,99.41905396,98.25698278,97.30952933,94.99889409,93.27005872,92.18097159,91.54984919,90.46142396,90.21149261,89.62192204,89.37285822,89.54210057,89.71357158,89.78181965,89.7315037,89.55212687
구로구,-,-,-,-,-,-,-,-,-,-,-,-,-,-,-,-,-,-,-,-,-,-,-,-,-,-,-,-,-,-,-,-,-,-,-,-,-,-,-,-,-,-,-,-,-,-,-,-,-,-,-,-,-,-,-,-,-,-,-,-,-,-,-,-,-,-,-,-,-,-,-,-,-,-,-,-,-,-,-,-,-,-,-,-,-,-,-,-,-,-,-,-,-,-,-,-,-,-,-,-,-,-,-,-,-,-,-,-,-,-,-,-,-,-,-,-,-,-,-,-,-,-,-,-,-,-,-,-,-,-,-,-,-,-,-,-,-,-,-,-,-,-,-,-,-,-,-,-,-,-,-,-,-,-,-,-,-,-,-,-,-,-,-,-,-,-,-,-,-,-,-,-,-,-,-,-,-,-,-,-,-,-,-,-,-,-,-,-,-,-,-,-,-,-,-,-,-,-,-,-,-,-,-,39.922292,39.754991,39.901379,40.110506,40.21507,40.716974,40.9261,40.985903,41.0052,41.121861,41.337599,41.26259,40.874549,40.619867,40.707736,41.051961,41.033166,40.96785,41.100228,40.938667,40.831993,40.679723,40.528081,40.301415,40.130413,39.949575,40.240391,40.518755,40.756868,41.006863,41.555065,42.173334,42.577263,42.550486,42.565006,42.475148,42.476986,42.5427,43.145303,43.673885,44.374249,45.227516,45.621841,45.612882,45.886582,46.315673,47.255896,50.258153,52.007363,52.553646,52.852156,52.977962,53.357269,53.351398,53.392385,53.682512,53.790229,53.900306,54.118321,54.193658,54.185724,54.455036,54.544873,55.110229,56.036689,56.660995,57.00266,57.275549,57.439466,57.608152,57.65896,57.553559,57.281623,56.888395,56.582757,56.273422,56.236872,56.215943,56.36577,56.553317,56.69678,56.896216,57.07159,57.097548,57.108992,57.106839,57.169342,57.156061,57.160855,57.147636,57.026603,56.651105,56.529715,56.41862,56.291364,56.093963,56.076442,56.131972,56.261407,56.423286,56.378763,56.381499,56.357666,56.318865,56.282411,56.231716,56.158185,56.108775,56.01473,55.973715,55.958659,55.909747,55.782106,55.68032,55.611823,55.46435,55.336955,55.167239,54.960399,54.846793,54.797222,54.702059,54.609335,54.381218,54.274373,54.225418,54.086668,53.838718,53.771373,53.774907,53.801355,53.788584,53.701328,53.687542,53.705027,53.740496,53.763335,53.740376,53.705266,53.650572,53.579605,53.657313,53.750146,53.788769,53.768023,53.768475,53.845594,53.995566,54.452461,54.707199,55.076843,55.417687,55.739144,56.315848,56.611908,56.884835,57.069082,57.135053,57.27741,57.323037,57.412205,57.474427,57.580038,57.793452,57.997227,58.169659,58.545945,58.972627,59.132191,59.224362,59.261692,59.330453,59.422742,59.584474,59.906146,60.451461,60.984858,61.1687,61.41355,61.530035,61.634675,61.91423,62.051278,62.334331,62.770967,62.922294,63.383681,64.050703,64.92297,68.092134,69.602702,69.941073,70.068695,70.073279,70.149706,70.162989,70.105382,70.108234,70.021457,70.061506,70.275089,70.539018,70.844007,71.2614,72.314206,72.921625,73.368588,74.399163,74.659926,74.794858,75.351744,76.867006,79.041175,80.976737,81.560189,83.191844,84.176234,85.479107,87.147541,88.488568,89.328876,90.207365,92.156004,93.825057,94.662659,96.572952,98.1082,99.27646,99.843676,100,100.0711821,100.0991086,100.1733373,100.3914608,100.4995153,100.4475368,100.4046486,100.2861228,99.70947667,98.67782214,96.72937084,94.42223401,93.1232323,91.72926636,90.76034391,89.08820606,88.62470792,88.22584057,87.82338552,87.77655643,87.8459069,87.91121601,87.77060816,87.62714112
금천구,-,-,-,-,-,-,-,-,-,-,-,-,-,-,-,-,-,-,-,-,-,-,-,-,-,-,-,-,-,-,-,-,-,-,-,-,-,-,-,-,-,-,-,-,-,-,-,-,-,-,-,-,-,-,-,-,-,-,-,-,-,-,-,-,-,-,-,-,-,-,-,-,-,-,-,-,-,-,-,-,-,-,-,-,-,-,-,-,-,-,-,-,-,-,-,-,-,-,-,-,-,-,-,-,-,-,-,-,-,-,-,-,-,-,-,-,-,-,-,-,-,-,-,-,-,-,-,-,-,-,-,-,-,-,-,-,-,-,-,-,-,-,-,-,-,-,-,-,-,-,-,-,-,-,-,-,-,-,-,-,-,-,-,-,-,-,-,-,-,-,-,-,-,-,-,-,-,-,-,-,-,-,-,-,-,-,-,-,-,-,-,-,-,-,-,-,-,-,-,-,-,-,-,40.282239,40.64096,40.851972,41.316199,41.463907,42.20245,43.278613,43.577285,43.769506,44.258339,45.066483,44.952785,44.723685,44.754643,45.17032,45.345767,45.42144,45.43782,45.703176,45.810489,45.760139,45.755621,45.53272,45.35563,45.329081,45.360127,45.492928,45.589646,45.593373,45.693349,45.762329,45.831388,45.930813,46.599592,46.602693,46.642473,46.657371,46.790737,47.109873,47.307341,47.553357,47.798208,47.837868,48.062207,48.174905,48.583754,49.427405,52.697544,54.585566,55.329077,55.482235,55.778955,55.888285,55.997377,56.087276,56.256631,56.290712,56.681646,57.178728,57.511917,57.605065,58.080334,58.492387,59.857984,60.880361,62.094732,63.179735,63.801674,64.05137,64.437842,64.955879,64.955879,64.789331,64.581711,64.259753,63.738065,63.658697,63.666414,63.679372,63.515481,63.305861,64.451201,64.970742,65.280717,65.40807,65.160692,65.245446,65.388951,65.546526,65.400353,65.1507,64.805615,64.461069,64.250107,64.147917,63.621651,63.05663,63.203722,63.226385,63.225149,63.179022,63.121835,63.013954,62.87408,62.796413,62.73381,62.366847,62.313258,62.239168,62.251198,62.220426,62.165532,62.04351,61.957255,61.91035,61.832003,61.781103,61.704409,61.527324,61.45083,61.413686,60.933484,60.338152,60.131065,60.004517,60.012201,59.583153,59.429349,59.429489,59.217598,59.302247,59.344381,59.380126,59.414142,59.52294,59.62064,59.753218,59.705491,59.538425,59.538425,59.529001,59.564266,59.848272,60.087078,60.088414,60.171462,60.261698,60.549598,60.887765,61.027759,61.100824,61.387166,61.5096,61.815369,62.173527,62.539165,62.561515,62.635397,62.736024,62.794339,62.850192,62.9546,63.160824,63.420796,63.737167,63.830931,63.984634,64.173195,64.207191,64.222821,64.287751,64.362948,64.471084,64.506818,65.084651,65.619389,66.089238,66.280153,66.710862,67.00995,67.743774,67.997068,68.11519,68.329239,68.46572,68.570265,68.867505,69.124573,69.72913,72.066986,73.64334,74.064748,74.094467,74.094467,74.094467,74.098409,74.052917,74.078545,74.163251,74.425356,74.548623,74.887111,75.634863,76.091797,77.055718,77.844622,78.658193,80.289103,80.546279,80.584985,81.68215,82.743955,83.919428,85.576551,86.251286,87.37787,88.381689,89.115832,89.935831,90.780392,91.157549,91.914822,93.160477,94.439319,96.063867,97.90216,98.488347,98.96136,99.69456,100,100.2655792,100.4423285,100.6399827,101.0558018,101.3262678,101.5359052,101.5248699,101.2654716,100.9010361,100.1847512,98.58906278,96.25362342,95.67324559,94.66992132,93.57550197,92.8009509,92.37898145,91.97453663,91.89736993,91.79677237,91.78274898,91.75108651,91.61643761,91.33556998
영등포구,-,-,-,-,-,-,-,-,-,-,-,-,-,-,-,-,-,-,-,-,-,-,-,-,-,-,-,-,-,-,-,-,-,-,-,-,-,-,-,-,-,-,-,-,-,-,-,-,-,-,-,-,-,-,-,-,-,-,-,-,-,-,-,-,-,-,-,-,-,-,-,-,-,-,-,-,-,-,-,-,-,-,-,-,-,-,-,-,-,-,-,-,-,-,-,-,-,-,-,-,-,-,-,-,-,-,-,-,-,-,-,-,-,-,-,-,-,-,-,-,-,-,-,-,-,-,-,-,-,-,-,-,-,-,-,-,-,-,-,-,-,-,-,-,-,-,-,-,-,-,-,-,-,-,-,-,-,-,-,-,-,-,-,-,-,-,-,-,-,-,-,-,-,-,-,-,-,-,-,-,-,-,-,-,-,-,-,-,-,-,-,-,-,-,-,-,-,-,-,-,-,-,-,33.128934,32.903331,32.799207,32.920685,33.319829,34.083408,34.604031,34.679564,35.219747,35.809396,36.582681,36.700803,36.51029,36.406577,36.408644,36.617658,36.863133,37.200404,37.342206,37.465397,37.384315,37.337055,37.281687,37.170013,37.012702,36.944577,37.191427,37.644867,37.830876,38.928293,39.722359,40.922053,41.378351,41.767331,41.787133,41.788618,41.898811,42.298892,42.798758,43.768769,45.024223,45.951658,46.398042,46.665269,46.853356,47.383993,48.080953,49.958118,51.542619,52.554833,52.866635,53.040121,53.092535,52.932024,52.859501,52.983132,53.045042,53.059149,53.217859,53.385206,53.484221,53.497932,53.613649,53.825397,54.358462,54.658162,54.983501,55.144632,55.165984,55.142634,55.180653,55.109657,54.761076,54.43531,54.40818,54.222108,54.410822,54.602297,55.092335,55.472373,55.657261,56.353214,56.605273,56.690526,56.712034,56.864609,57.139846,57.055438,57.040491,56.998315,56.47489,55.921785,55.667568,55.535681,55.450847,55.390324,55.398102,55.404523,55.570156,55.677405,55.633524,55.558537,55.520204,55.506412,55.43853,55.354295,55.258781,55.148036,54.99312,54.845158,54.802407,54.720675,54.5446,54.368141,54.213597,54.009795,53.774172,53.485825,53.100758,52.758594,52.550207,52.398248,52.292551,52.150149,51.942961,51.957927,51.872937,51.810535,51.715787,51.602836,51.601143,51.563402,51.54291,51.56466,51.608224,51.694429,51.718607,51.708984,51.639417,51.601863,51.644566,51.718843,51.834931,51.886843,51.888232,51.900526,51.983387,52.059182,52.165291,52.439628,52.883929,53.165466,53.51424,54.062785,54.488875,54.888641,55.23773,55.319708,55.458235,55.488686,55.58517,55.781339,56.083783,56.454015,56.826147,57.126002,57.608828,58.122654,58.215955,58.330357,58.381346,58.425881,58.532336,58.711454,59.186203,59.745998,60.48569,60.594664,60.995157,61.451498,62.007821,62.597727,63.217106,63.958009,64.862251,65.368536,65.938985,66.655314,67.800636,70.827728,72.166048,72.645047,72.911079,72.96008,72.876015,72.8022,72.756719,72.757643,72.742886,73.117704,73.530908,74.086811,74.812961,75.606095,76.873986,77.519475,78.1778,78.535801,78.740944,78.766026,79.144828,81.294101,82.86541,84.131628,84.959445,86.355875,87.433703,88.723762,89.988639,90.969585,91.822035,92.665555,93.7599,94.682555,95.940847,97.245155,98.362091,99.087142,99.832567,100,100.23402,100.2347106,100.2903961,100.5179962,100.7780426,101.0287959,101.1188983,101.0790386,100.6354017,99.78645658,98.42617456,96.91420438,95.94503681,94.66348246,93.9510608,93.51671494,93.25453419,93.04005907,93.03104569,93.38276011,93.72336341,93.88926922,93.88530899,93.73895168
동작구,-,-,-,-,-,-,-,-,-,-,-,-,-,-,-,-,-,-,-,-,-,-,-,-,-,-,-,-,-,-,-,-,-,-,-,-,-,-,-,-,-,-,-,-,-,-,-,-,-,-,-,-,-,-,-,-,-,-,-,-,-,-,-,-,-,-,-,-,-,-,-,-,-,-,-,-,-,-,-,-,-,-,-,-,-,-,-,-,-,-,-,-,-,-,-,-,-,-,-,-,-,-,-,-,-,-,-,-,-,-,-,-,-,-,-,-,-,-,-,-,-,-,-,-,-,-,-,-,-,-,-,-,-,-,-,-,-,-,-,-,-,-,-,-,-,-,-,-,-,-,-,-,-,-,-,-,-,-,-,-,-,-,-,-,-,-,-,-,-,-,-,-,-,-,-,-,-,-,-,-,-,-,-,-,-,-,-,-,-,-,-,-,-,-,-,-,-,-,-,-,-,-,-,36.960286,36.631147,36.708592,36.805397,37.153896,37.908978,38.276838,38.611275,38.938322,39.486204,40.018559,40.07097,40.110352,39.950279,39.973985,40.00919,40.129414,40.333076,40.308595,40.282006,40.146387,40.107932,40.050341,39.936273,39.779885,39.747286,39.749903,39.8874,40.016767,40.220145,40.748058,41.470674,41.987633,42.446507,42.464655,42.542762,42.701924,43.128788,43.585974,44.603506,45.685889,47.470392,48.528105,49.000397,49.190328,49.695415,51.318391,54.498189,55.666661,56.267588,56.36128,56.634284,56.704211,56.791919,56.797108,56.931992,56.971769,57.23847,57.300484,57.444393,57.419413,57.531635,57.747478,57.893162,58.366029,58.53045,58.832137,58.861312,58.901816,58.950893,58.936086,58.910822,58.050027,57.188671,56.778242,56.461221,56.427181,56.495674,56.54962,56.656826,56.927715,57.534032,57.550386,57.512881,57.512812,57.534313,57.549146,57.638364,57.678128,57.632071,57.510288,57.483926,57.437221,57.354202,57.292836,57.07936,57.096028,57.168252,57.322844,57.364264,57.34901,57.334828,57.314462,57.149936,57.115853,57.045116,57.032666,56.999286,56.981324,56.960068,56.941222,56.925934,56.723959,56.512155,56.378397,56.071285,55.816813,55.333206,54.910133,54.882328,54.791171,54.588585,54.491812,54.013394,53.940349,53.871036,53.780984,53.561403,53.544366,53.490096,53.51652,53.47593,53.375726,53.348761,53.422591,53.500713,53.574824,53.599404,53.58543,53.576922,53.602796,53.659892,53.789001,53.894066,53.910029,53.910029,53.97389,54.298874,54.613497,54.86692,55.066686,55.366101,55.629678,56.265945,56.505061,57.152226,57.364854,57.430872,57.467936,57.479487,57.552782,57.688042,57.821253,58.135059,58.396059,58.546518,58.867498,59.350835,59.408083,59.478572,59.490271,59.548084,59.597236,59.721435,60.396149,61.134108,61.916762,62.064834,62.357324,62.551535,62.918821,63.632274,64.113518,65.012144,65.739646,66.269184,66.890503,67.580234,68.733355,71.765685,73.047415,73.437789,73.75107,73.773624,73.806384,73.768677,73.695398,73.639022,73.619677,73.676,73.972867,74.137109,74.454518,74.658426,75.391201,76.042223,76.67872,77.357958,77.478657,77.516655,77.797499,79.140833,80.610601,81.925466,82.545721,83.4498,84.491655,86.426136,89.225637,90.813536,91.810679,92.360707,94.703181,96.154263,96.790594,97.652263,98.630215,99.267907,99.943812,100,100.0410005,100.044253,100.111764,100.6109134,100.8277033,100.8589544,100.6587843,100.5670782,100.2190691,99.19884913,98.44151369,96.66752541,95.79056433,94.09067554,91.81915984,90.9766915,90.59332135,90.26436414,90.16205873,90.48390935,90.60717971,90.65786192,90.65843599,90.58055317
관악구,-,-,-,-,-,-,-,-,-,-,-,-,-,-,-,-,-,-,-,-,-,-,-,-,-,-,-,-,-,-,-,-,-,-,-,-,-,-,-,-,-,-,-,-,-,-,-,-,-,-,-,-,-,-,-,-,-,-,-,-,-,-,-,-,-,-,-,-,-,-,-,-,-,-,-,-,-,-,-,-,-,-,-,-,-,-,-,-,-,-,-,-,-,-,-,-,-,-,-,-,-,-,-,-,-,-,-,-,-,-,-,-,-,-,-,-,-,-,-,-,-,-,-,-,-,-,-,-,-,-,-,-,-,-,-,-,-,-,-,-,-,-,-,-,-,-,-,-,-,-,-,-,-,-,-,-,-,-,-,-,-,-,-,-,-,-,-,-,-,-,-,-,-,-,-,-,-,-,-,-,-,-,-,-,-,-,-,-,-,-,-,-,-,-,-,-,-,-,-,-,-,-,-,43.755314,43.434427,43.732394,43.755314,44.236646,44.8555,44.8555,44.954883,45.044816,45.607402,45.699449,45.659081,45.481084,45.402516,45.430733,45.553978,45.757683,45.941847,45.751479,45.575205,45.364235,45.538293,45.467468,45.499169,45.317403,45.17476,45.186886,45.226206,45.191225,45.314452,45.553608,46.099704,46.490822,46.547272,46.855731,46.968063,47.026402,47.033175,47.137659,47.39704,47.793814,48.387746,49.085029,49.391129,49.781397,50.469228,51.850477,55.586812,57.344882,58.323204,58.74068,58.94849,58.951657,58.91337,59.023683,59.177903,59.418529,59.734209,60.023073,60.233828,60.293062,60.488836,60.753349,61.062512,62.254976,62.783783,63.265898,63.447945,63.540916,63.557553,63.666532,63.666532,62.967946,62.636224,62.552512,62.341666,62.166708,62.163796,62.291337,62.352209,62.417202,62.930515,63.13487,63.203893,63.116083,63.175402,63.321382,63.254813,63.123346,62.913928,62.652393,62.461675,62.311416,62.261041,62.250943,62.202944,62.104998,62.131779,62.314088,62.408193,62.50907,62.435451,62.472839,62.327859,62.327617,62.306795,62.260313,62.230861,62.126174,62.087509,62.046481,61.994806,61.731526,61.608465,61.489755,61.28506,61.119224,60.902566,60.28776,59.913542,59.610184,59.397951,59.34247,59.274182,59.183849,59.162127,59.154651,59.022839,58.920823,58.888407,58.970948,59.036157,59.070308,59.07315,59.149474,59.284589,59.350007,59.338741,59.283038,59.308961,59.318237,59.442505,59.492069,59.530418,59.483951,59.469952,59.502325,59.729272,59.974217,60.305184,60.533737,60.949914,61.301905,61.700316,61.905272,62.259637,62.428975,62.541014,62.652954,62.75111,62.85501,62.998609,63.168628,63.522379,63.852112,64.106057,64.430211,64.58657,64.681193,64.717246,64.746693,64.787356,64.823548,64.917578,65.294765,65.821196,66.693363,66.807096,67.01935,67.228301,67.374823,67.670783,67.947171,68.388132,68.893026,69.199299,69.791489,70.552163,71.940593,74.539303,76.106377,76.395088,76.51447,76.51447,76.496764,76.345631,76.282621,76.273331,76.203653,76.237783,76.386322,76.591275,76.926658,77.23822,77.94837,78.547093,79.215202,80.127494,80.365908,80.460823,80.769749,82.450884,83.60813,84.527179,85.089527,86.567774,87.733945,89.271109,90.386021,91.10428,91.987845,92.543779,93.789697,95.006025,96.498865,97.730168,99.009867,99.877412,99.938734,100,99.91923906,100.1351156,100.1861602,100.354284,100.4388929,100.3747143,100.3350425,100.2623603,99.65139291,98.30201297,96.53484832,94.91826553,93.8979625,93.0027384,92.07180016,90.89467729,90.61264819,90.07380528,89.64839766,89.53924528,89.56380917,88.99308979,88.71351423,88.4164845
서초구,-,-,-,-,-,-,-,-,-,-,-,-,-,-,-,-,-,-,-,-,-,-,-,-,-,-,-,-,-,-,-,-,-,-,-,-,-,-,-,-,-,-,-,-,-,-,-,-,-,-,-,-,-,-,-,-,-,-,-,-,-,-,-,-,-,-,-,-,-,-,-,-,-,-,-,-,-,-,-,-,-,-,-,-,-,-,-,-,-,-,-,-,-,-,-,-,-,-,-,-,-,-,-,-,-,-,-,-,-,-,-,-,-,-,-,-,-,-,-,-,-,-,-,-,-,-,-,-,-,-,-,-,-,-,-,-,-,-,-,-,-,-,-,-,-,-,-,-,-,-,-,-,-,-,-,-,-,-,-,-,-,-,-,-,-,-,-,-,-,-,-,-,-,-,-,-,-,-,-,-,-,-,-,-,-,-,-,-,-,-,-,-,-,-,-,-,-,-,-,-,-,-,-,34.859115,34.073918,34.347824,34.384345,34.986938,36.246906,36.758197,37.414877,38.241339,39.383844,40.632812,39.987489,39.42753,39.086554,39.450307,39.749257,39.765468,40.008323,39.871506,39.806004,39.533882,39.418881,39.201934,39.001505,38.906973,38.871115,39.632752,40.425268,42.040354,43.215817,45.999028,48.600701,48.568428,49.005919,48.70191,48.718497,49.08396,50.26953,51.227145,52.535328,54.752403,56.520957,56.774667,56.675387,56.712148,56.953603,57.688913,60.953693,61.867734,62.302812,62.232133,62.141943,62.070348,61.884673,61.815872,61.772479,61.741538,61.7186,61.716568,61.559933,61.51393,61.595699,61.620467,61.628304,61.701543,61.649101,61.594117,61.458501,61.377149,61.18369,60.652243,59.52061,57.879677,56.791127,56.502507,56.482547,57.281691,57.461142,57.822272,58.983478,59.617105,60.765976,60.991672,61.214192,61.152591,61.350247,62.073368,62.169483,62.112744,61.88539,61.558649,61.447226,61.381356,61.308917,61.263786,61.275717,61.480262,61.771329,62.346397,62.451434,62.495278,62.469197,62.419899,62.406188,62.409967,62.483555,62.45886,62.282629,62.186643,62.030809,61.976326,61.799739,61.480662,61.090926,60.720509,60.255868,59.670751,59.046946,58.650141,58.330326,58.112335,57.817344,57.488064,57.434993,57.430832,57.44779,57.435322,57.393183,57.376115,57.384495,57.419464,57.40831,57.41882,57.473461,57.620904,57.871571,57.960272,57.928012,57.883199,57.962757,58.227762,58.524563,58.952993,59.048066,59.031141,59.049902,59.2398,59.506309,60.06871,60.310166,60.642231,60.860218,61.350006,61.956493,62.159765,62.586163,62.922617,63.034455,63.087861,63.088906,63.147385,63.531722,63.985435,64.475936,65.042268,65.471332,66.15322,66.498838,66.424087,66.244245,66.231076,66.389998,66.551908,66.768416,67.379908,67.960193,68.755211,68.738641,68.98568,69.31485,69.8807,70.606811,71.263368,72.293798,72.712687,72.851511,72.840994,72.841068,73.598908,76.672455,77.726119,77.740066,77.687402,77.681521,77.585192,77.356992,77.085039,77.016846,76.995233,77.554204,78.237885,78.593878,78.922039,79.307817,79.928911,80.35004,80.638827,80.757503,80.550599,80.456999,80.568189,81.567961,82.85702,83.810623,84.128992,84.960941,85.791214,87.316873,88.099114,88.474761,88.726318,89.503769,91.561978,92.607545,94.22954,95.805017,96.761792,98.510225,99.507209,100,100.1490443,100.2870187,100.6366237,101.384523,101.8099616,102.0281545,102.0530026,101.9989021,101.8785848,101.3104042,100.2165445,99.46131651,98.4724859,97.49620139,96.62723164,95.62669393,95.16766462,95.29016116,95.6510456,95.95825266,96.20644796,96.23608958,96.18692486,96.12132693
강남구,-,-,-,-,-,-,-,-,-,-,-,-,-,-,-,-,-,-,-,-,-,-,-,-,-,-,-,-,-,-,-,-,-,-,-,-,-,-,-,-,-,-,-,-,-,-,-,-,-,-,-,-,-,-,-,-,-,-,-,-,-,-,-,-,-,-,-,-,-,-,-,-,-,-,-,-,-,-,-,-,-,-,-,-,-,-,-,-,-,-,-,-,-,-,-,-,-,-,-,-,-,-,-,-,-,-,-,-,-,-,-,-,-,-,-,-,-,-,-,-,-,-,-,-,-,-,-,-,-,-,-,-,-,-,-,-,-,-,-,-,-,-,-,-,-,-,-,-,-,-,-,-,-,-,-,-,-,-,-,-,-,-,-,-,-,-,-,-,-,-,-,-,-,-,-,-,-,-,-,-,-,-,-,-,-,-,-,-,-,-,-,-,-,-,-,-,-,-,-,-,-,-,-,34.886993,33.534642,34.302192,34.850443,36.294168,37.774444,38.103394,39.031275,40.165946,42.183153,44.421732,43.193998,42.56456,42.384548,43.068161,43.327769,43.652608,43.695556,43.41671,43.090416,42.610589,42.329882,41.779274,41.405435,41.167719,40.927972,42.054671,42.364219,43.670898,44.585482,47.278546,49.274904,49.078737,48.549424,47.902282,48.312535,48.910737,49.989225,51.069882,52.786172,54.860315,56.278717,56.287638,56.175294,56.133472,56.255826,57.500412,60.905861,62.450082,62.971521,62.873459,62.755302,62.210519,61.760044,61.685113,61.776377,61.792961,61.675211,61.644641,61.65593,61.588469,61.667889,61.701733,61.883404,62.122817,62.22051,62.029124,61.795764,61.584454,61.401359,60.777099,59.457052,57.125832,56.323881,56.818964,56.804497,57.385833,57.526975,58.153422,59.067765,59.609162,60.679228,60.862946,60.690883,60.640341,60.729481,60.973137,61.006114,60.980161,60.566463,60.222672,60.069567,59.714496,59.627185,59.581874,59.487241,59.665712,59.892683,60.23401,60.31496,60.318209,60.217432,60.116122,59.9615,59.926009,59.859897,59.6898,59.566591,59.444855,59.223984,59.036034,58.754798,58.317729,58.291913,58.140448,57.64373,57.130848,56.529394,56.334547,56.043432,55.70615,55.539231,55.44449,55.509901,55.47913,55.585253,55.426546,55.044561,54.848755,54.970305,54.997591,54.977104,55.017321,55.115192,55.27312,55.516474,55.50505,55.476062,55.430328,55.460406,55.626615,56.129503,56.334253,56.337123,56.292859,56.406633,56.534554,56.915139,57.172312,57.457457,57.937569,58.264108,58.788944,59.148723,59.521914,60.008642,60.131904,60.082246,60.087625,60.087658,60.191216,60.523671,60.959951,61.505575,62.011738,62.430519,63.055663,63.40533,63.315421,63.219149,63.200584,63.335833,63.491255,63.703392,64.424034,64.905902,65.536026,65.510728,65.864904,66.564736,67.392545,69.049924,70.492324,72.029589,72.951977,73.366278,73.567649,73.728145,74.689644,77.002566,77.57263,77.649963,77.538096,77.400236,77.046118,76.517258,76.218443,76.121072,75.993397,76.482109,76.855798,77.400317,78.331685,79.045414,80.960502,81.605938,81.843787,82.002849,81.826479,81.535182,81.775477,83.371632,84.601302,85.969463,86.792815,87.368456,88.56294,89.378631,90.378956,91.139925,91.650496,92.488676,93.421154,94.223688,95.283593,96.429728,97.41216,98.859544,99.504297,100,100.1594366,100.3908367,100.6751995,100.8952201,101.2550065,101.6727012,101.6487525,101.5746437,101.0367236,100.0356134,99.19984061,97.14435631,95.92933858,95.57858203,94.99561579,94.84451318,95.12262736,95.48288581,95.99376631,96.62453244,97.04532739,97.24594189,97.26006401,97.20417533
송파구,-,-,-,-,-,-,-,-,-,-,-,-,-,-,-,-,-,-,-,-,-,-,-,-,-,-,-,-,-,-,-,-,-,-,-,-,-,-,-,-,-,-,-,-,-,-,-,-,-,-,-,-,-,-,-,-,-,-,-,-,-,-,-,-,-,-,-,-,-,-,-,-,-,-,-,-,-,-,-,-,-,-,-,-,-,-,-,-,-,-,-,-,-,-,-,-,-,-,-,-,-,-,-,-,-,-,-,-,-,-,-,-,-,-,-,-,-,-,-,-,-,-,-,-,-,-,-,-,-,-,-,-,-,-,-,-,-,-,-,-,-,-,-,-,-,-,-,-,-,-,-,-,-,-,-,-,-,-,-,-,-,-,-,-,-,-,-,-,-,-,-,-,-,-,-,-,-,-,-,-,-,-,-,-,-,-,-,-,-,-,-,-,-,-,-,-,-,-,-,-,-,-,-,34.279524,33.040505,33.704907,33.758777,35.392845,37.170568,37.673359,38.009666,38.68045,40.910183,43.253212,42.526831,41.914144,41.651229,42.373623,42.89967,43.869296,43.73188,43.56711,43.334178,42.707404,42.384816,42.257255,41.809717,41.676587,41.64369,42.713524,43.054041,44.311633,45.235567,47.677162,48.648469,48.672152,48.865721,48.644511,49.096731,49.72482,50.484238,51.228734,52.863888,54.198613,55.364467,55.619303,55.527418,55.263969,55.40232,56.72336,61.189092,62.328968,63.108549,63.056936,63.073984,62.784945,62.557538,62.40469,62.46154,62.475014,62.380045,62.19328,61.942338,61.769916,61.690743,61.624294,61.574602,61.61442,61.267908,60.898255,60.678466,60.469852,60.25468,59.669256,58.217576,56.708763,55.262445,55.759593,55.565452,55.93153,56.11284,56.74006,57.799183,58.292602,59.103221,59.461016,59.340287,59.322894,59.432967,59.721113,59.796926,59.736377,59.466232,59.050584,58.863971,58.45318,58.187331,58.064953,58.059107,58.26555,58.493471,58.730185,58.81824,58.748436,58.642244,58.57406,58.467031,58.380859,58.31268,58.199465,57.972763,57.782075,57.598342,57.470841,57.173963,56.647884,56.509414,56.292177,55.987906,55.652159,55.210634,54.910607,54.732786,54.276095,54.015497,53.798188,53.793402,53.932469,54.046462,54.023243,53.81004,53.705243,53.773776,53.823776,53.851616,53.901525,53.982034,54.063227,54.35285,54.374536,54.361267,54.313487,54.313752,54.344522,54.575632,54.771619,54.793217,54.767184,54.799184,54.868098,55.014854,55.223008,55.33729,55.605748,55.769993,55.992982,56.255626,56.478936,56.937094,57.107876,57.193836,57.235579,57.242752,57.262295,57.480991,57.860726,58.366404,58.900907,59.299854,59.914111,60.417734,60.35753,60.248092,60.250027,60.322879,60.440852,60.629895,61.05597,61.358162,62.044496,62.004876,62.507206,63.259476,64.087761,65.798344,67.478699,68.622416,69.354491,69.550531,69.62591,69.587186,70.11547,72.245352,73.482097,73.538782,73.470323,73.461353,73.227338,72.941406,72.733705,72.710818,72.670493,73.231596,73.632972,74.072956,74.933065,75.749457,77.226335,77.621945,77.858373,78.473875,78.37968,78.278107,78.514283,80.819217,82.317145,83.829559,84.442401,85.419382,86.598987,88.069818,88.978364,89.834653,90.374593,91.355342,92.497575,93.684448,95.643025,97.10363,98.290841,99.26769,99.727682,100,100.0786942,100.0964482,100.1875577,100.4844658,100.5172444,100.3957226,100.2310015,99.83226591,99.14422044,96.32640573,93.85927437,91.97088152,91.11855701,90.48072854,89.7120168,89.71595419,90.50707602,91.28882474,92.05383578,93.0340897,93.6696526,93.97152154,93.7344591,93.42791124
강동구,-,-,-,-,-,-,-,-,-,-,-,-,-,-,-,-,-,-,-,-,-,-,-,-,-,-,-,-,-,-,-,-,-,-,-,-,-,-,-,-,-,-,-,-,-,-,-,-,-,-,-,-,-,-,-,-,-,-,-,-,-,-,-,-,-,-,-,-,-,-,-,-,-,-,-,-,-,-,-,-,-,-,-,-,-,-,-,-,-,-,-,-,-,-,-,-,-,-,-,-,-,-,-,-,-,-,-,-,-,-,-,-,-,-,-,-,-,-,-,-,-,-,-,-,-,-,-,-,-,-,-,-,-,-,-,-,-,-,-,-,-,-,-,-,-,-,-,-,-,-,-,-,-,-,-,-,-,-,-,-,-,-,-,-,-,-,-,-,-,-,-,-,-,-,-,-,-,-,-,-,-,-,-,-,-,-,-,-,-,-,-,-,-,-,-,-,-,-,-,-,-,-,-,36.690724,35.998809,35.72973,35.902709,38.324412,40.400158,40.842215,41.404693,43.431375,46.141525,47.78132,45.951927,45.055974,44.788038,45.529575,46.346565,47.337427,47.311862,46.871281,46.229176,45.284048,44.995605,44.790665,44.351238,44.185507,44.178959,45.992545,45.782,47.035181,47.377517,49.503324,50.662377,50.612668,49.522716,48.960482,49.422324,50.015923,50.804902,51.181399,51.919754,52.55524,53.924049,54.086594,53.995655,54.045625,54.293609,56.597171,61.743609,63.238803,64.051894,64.058574,64.071196,63.5666,62.613986,62.579253,62.672174,62.631151,62.58157,62.522302,62.418189,62.201935,62.195561,62.154491,62.309133,62.418931,62.28008,61.597475,61.382599,61.173957,60.913728,60.020709,58.820177,56.721182,56.871173,57.366384,57.637731,58.955717,59.132975,59.488855,60.532872,61.367966,62.701655,62.732043,62.374334,62.35314,62.905634,63.375009,63.377197,63.149187,62.591115,62.310578,62.049427,61.697201,61.615765,61.519971,61.813689,62.068135,62.218514,62.505151,62.744509,62.705699,62.497437,62.178975,61.778371,61.783675,61.830353,61.752893,61.566119,61.297646,61.265102,61.252431,61.190899,60.869321,60.716633,60.582852,60.155705,59.579326,58.938894,58.730165,58.558174,58.281722,58.009904,58.050652,58.229656,58.309297,58.301273,58.105685,57.908401,57.819514,57.767416,57.828648,57.806316,57.78986,57.762401,57.855344,57.942723,58.003718,57.97971,57.926698,57.94457,57.996822,58.317403,58.537345,58.54875,58.489509,58.606239,58.899447,59.303726,59.76931,60.08963,60.386665,60.76532,61.129986,61.451417,61.654953,61.860661,61.957902,61.975623,62.076791,62.067004,62.094843,62.272766,62.578729,62.859376,63.134333,63.410568,63.871038,64.304801,64.230979,64.200033,64.165519,64.150945,64.164706,64.375771,65.431459,66.102776,66.906176,67.027501,67.450725,68.005165,68.436067,69.712437,70.51917,72.065796,72.683155,72.898297,73.254411,73.646722,74.343009,76.719738,78.100997,78.376358,78.410767,78.357442,78.203113,77.934581,77.756222,77.439868,77.228136,77.362408,77.6582,78.141306,78.733594,79.226433,79.810911,79.985868,80.18709,80.520799,80.611443,80.577544,80.66333,81.2822,82.366629,83.634664,84.160711,85.1124,86.165253,87.737635,89.053287,90.360758,91.395523,92.296529,93.855216,94.832125,95.744696,96.553266,97.389475,98.89451,99.843481,100,100.092008,100.1430156,100.1997258,100.250516,100.3788454,100.3269195,100.061464,99.83089442,99.05025613,97.65452559,95.46447385,91.26156471,90.34207964,89.99619057,89.5535362,88.98272459,88.89867253,89.27037383,89.66828895,90.07238668,90.39333059,90.5935619,90.63754271,90.44230743
