날짜,동|면적,서울,종로구,중구,용산구,성동구,광진구,동대문구,중랑구,성북구,강북구,도봉구,노원구,은평구,서대문구,마포구,양천구,강서구,구로구,금천구,영등포구,동작구,관악구,서초구,강남구,송파구,강동구
2006년 01월,동(호),2496,5,6,78,68,31,21,20,36,10,38,196,16,27,72,505,90,63,30,153,107,54,160,225,383,102
,면적,203,0,1,7,6,2,2,1,3,1,3,13,1,2,6,44,7,5,2,13,9,4,15,17,33,7
2006년 02월,동(호),7368,39,68,117,217,201,161,172,224,95,301,927,141,123,212,569,508,342,141,469,364,288,136,304,535,714
,면적,555,3,6,9,17,16,13,12,18,7,21,58,11,10,16,43,38,25,10,36,30,22,14,19,46,53
2006년 03월,동(호),12843,51,102,312,418,287,357,358,417,148,486,1367,221,253,414,1059,807,684,215,678,601,426,558,925,974,725
,면적,1011,4,9,28,34,23,29,26,34,12,35,93,18,18,33,83,62,50,16,53,51,34,54,74,84,55
2006년 04월,동(호),11733,82,138,267,470,339,330,413,391,195,523,1270,198,307,328,800,967,606,207,635,530,452,219,794,637,635
,면적,910,7,12,24,40,28,28,31,32,16,37,87,16,24,25,60,75,45,16,49,44,36,21,61,52,44
2006년 05월,동(호),11695,71,100,318,441,355,324,326,363,184,525,1278,203,318,378,671,975,695,186,544,502,484,378,691,600,785
,면적,893,5,8,26,37,29,27,25,30,15,39,86,16,26,29,48,71,53,14,44,41,39,32,50,46,55
2006년 06월,동(호),8198,69,81,172,356,317,247,271,352,201,476,991,161,265,249,334,676,511,189,434,340,364,169,269,317,387
,면적,618,5,7,14,28,26,21,21,29,16,34,68,13,21,18,23,47,38,15,34,28,28,17,18,23,27
2006년 07월,동(호),6374,44,72,117,241,149,200,226,363,282,390,881,174,236,220,268,450,347,122,304,215,277,153,223,167,253
,면적,476,3,5,9,19,11,17,17,31,21,28,58,14,18,15,19,30,26,9,23,17,22,14,20,12,17
2006년 08월,동(호),7053,83,70,140,281,227,221,231,389,159,408,991,201,254,242,370,522,423,152,314,227,265,149,222,233,279
,면적,532,5,5,12,22,17,18,17,32,13,28,65,15,20,18,25,35,31,11,23,28,20,13,21,18,20
2006년 09월,동(호),13228,97,131,234,408,380,448,474,633,319,766,2002,299,327,489,564,853,811,278,514,376,494,389,624,610,708
,면적,986,7,10,21,31,29,36,35,51,24,55,134,23,26,35,41,57,59,21,39,29,38,38,50,48,51
2006년 10월,동(호),19649,141,179,294,688,473,589,597,1139,512,1020,2564,377,519,614,922,1102,1014,402,735,629,796,857,1145,1189,1152
,면적,1485,10,14,26,52,37,50,43,94,40,71,174,29,40,45,66,71,77,30,58,49,60,81,90,95,84
2006년 11월,동(호),25382,161,249,288,936,524,988,1054,1115,483,1909,4350,490,809,667,965,1386,1448,561,899,855,774,628,1151,1206,1486
,면적,1851,11,20,25,71,41,82,76,89,37,138,286,38,63,47,68,92,104,42,70,67,57,58,76,88,105
2006년 12월,동(호),15793,139,217,217,494,234,540,627,726,320,1362,3101,314,535,432,549,822,844,337,517,374,445,497,815,579,756
,면적,1113,10,16,18,38,18,44,43,54,23,93,190,24,41,31,39,55,57,23,38,29,32,45,57,42,53
2007년 01월,동(호),6353,64,91,93,176,75,251,310,367,132,592,1092,202,205,163,229,317,335,124,216,162,199,163,227,229,339
,면적,442,4,7,7,13,6,20,21,28,10,38,65,16,15,12,16,19,22,9,14,13,15,16,15,16,24
2007년 02월,동(호),4403,48,52,57,119,44,224,206,244,94,369,726,107,177,137,131,209,287,102,152,123,131,134,167,126,237
,면적,303,4,4,4,9,4,16,14,17,6,22,45,8,14,10,10,12,19,7,10,10,9,12,11,9,16
2007년 03월,동(호),5597,52,69,70,111,59,358,287,268,170,452,908,173,234,168,188,248,292,127,209,139,191,147,212,199,266
,면적,376,4,5,5,8,5,23,18,19,12,27,52,13,17,11,13,16,19,9,14,10,13,15,15,13,19
2007년 04월,동(호),5948,58,74,110,151,95,299,357,280,147,445,938,174,254,195,206,299,375,155,219,143,226,135,179,182,252
,면적,394,4,5,8,12,7,21,23,19,10,26,53,13,19,14,14,17,24,10,14,11,16,10,12,13,18
2007년 05월,동(호),4743,44,59,102,115,63,194,273,203,124,375,768,141,186,125,183,224,241,96,178,126,150,147,230,170,226
,면적,326,3,4,8,8,5,14,18,15,9,23,44,11,14,9,14,14,17,6,12,10,11,14,15,12,16
2007년 06월,동(호),4476,32,46,82,120,60,152,248,195,91,291,640,147,200,168,162,202,249,104,137,98,149,175,238,231,259
,면적,312,2,3,7,8,5,12,17,14,6,18,37,11,14,12,12,13,17,7,9,8,11,17,17,17,18
2007년 07월,동(호),5317,33,34,96,130,82,181,294,224,115,358,857,152,187,189,219,249,319,114,189,171,161,173,294,238,258
,면적,371,3,3,8,10,6,14,20,16,8,22,50,11,13,13,16,16,22,7,13,13,11,17,21,19,18
2007년 08월,동(호),5450,44,58,120,110,73,208,249,316,130,347,875,153,199,204,221,280,332,103,219,160,209,161,219,211,249
,면적,376,3,4,9,8,6,16,16,22,9,21,50,12,14,14,16,17,22,7,16,12,15,14,16,17,18
2007년 09월,동(호),4613,33,49,102,99,75,178,237,223,116,353,789,136,162,167,166,241,258,104,158,141,155,109,189,185,188
,면적,318,2,4,8,7,6,13,16,16,8,23,46,10,12,11,12,16,17,7,11,11,11,9,13,15,13
2007년 10월,동(호),6436,45,76,117,135,73,272,280,300,129,447,1039,202,241,248,240,390,386,176,267,189,214,188,276,255,251
,면적,446,3,5,10,10,6,20,19,21,9,28,61,16,18,18,18,26,26,12,19,15,15,17,19,18,18
2007년 11월,동(호),6540,49,65,101,133,72,281,280,334,198,433,1185,166,282,275,226,396,375,168,243,197,194,170,240,201,276
,면적,476,3,4,8,10,6,22,18,24,13,28,71,12,22,33,16,28,27,11,19,15,15,16,17,15,20
2007년 12월,동(호),5941,57,66,90,144,90,256,259,290,110,400,1116,172,217,215,222,317,304,146,221,166,157,187,252,229,258
,면적,422,5,4,8,11,7,20,18,21,8,26,68,13,16,15,16,23,21,10,16,13,11,17,19,18,18
2008년 01월,동(호),5375,54,55,83,134,103,183,205,242,104,376,973,155,159,221,183,301,287,116,224,143,174,170,250,226,254
,면적,382,4,4,7,10,8,14,14,18,8,25,59,12,12,16,14,20,20,8,17,11,13,15,18,17,19
2008년 02월,동(호),5624,45,49,65,168,81,190,211,269,109,427,1007,152,200,213,188,306,298,147,245,176,206,184,205,206,277
,면적,399,3,3,5,13,7,15,14,20,8,28,63,12,15,15,13,20,20,10,19,14,15,16,15,16,20
2008년 03월,동(호),8971,67,63,99,267,155,308,392,392,150,725,1841,213,293,344,346,527,480,162,301,252,255,220,346,341,432
,면적,635,5,5,8,20,12,23,27,28,11,48,118,16,22,24,25,34,32,11,23,20,18,19,26,26,31
2008년 04월,동(호),11791,76,90,109,307,185,667,816,703,288,1370,1474,255,315,416,451,732,577,292,405,319,315,315,408,393,513
,면적,852,5,7,9,23,14,53,60,53,22,99,94,19,24,30,33,47,39,21,31,25,23,28,30,29,36
2008년 05월,동(호),7935,84,107,78,253,187,331,335,182,170,203,443,286,295,348,479,701,584,205,446,298,352,271,355,434,508
,면적,573,6,8,7,20,16,26,24,11,13,10,22,22,23,25,34,47,42,16,33,23,26,22,25,32,38
2008년 06월,동(호),7054,55,83,93,242,155,221,220,291,140,323,399,242,284,271,415,646,464,171,439,289,309,199,279,423,401
,면적,515,4,6,8,17,12,17,16,21,10,23,23,19,22,20,30,45,33,13,33,23,23,17,19,30,30
2008년 07월,동(호),5503,51,82,70,196,117,165,141,284,82,198,350,282,193,151,343,458,434,119,346,222,263,149,224,271,312
,면적,402,4,6,6,15,9,13,9,22,6,13,22,22,15,11,25,31,31,9,26,18,18,13,16,21,22
2008년 08월,동(호),3336,39,35,34,107,65,83,83,155,91,115,178,186,120,119,181,273,291,43,235,110,127,110,122,212,222
,면적,246,3,3,3,8,5,6,6,11,7,7,11,15,9,9,13,19,21,3,17,9,9,10,9,16,15
2008년 09월,동(호),2538,40,29,34,71,41,60,72,100,45,88,144,182,81,88,127,176,174,37,149,105,110,105,131,145,204
,면적,192,3,2,3,5,3,5,5,8,4,6,9,15,6,6,9,12,12,3,11,9,8,10,11,11,15
2008년 10월,동(호),2385,35,29,31,47,37,61,54,81,33,61,143,460,76,71,99,136,135,25,122,78,76,97,116,165,117
,면적,189,3,2,3,4,3,4,3,6,2,4,8,45,6,5,7,10,9,2,9,6,5,9,9,13,8
2008년 11월,동(호),1344,18,18,24,34,28,37,23,41,13,35,89,85,46,44,73,78,65,11,58,51,38,104,114,129,88
,면적,106,2,2,2,3,2,3,2,3,1,2,5,8,4,4,5,6,5,1,4,5,3,10,9,11,6
2008년 12월,동(호),1491,19,14,26,26,36,37,15,46,17,36,84,82,34,58,98,68,64,10,54,43,43,83,181,218,99
,면적,120,2,1,3,2,3,3,1,4,1,3,5,7,3,4,8,5,5,0,4,4,3,8,15,19,7
2009년 01월,동(호),2570,19,16,31,35,35,29,21,63,13,52,117,155,32,98,167,65,44,11,61,40,25,270,468,532,171
,면적,212,2,1,3,3,3,2,2,5,1,4,8,14,3,5,13,5,4,1,5,4,2,26,38,46,14
2009년 02월,동(호),4186,33,37,78,87,98,122,44,118,34,93,286,227,67,137,375,136,70,39,130,85,86,344,543,576,341
,면적,340,3,3,8,7,9,7,4,9,3,7,17,19,6,9,30,10,5,3,11,8,7,32,46,51,27
2009년 03월,동(호),5361,39,61,96,130,143,196,78,173,52,158,424,275,84,149,404,271,167,65,193,130,107,408,556,486,516
,면적,426,3,4,10,11,11,13,6,13,4,11,26,26,6,11,33,20,12,4,16,11,8,38,46,42,39
2009년 04월,동(호),7005,46,62,125,178,152,163,86,236,57,211,456,180,101,183,421,315,204,65,216,169,135,681,1025,828,710
,면적,568,4,4,14,14,13,12,6,18,5,14,29,15,8,13,35,23,15,5,17,15,10,66,87,72,54
2009년 05월,동(호),7348,56,91,144,232,189,188,158,255,82,261,665,180,124,280,483,381,277,76,359,225,183,489,596,542,832
,면적,587,4,7,14,19,16,14,11,20,6,18,43,16,10,21,38,28,22,5,30,18,14,49,50,46,65
2009년 06월,동(호),8504,86,89,153,253,202,204,159,279,96,329,788,161,174,256,471,465,324,68,384,232,211,878,833,770,639
,면적,671,7,7,15,21,17,16,12,22,7,23,49,14,13,19,37,33,23,5,33,20,17,80,67,65,49
2009년 07월,동(호),9182,66,81,132,313,210,215,211,326,120,432,1039,186,163,327,505,519,365,100,351,286,208,648,919,779,681
,면적,707,5,7,13,25,17,17,14,25,9,29,66,16,12,25,38,35,27,8,28,24,16,63,75,64,50
2009년 08월,동(호),8472,53,91,146,285,192,210,236,319,105,399,880,185,189,289,468,485,327,82,457,280,239,603,686,622,644
,면적,640,4,7,14,22,15,16,16,24,8,27,56,16,14,21,36,35,23,6,35,22,18,56,52,49,48
2009년 09월,동(호),9426,79,86,181,307,214,266,256,388,125,344,877,201,213,294,555,525,468,133,447,316,288,643,778,694,748
,면적,717,6,6,17,24,16,21,18,29,9,23,55,16,15,22,42,36,34,10,34,25,21,61,64,58,54
2009년 10월,동(호),7809,58,104,138,325,200,245,284,403,140,366,779,187,258,305,536,458,409,148,399,302,245,292,348,314,566
,면적,597,4,8,13,26,16,19,21,31,11,26,51,15,20,23,41,32,30,11,31,25,18,28,31,26,42
2009년 11월,동(호),4722,61,53,79,169,95,119,154,227,76,192,447,165,121,192,289,284,335,74,271,147,174,206,260,245,287
,면적,364,4,3,7,13,8,9,10,17,6,14,30,15,10,15,23,20,25,5,20,12,13,20,22,19,23
2009년 12월,동(호),4457,98,56,97,148,103,117,109,179,47,179,377,86,136,188,235,216,213,64,192,137,136,314,408,331,291
,면적,346,4,4,10,12,8,9,7,14,3,13,25,7,10,15,18,15,16,5,15,11,10,30,36,27,21
2010년 01월,동(호),3870,29,39,87,112,66,110,75,153,36,128,273,90,103,124,213,176,173,48,216,95,94,350,450,364,266
,면적,305,3,3,8,9,6,9,5,11,3,9,18,8,8,10,17,12,13,4,16,8,7,34,38,31,19
2010년 02월,동(호),4719,41,50,84,147,104,159,118,163,48,171,375,156,115,181,282,214,228,62,204,195,174,421,398,310,319
,면적,366,3,4,7,11,9,13,8,13,4,11,23,14,9,13,22,15,16,5,16,15,13,42,33,25,23
2010년 03월,동(호),5075,50,60,116,175,167,172,157,200,41,181,408,215,146,171,293,247,252,67,243,170,167,371,352,279,375
,면적,392,4,5,11,14,14,13,11,15,3,13,25,19,11,12,23,18,18,5,19,14,12,37,29,21,27
2010년 04월,동(호),3695,51,46,91,118,100,121,128,198,58,160,298,168,109,144,215,194,224,61,134,122,123,220,219,154,239
,면적,289,4,4,9,9,10,10,9,15,4,11,18,15,9,11,18,14,15,4,10,10,9,22,18,13,18
2010년 05월,동(호),2811,40,35,52,106,72,97,98,116,45,111,252,116,132,123,140,189,153,37,103,92,70,128,205,157,142
,면적,215,3,2,6,9,6,8,7,9,3,7,16,10,11,9,11,13,10,3,8,7,5,12,16,12,11
2010년 06월,동(호),2394,44,33,51,59,41,67,101,109,30,92,214,76,83,80,140,122,115,40,82,71,84,140,186,182,152
,면적,184,2,2,5,5,3,6,7,9,2,6,13,7,6,6,11,9,9,3,6,6,6,13,14,15,11
2010년 07월,동(호),2437,34,33,31,87,62,62,61,80,34,125,200,108,84,67,128,138,120,26,76,62,82,186,200,214,137
,면적,192,2,3,3,7,5,5,5,6,3,8,12,10,6,5,9,10,9,2,6,5,7,19,15,19,11
2010년 08월,동(호),2358,24,25,43,48,55,72,60,95,23,102,209,148,74,79,122,111,102,42,94,58,65,171,199,195,142
,면적,189,1,2,4,4,5,6,4,7,2,7,12,15,6,6,10,8,7,3,8,5,5,17,16,16,11
2010년 09월,동(호),2455,17,23,45,84,51,69,62,109,42,106,173,131,60,65,115,121,95,34,76,68,97,170,248,232,162
,면적,192,1,2,4,7,4,5,4,8,3,7,11,12,4,5,9,9,7,2,6,6,7,17,19,19,12
2010년 10월,동(호),3691,25,56,41,98,65,101,64,181,63,169,344,146,97,102,211,171,160,63,139,117,112,235,347,342,242
,면적,290,2,5,4,8,5,8,5,14,5,11,22,13,7,8,16,12,12,5,13,9,8,24,28,29,18
2010년 11월,동(호),5632,31,57,82,165,94,133,108,239,85,218,501,261,114,161,290,225,209,78,190,172,203,529,618,552,317
,면적,444,2,5,7,12,8,10,7,18,7,15,31,23,9,12,23,16,15,6,15,14,15,52,51,46,23
2010년 12월,동(호),7535,52,93,133,172,187,172,157,277,80,277,717,277,164,239,481,325,310,86,263,251,233,689,802,658,440
,면적,616,5,8,13,14,18,13,11,22,6,19,45,25,13,19,40,24,24,6,23,21,17,70,71,57,33
2011년 01월,동(호),5868,53,167,70,190,137,164,147,333,108,231,546,137,142,202,264,274,279,63,228,219,187,416,494,485,332
,면적,451,4,19,5,14,11,12,11,25,9,16,35,12,11,15,20,19,20,5,18,18,14,38,38,38,25
2011년 02월,동(호),6523,50,76,88,239,142,215,163,397,93,286,602,205,171,267,293,385,359,110,279,256,239,355,477,372,404
,면적,497,4,6,7,18,12,16,12,31,7,20,38,18,13,20,23,27,26,8,22,21,17,32,39,30,30
2011년 03월,동(호),7279,73,81,120,255,131,279,226,451,165,341,719,289,223,262,320,383,399,116,312,266,260,337,435,361,475
,면적,555,6,6,11,20,11,21,16,34,12,23,46,26,18,20,25,26,29,9,24,21,19,32,35,29,36
2011년 04월,동(호),5460,65,63,87,183,130,153,219,328,103,298,494,180,164,195,263,303,311,98,205,225,194,276,325,282,316
,면적,420,5,5,8,14,10,12,15,27,7,20,32,14,12,15,21,21,22,7,16,18,15,28,26,24,23
2011년 05월,동(호),4654,55,36,72,142,92,194,151,275,88,236,409,176,195,151,262,250,200,78,156,165,170,252,288,257,304
,면적,359,4,3,7,11,9,15,11,21,7,15,25,15,13,11,22,18,14,5,13,14,13,27,22,21,23
2011년 06월,동(호),4467,54,44,57,116,88,153,130,222,86,206,398,152,169,137,207,323,232,54,159,156,139,273,356,271,285
,면적,346,3,3,5,9,7,12,9,18,7,14,25,13,12,10,18,18,17,4,13,13,11,28,30,24,24
2011년 07월,동(호),4096,44,45,59,117,72,130,158,201,63,187,389,125,107,135,191,235,208,50,163,137,121,201,349,354,255
,면적,318,4,4,6,9,6,10,11,16,5,13,24,10,8,10,15,17,16,4,12,11,9,19,28,30,20
2011년 08월,동(호),4931,38,45,51,170,94,144,166,239,78,226,450,138,122,198,238,329,332,79,194,150,133,226,384,396,311
,면적,372,3,3,4,13,7,11,11,18,6,15,27,11,9,16,20,23,26,6,16,12,10,20,31,32,22
2011년 09월,동(호),4868,52,66,62,133,82,157,168,247,110,259,472,194,119,136,250,270,331,65,210,156,173,217,333,323,283
,면적,372,4,6,5,10,7,12,11,19,8,17,28,17,9,11,20,17,26,4,17,12,13,21,30,27,21
2011년 10월,동(호),4701,39,39,70,140,94,157,168,286,102,240,476,146,103,186,233,268,237,89,185,143,173,189,317,340,281
,면적,354,2,3,7,11,7,12,12,23,8,16,29,12,8,14,18,18,17,6,15,11,13,18,26,27,21
2011년 11월,동(호),4568,49,40,90,138,90,168,151,221,87,202,464,110,119,157,266,263,231,69,171,184,141,203,294,374,286
,면적,351,4,3,8,11,8,13,11,18,7,15,29,9,9,12,22,18,17,5,13,15,11,20,26,32,20
2011년 12월,동(호),6207,73,68,127,165,138,183,186,290,136,253,623,186,161,246,317,355,376,91,247,242,187,272,431,430,424
,면적,486,6,5,11,14,12,14,14,23,10,18,39,16,12,18,26,26,27,6,20,21,14,28,38,36,32
2012년 01월,동(호),1536,17,14,11,26,34,57,45,71,25,57,130,46,40,46,44,80,58,33,63,60,41,109,172,145,112
,면적,119,1,1,1,2,3,4,3,6,2,4,8,4,3,3,4,6,4,2,6,6,3,10,14,11,8
2012년 02월,동(호),3512,34,34,51,87,52,100,114,210,61,157,309,127,82,104,182,183,191,49,177,99,191,156,203,289,270
,면적,258,2,3,5,7,4,7,9,16,4,11,19,11,6,8,16,13,14,4,10,8,8,15,17,22,19
2012년 03월,동(호),4087,31,50,88,104,89,147,157,208,80,194,385,121,106,131,201,209,202,82,220,140,134,181,268,273,286
,면적,308,2,4,8,8,9,11,12,16,6,13,23,9,8,10,17,15,14,6,13,12,10,18,23,22,20
2012년 04월,동(호),4214,57,41,69,111,68,303,149,202,89,207,368,158,121,170,222,196,203,73,173,131,128,162,289,264,260
,면적,326,5,4,8,9,6,24,10,16,7,14,23,13,10,14,17,14,14,5,11,11,9,18,23,21,20
2012년 05월,동(호),3785,49,51,64,105,73,161,146,207,71,171,344,108,104,131,188,212,161,72,198,124,115,139,289,245,257
,면적,287,4,5,6,8,6,12,10,16,5,12,21,8,8,10,15,15,12,5,15,10,9,14,23,20,17
2012년 06월,동(호),3187,44,35,70,80,50,126,99,179,64,158,307,97,88,147,193,163,139,57,123,113,101,127,200,215,212
,면적,241,3,3,7,7,4,9,7,14,5,11,19,8,7,12,15,11,10,4,9,10,7,12,16,17,15
2012년 07월,동(호),2952,43,44,57,76,66,137,105,157,60,155,315,85,73,109,142,144,119,46,122,85,104,146,169,232,161
,면적,229,4,3,5,6,6,11,7,12,5,11,19,7,6,8,11,10,8,3,10,7,8,14,15,19,12
2012년 08월,동(호),2398,32,43,42,63,41,69,67,111,55,127,248,87,66,126,100,118,90,41,80,98,101,104,153,200,136
,면적,183,2,5,4,5,4,5,5,9,4,9,15,7,5,10,8,8,6,3,6,8,5,11,12,16,10
2012년 09월,동(호),2227,24,31,27,67,40,85,67,136,38,123,227,82,51,124,105,108,101,43,93,78,88,82,115,191,101
,면적,173,2,3,3,6,3,7,5,11,3,9,14,6,4,13,9,8,7,3,7,6,6,9,10,15,7
2012년 10월,동(호),4239,34,35,66,113,85,156,130,241,94,214,456,126,115,132,209,213,195,75,140,127,139,186,283,426,249
,면적,326,3,3,7,9,7,12,9,18,7,15,27,10,10,10,16,15,15,6,11,11,10,17,25,34,19
2012년 11월,동(호),5069,48,68,55,111,111,158,128,230,86,238,581,169,131,166,218,242,224,70,152,188,164,277,356,587,311
,면적,394,4,6,5,9,10,13,9,18,6,17,36,13,10,14,17,19,16,5,13,15,12,28,30,46,24
2012년 12월,동(호),7565,65,82,104,209,138,232,207,329,128,296,857,240,149,253,397,368,287,104,270,362,234,551,538,760,405
,면적,594,7,7,10,17,12,19,15,25,10,21,54,19,11,20,33,26,20,8,21,28,17,53,46,63,31
2013년 01월,동(호),1213,19,6,22,35,17,27,39,84,10,49,94,95,32,59,45,66,54,33,42,72,31,54,116,52,60
,면적,96,2,1,1,3,1,2,3,6,1,4,5,9,2,6,4,4,4,2,4,6,2,5,10,4,4
2013년 02월,동(호),3189,30,39,44,116,63,134,72,158,34,160,330,112,72,140,140,168,104,46,115,116,85,173,268,238,232
,면적,246,2,3,5,10,5,10,5,12,3,11,21,9,5,14,11,12,7,3,9,9,5,18,23,19,16
2013년 03월,동(호),5466,34,64,85,171,95,164,143,318,103,257,523,159,104,178,224,251,232,111,208,214,154,404,430,473,367
,면적,426,4,5,7,14,8,13,10,24,8,19,33,13,8,16,17,17,17,9,17,18,11,39,36,38,27
2013년 04월,동(호),6603,55,71,87,234,127,204,209,299,117,321,658,245,120,250,293,364,330,89,245,275,185,425,481,573,346
,면적,518,5,6,9,18,11,16,14,23,9,22,43,19,9,22,23,26,24,7,19,25,13,40,43,48,26
2013년 05월,동(호),7677,69,85,86,257,131,257,230,402,133,352,740,279,165,256,388,450,353,124,298,317,214,472,554,683,382
,면적,595,5,7,8,20,10,20,17,31,9,25,47,22,13,22,32,33,25,9,22,27,14,48,46,55,29
2013년 06월,동(호),10237,102,172,162,409,214,315,296,563,207,489,1003,348,288,427,505,506,417,158,376,395,303,622,711,803,446
,면적,806,8,17,15,34,18,24,21,44,16,35,63,27,24,34,41,37,30,12,30,33,24,61,61,64,33
2013년 07월,동(호),2201,14,28,20,66,41,100,80,174,48,109,217,119,80,107,86,114,124,51,82,107,71,69,102,85,107
,면적,165,1,2,2,5,3,7,6,13,3,7,13,9,6,10,6,8,9,3,6,10,5,7,9,6,8
2013년 08월,동(호),3179,51,53,38,103,51,151,112,200,52,165,365,112,102,114,111,183,179,85,144,140,125,115,144,152,132
,면적,240,6,5,3,8,4,11,8,15,4,11,23,9,8,10,8,13,12,6,9,12,9,11,13,12,10
2013년 09월,동(호),4774,50,59,68,164,96,205,157,298,105,238,476,186,106,161,176,266,325,125,184,224,170,161,249,286,239
,면적,359,2,5,6,12,8,16,11,23,8,17,30,15,7,13,13,19,22,10,14,20,12,15,19,23,19
2013년 10월,동(호),8537,85,95,103,252,134,308,283,588,175,412,919,268,201,292,406,573,492,196,345,380,294,347,444,559,386
,면적,652,6,8,9,21,11,24,20,46,14,29,60,21,14,22,32,41,36,14,26,31,22,33,38,45,29
2013년 11월,동(호),7868,50,105,98,263,121,308,319,483,167,398,774,264,220,255,345,544,460,137,317,293,229,390,413,529,386
,면적,607,4,9,10,20,10,23,21,38,13,29,51,21,16,19,28,40,34,10,24,25,17,37,35,43,30
2013년 12월,동(호),7758,64,107,123,238,167,303,216,402,146,319,768,266,237,236,383,466,400,168,340,311,276,422,540,516,344
,면적,595,5,9,12,19,14,22,15,32,11,24,51,19,15,18,31,34,29,9,26,26,21,41,46,42,26
2014년 01월,동(호),5493,40,81,93,186,127,250,268,263,84,157,480,142,153,178,252,246,245,79,225,228,134,389,524,424,245
,면적,447,3,7,8,15,11,17,22,21,7,11,32,11,19,13,22,19,18,6,17,20,10,39,44,34,19
2014년 02월,동(호),7864,64,117,197,278,162,277,209,370,130,303,683,238,200,251,362,402,399,115,432,361,266,506,636,515,391
,면적,614,5,10,16,23,14,21,14,29,10,22,44,19,15,20,29,30,30,8,29,30,20,49,56,42,29
2014년 03월,동(호),9522,71,99,172,341,206,379,301,465,151,385,905,273,198,344,436,523,493,153,466,408,319,513,652,729,540
,면적,742,6,8,14,27,18,29,21,36,11,27,58,21,15,26,34,39,36,11,36,34,24,52,59,59,40
2014년 04월,동(호),8639,75,108,174,346,201,360,544,445,162,346,826,271,226,297,317,456,437,138,361,329,295,411,495,556,463
,면적,698,5,9,19,28,17,30,56,35,13,24,54,22,17,23,26,33,32,10,29,27,23,41,45,46,34
2014년 05월,동(호),6079,45,81,128,240,137,296,213,381,130,288,564,212,142,234,246,327,328,99,299,202,198,313,344,354,278
,면적,478,3,7,13,20,11,22,16,30,10,21,36,17,11,17,21,24,24,8,23,17,15,32,31,28,21
2014년 06월,동(호),5259,48,55,90,171,106,217,180,298,158,244,446,170,168,162,240,292,270,104,212,218,158,286,433,287,246
,면적,412,3,5,9,14,9,15,14,23,13,17,28,14,13,12,20,21,19,8,17,18,11,29,41,24,18
2014년 07월,동(호),6235,62,57,96,231,114,265,362,348,130,255,597,203,175,216,263,317,318,95,240,207,199,360,432,384,309
,면적,488,5,4,9,18,10,20,26,27,10,18,39,16,13,17,22,24,24,7,20,17,14,35,38,32,23
2014년 08월,동(호),6806,44,76,109,241,112,265,402,386,105,292,644,195,180,240,271,421,379,106,250,243,185,401,472,468,319
,면적,530,3,6,10,19,10,19,31,31,8,21,41,16,14,17,21,34,29,8,20,20,14,39,40,37,23
2014년 09월,동(호),9052,67,91,167,326,173,403,277,454,141,371,973,251,253,345,362,531,522,162,371,291,279,509,664,634,435
,면적,701,5,7,17,26,15,30,21,35,11,26,62,21,19,25,28,39,39,11,29,23,22,51,58,51,32
2014년 10월,동(호),11161,80,131,210,428,220,397,416,571,169,514,1197,330,281,466,585,617,529,167,456,384,342,612,818,719,522
,면적,953,6,10,21,35,19,30,33,46,13,36,159,26,22,33,46,45,39,10,35,35,24,60,69,60,40
2014년 11월,동(호),8630,70,121,147,321,178,331,283,474,197,376,872,286,285,285,370,509,404,169,383,310,314,450,533,560,402
,면적,678,6,11,15,26,15,25,21,40,16,26,59,21,21,22,30,37,29,11,28,25,25,45,47,46,31
2014년 12월,동(호),6956,58,95,128,284,185,255,224,371,117,260,670,221,206,237,303,447,333,111,277,243,225,394,459,367,486
,면적,535,5,8,13,23,15,19,17,29,9,18,45,16,16,18,25,34,24,7,21,20,16,38,40,30,29
2015년 01월,동(호),6860,80,66,101,300,156,290,259,346,122,262,636,182,195,228,257,445,379,94,301,280,213,361,479,445,383
,면적,526,7,5,10,25,13,22,19,27,9,19,42,14,14,17,21,32,27,6,22,23,16,35,39,33,28
2015년 02월,동(호),8682,87,99,123,305,181,330,257,461,142,299,847,235,259,312,383,637,453,144,415,345,301,480,562,466,559
,면적,658,7,8,11,24,15,25,18,35,10,21,53,17,20,24,31,45,33,9,31,29,23,44,48,38,40
2015년 03월,동(호),13602,102,144,243,491,241,458,425,786,254,554,1223,416,359,492,517,1057,683,274,517,644,429,749,834,791,919
,면적,1034,7,11,23,40,20,36,31,61,18,38,78,31,27,38,41,76,49,16,38,47,32,72,70,65,68
2015년 04월,동(호),14234,111,164,255,548,280,537,500,787,321,593,1327,432,355,541,654,904,761,210,683,575,434,688,879,836,859
,면적,1097,8,13,22,44,23,43,36,62,23,41,86,33,27,44,51,66,57,14,52,47,32,67,75,67,63
2015년 05월,동(호),12903,73,202,270,570,255,488,439,658,274,517,1180,369,390,501,609,925,611,203,536,540,404,599,847,773,670
,면적,1007,6,18,25,41,20,38,31,52,20,37,76,30,31,41,49,71,45,14,40,46,30,59,70,64,50
2015년 06월,동(호),11762,72,165,214,472,202,477,353,634,268,478,1054,365,331,440,603,780,571,198,552,433,469,599,780,737,515
,면적,913,6,15,19,38,18,36,26,48,20,33,68,28,26,35,49,58,41,14,43,37,35,56,66,59,39
2015년 07월,동(호),12414,80,175,244,406,202,465,408,656,284,566,1218,356,329,499,704,956,640,171,543,473,432,551,762,762,532
,면적,966,7,15,22,34,16,36,29,53,20,39,77,27,26,40,56,70,47,12,42,40,34,54,66,63,40
2015년 08월,동(호),10799,64,178,206,370,181,369,398,595,224,426,1021,365,323,392,570,787,541,196,455,393,434,491,665,664,491
,면적,943,5,16,19,30,15,27,28,50,17,30,66,28,25,31,45,56,42,14,37,33,34,46,157,55,37
2015년 09월,동(호),9357,60,186,159,321,155,339,297,528,211,420,924,255,285,311,479,736,510,197,473,369,291,379,448,578,446
,면적,733,5,19,15,26,13,26,21,43,15,30,58,20,23,25,39,54,37,15,38,31,22,38,39,46,35
2015년 10월,동(호),11852,90,173,191,422,173,413,356,578,251,521,1304,326,326,413,615,931,565,213,507,707,390,507,656,714,510
,면적,912,8,17,18,35,15,31,25,47,18,36,84,25,25,33,49,70,41,16,40,42,30,52,57,60,38
2015년 11월,동(호),10334,75,168,168,361,211,368,358,462,244,418,1032,271,271,426,536,664,524,175,494,438,297,471,683,746,473
,면적,812,7,16,15,30,18,29,23,38,18,29,67,21,20,36,43,49,39,13,39,33,22,47,59,63,36
2015년 12월,동(호),8614,65,146,166,302,165,298,248,356,170,329,768,280,219,330,556,491,415,114,347,297,253,492,653,725,429
,면적,703,5,15,16,25,15,24,17,30,13,23,51,22,18,29,46,37,30,9,29,25,19,51,61,60,34
2016년 01월,동(호),5549,61,119,131,158,150,212,171,260,84,239,541,230,191,211,309,289,261,98,236,205,188,287,346,329,243
,면적,448,4,11,13,13,13,17,12,22,6,17,37,19,15,18,26,21,19,7,19,17,14,30,31,28,18
2016년 02월,동(호),5193,37,86,120,163,81,198,175,238,90,200,525,232,198,222,266,262,284,96,243,200,167,249,280,313,268
,면적,410,3,8,11,13,6,18,12,19,7,14,34,18,16,19,21,19,21,7,19,16,12,26,24,26,19
2016년 03월,동(호),7231,88,112,127,253,197,259,243,344,140,360,709,269,408,299,350,383,397,106,327,290,221,288,400,350,311
,면적,553,10,11,12,20,12,20,17,27,10,25,45,21,34,24,27,26,29,8,24,22,17,28,33,29,21
2016년 04월,동(호),8629,49,108,138,331,165,312,247,401,149,358,823,339,368,303,391,633,444,165,390,359,275,358,570,470,483
,면적,654,5,9,12,26,14,23,17,34,11,24,52,24,30,25,31,44,32,12,30,30,19,34,44,39,34
2016년 05월,동(호),10710,65,158,269,331,219,371,280,449,163,404,893,391,351,436,484,838,604,154,463,414,342,551,836,740,504
,면적,842,5,14,28,28,18,29,20,36,12,28,56,32,29,35,38,58,45,12,36,34,26,54,72,61,37
2016년 06월,동(호),11974,108,172,303,410,204,378,330,535,211,453,1038,369,344,513,728,918,594,178,502,417,268,580,890,994,537
,면적,945,9,16,31,33,17,30,25,44,15,31,62,31,27,43,59,65,42,12,40,35,20,58,79,81,40
2016년 07월,동(호),14545,83,148,1360,541,271,437,334,527,211,573,1405,417,323,520,883,956,681,203,560,575,392,590,901,1010,644
,면적,1209,6,13,175,44,22,34,24,42,15,39,87,33,26,43,70,72,49,15,46,49,29,59,81,86,48
2016년 08월,동(호),12784,90,158,275,509,246,489,309,637,228,511,1294,448,371,474,591,944,652,185,515,600,381,606,694,889,688
,면적,1024,7,15,28,41,21,39,22,52,18,36,83,37,30,39,49,74,48,14,41,51,29,62,63,74,52
2016년 09월,동(호),11342,93,143,256,409,199,412,358,579,219,495,1163,317,329,440,559,768,542,151,469,509,361,486,664,742,679
,면적,907,7,13,25,34,18,33,26,48,17,34,75,26,27,35,45,59,40,12,39,43,25,50,58,64,53
2016년 10월,동(호),13467,90,192,298,502,278,470,383,680,231,557,1334,435,404,525,652,738,697,217,557,598,327,628,778,994,902
,면적,1089,8,18,31,41,24,37,28,55,18,38,87,34,33,45,55,57,52,17,46,52,25,62,71,86,73
2016년 11월,동(호),11528,188,131,259,423,251,492,335,591,233,516,1141,372,311,452,588,636,553,180,459,497,336,466,677,805,636
,면적,934,8,12,27,35,22,39,24,50,18,38,77,32,26,37,50,49,40,14,37,43,26,48,61,68,52
2016년 12월,동(호),9654,81,100,162,289,183,274,522,383,121,327,830,209,213,626,564,429,825,139,298,291,252,285,520,554,1177
,면적,863,7,9,16,25,16,21,49,32,9,23,59,17,17,61,54,36,81,11,24,24,18,30,51,50,122
2017년 01월,동(호),4627,52,71,80,179,105,171,146,261,84,212,497,160,160,205,196,239,231,83,196,183,145,215,258,291,207
,면적,367,4,6,8,15,9,13,11,22,6,14,34,13,13,16,17,17,16,6,15,15,10,23,24,23,16
2017년 02월,동(호),4760,63,48,102,188,94,192,190,226,103,217,433,170,151,188,205,216,261,97,190,172,185,226,267,335,241
,면적,374,5,4,10,16,8,15,13,19,8,15,29,13,12,14,17,16,19,7,14,14,13,24,24,27,19
2017년 03월,동(호),6802,71,80,165,278,115,272,241,315,111,275,628,201,202,287,290,323,351,113,314,269,262,321,428,512,378
,면적,524,5,6,16,22,10,21,17,25,8,19,40,16,15,23,23,22,25,8,23,22,17,31,38,42,29
2017년 04월,동(호),7858,62,67,192,260,176,288,213,287,119,346,796,231,213,349,319,432,381,146,372,326,294,350,510,589,540
,면적,615,5,5,19,21,15,23,15,23,9,24,50,17,16,28,26,31,27,11,29,27,22,35,46,48,42
2017년 05월,동(호),10586,64,120,321,499,231,377,339,375,142,406,965,270,239,421,400,572,530,176,432,415,354,659,668,920,691
,면적,833,5,10,30,41,19,29,24,29,11,28,60,22,18,33,32,40,39,13,34,34,27,64,58,76,54
2017년 06월,동(호),14918,95,168,428,698,385,443,405,590,179,556,1598,341,332,593,686,851,722,208,620,588,436,742,1082,1119,1053
,면적,1173,8,14,39,56,31,34,29,48,14,38,100,28,26,46,56,62,54,15,49,50,33,73,90,96,83
2017년 07월,동(호),15168,115,177,372,682,332,525,388,744,283,650,1684,362,537,521,649,957,690,207,562,553,455,684,1064,1110,865
,면적,1206,10,16,36,58,28,43,28,55,21,45,108,29,36,42,53,70,51,15,45,48,35,70,97,98,71
2017년 08월,동(호),15421,105,186,333,652,293,647,413,829,308,605,1725,373,457,513,636,962,622,189,550,615,456,780,1129,1067,976
,면적,1246,9,16,34,55,26,50,30,64,23,43,115,30,36,41,52,70,47,14,45,54,36,79,104,92,79
2017년 09월,동(호),8652,69,98,209,294,230,346,302,452,182,382,817,260,288,336,370,476,445,142,432,342,294,402,505,613,366
,면적,705,6,8,25,24,20,26,22,36,14,29,56,21,22,28,30,37,34,10,36,29,21,41,47,54,29
2017년 10월,동(호),3942,46,71,75,119,94,170,173,232,78,167,348,140,149,127,167,186,204,69,191,134,136,184,224,260,198
,면적,306,3,6,8,10,8,12,12,18,6,12,23,11,12,9,14,13,14,5,15,11,9,19,19,23,16
2017년 11월,동(호),6679,48,72,132,261,172,287,200,367,153,222,454,180,222,255,381,375,329,108,275,284,209,363,467,533,330
,면적,530,4,6,14,21,15,23,14,29,11,16,30,14,17,21,30,28,23,8,21,23,15,36,42,44,25
2017년 12월,동(호),8484,69,94,175,362,212,289,268,390,133,276,621,206,267,359,556,438,336,94,394,365,241,444,755,694,446
,면적,689,6,8,16,29,18,23,20,30,10,19,40,16,20,29,46,33,26,7,31,31,18,46,72,61,36
2018년 01월,동(호),9938,102,174,312,497,224,356,280,543,150,269,683,251,320,418,525,479,372,112,494,395,272,551,777,859,523
,면적,817,9,14,29,41,20,29,20,44,12,19,46,19,25,35,44,36,27,8,40,33,20,55,76,76,42
2018년 02월,동(호),11986,92,209,805,494,248,441,361,604,217,355,958,291,426,493,527,676,466,107,482,483,331,554,816,926,624
,면적,958,8,17,54,41,22,35,27,49,13,25,64,22,33,40,44,50,35,8,39,41,24,58,80,82,49
2018년 03월,동(호),14609,114,259,609,612,254,549,421,1066,286,572,1363,544,460,537,550,951,662,180,652,483,555,589,844,834,663
,면적,1164,10,21,47,44,24,45,31,82,22,42,88,41,37,45,46,71,48,14,54,41,42,61,81,75,53
2018년 04월,동(호),6535,245,114,115,167,114,233,253,485,198,301,570,331,238,195,287,510,372,114,292,230,258,179,195,279,260
,면적,513,12,8,12,14,10,18,19,40,14,22,39,25,19,16,23,40,28,8,23,19,20,20,19,23,19
2018년 05월,동(호),5697,43,104,127,149,90,224,262,417,170,258,517,288,238,180,278,380,388,95,262,174,224,188,177,236,228
,면적,450,4,9,13,13,8,18,20,34,13,19,35,22,19,15,22,29,28,7,21,15,17,19,16,19,16
2018년 06월,동(호),4830,69,96,133,107,61,153,206,311,146,235,457,229,179,163,244,309,287,121,248,166,233,180,129,192,176
,면적,381,5,8,13,9,5,11,15,26,11,17,30,18,14,13,20,23,20,9,19,13,18,19,13,17,13
2018년 07월,동(호),5852,66,82,156,143,66,198,214,407,159,276,567,337,206,179,309,370,403,112,254,239,329,180,183,211,206
,면적,462,5,6,15,11,6,15,16,32,12,20,38,27,16,14,24,27,30,8,20,20,26,20,18,18,15
2018년 08월,동(호),7687,64,94,147,166,85,272,256,512,223,380,745,374,245,323,461,558,536,194,319,284,313,262,256,310,308
,면적,603,5,7,15,13,7,20,20,42,17,27,50,31,19,26,36,40,39,15,25,24,26,26,22,26,23
2018년 09월,동(호),12395,127,118,207,490,220,409,366,686,316,733,1470,461,366,459,685,788,667,303,429,397,307,464,572,775,580
,면적,980,8,11,23,39,18,31,26,56,25,52,95,40,31,38,55,57,51,23,34,34,24,47,51,66,46
2018년 10월,동(호),10977,95,140,198,443,239,383,375,430,239,577,1485,339,263,324,553,639,529,228,311,267,282,509,615,884,630
,면적,891,9,13,22,36,20,29,28,35,19,42,97,28,21,27,48,50,40,18,24,23,21,52,60,78,50
2018년 11월,동(호),3736,35,53,96,131,77,144,153,187,88,202,444,146,123,108,177,184,226,105,147,101,118,153,159,229,150
,면적,299,3,5,12,11,7,10,11,15,7,15,30,12,10,9,15,13,16,8,10,7,8,17,15,20,11
2018년 12월,동(호),2380,36,44,56,80,58,96,97,125,53,135,263,108,79,66,97,127,132,68,72,49,78,82,112,169,98
,면적,183,3,3,6,6,5,6,7,10,4,10,18,8,6,5,8,9,9,5,5,4,6,8,11,13,7
2019년 01월,동(호),1889,27,21,21,56,34,123,74,92,42,117,219,100,63,43,86,95,109,64,57,37,77,65,89,83,95
,면적,139,2,2,2,5,3,6,5,7,3,8,14,7,4,3,6,6,7,5,4,3,5,7,9,7,6
2019년 02월,동(호),1624,24,22,27,37,29,90,64,83,33,88,152,92,114,70,67,56,87,46,52,55,55,49,76,79,77
,면적,115,2,2,3,3,2,5,4,6,3,6,10,7,6,4,5,4,6,3,3,4,3,5,7,7,5
2019년 03월,동(호),1813,30,32,34,40,38,81,74,111,45,87,176,103,68,50,87,103,116,53,78,38,63,46,74,91,95
,면적,133,2,3,3,3,3,5,5,8,3,6,11,8,5,3,7,7,8,4,5,3,4,5,7,7,7
2019년 04월,동(호),2469,31,40,66,57,54,82,92,101,57,132,231,114,92,86,137,133,158,88,90,60,88,68,159,162,91
,면적,184,2,3,8,4,4,6,6,8,5,9,14,8,6,6,12,8,10,7,5,5,6,7,13,15,6
2019년 05월,동(호),3432,27,45,90,97,78,103,123,179,58,137,283,111,97,103,179,168,279,81,122,97,108,147,242,295,183
,면적,255,2,4,10,7,7,7,8,12,4,9,18,8,7,7,15,11,13,6,9,8,7,14,21,26,13
2019년 06월,동(호),4470,46,57,89,342,87,125,111,167,69,154,414,110,130,126,255,214,344,83,208,110,143,206,341,377,162
,면적,331,3,4,9,20,8,9,8,13,5,10,25,8,10,9,20,15,16,6,15,9,11,20,31,35,12
2019년 07월,동(호),7009,65,84,146,268,178,205,189,305,112,294,692,150,215,269,406,318,288,154,317,229,206,363,568,682,306
,면적,545,5,7,14,21,14,15,13,23,8,20,43,11,16,21,33,23,20,11,23,18,14,34,54,59,23
2019년 08월,동(호),8586,73,99,190,452,236,284,212,387,136,281,751,204,260,364,431,337,320,140,435,320,243,496,703,771,461
,면적,677,6,8,19,35,20,21,15,30,10,20,49,16,20,28,35,24,24,10,29,26,17,48,66,68,35
2019년 09월,동(호),7096,60,73,150,378,199,264,222,419,124,241,659,219,319,267,296,314,334,141,293,251,188,310,452,506,417
,면적,562,5,6,15,30,17,20,16,32,9,17,45,16,24,21,25,23,24,9,23,21,14,31,42,43,33
2019년 10월,동(호),8274,70,108,138,323,198,320,299,482,148,337,809,288,281,306,416,415,408,225,326,311,241,330,480,538,477
,면적,641,6,9,14,25,17,23,22,37,11,24,52,22,21,24,33,31,29,16,24,25,18,32,43,45,37
2019년 11월,동(호),10955,94,156,212,542,275,408,306,584,198,403,1038,344,380,390,556,542,510,235,418,392,335,460,625,855,697
,면적,855,8,12,21,40,24,30,22,45,15,28,69,23,29,30,45,40,37,17,33,32,24,44,59,74,50
2019년 12월,동(호),14117,111,195,298,745,284,528,544,696,179,496,1291,396,522,608,749,696,632,207,546,606,412,610,863,1127,776
,면적,1100,9,17,31,57,24,38,29,55,13,35,80,31,38,47,61,52,48,16,42,50,31,59,80,100,57
2020년 01월,동(호),10491,95,167,249,431,141,439,297,679,370,475,1069,387,396,403,500,585,570,166,465,335,371,331,409,581,580
,면적,812,8,12,27,34,12,33,21,53,25,34,70,29,30,31,41,43,41,12,36,28,29,32,38,51,42
2020년 02월,동(호),9522,74,110,146,375,134,394,315,595,350,487,1150,414,339,303,402,672,650,163,441,320,312,235,279,397,465
,면적,709,6,9,13,29,11,29,23,46,27,35,72,32,25,24,31,46,47,12,33,25,23,21,24,32,33
2020년 03월,동(호),9152,73,105,107,294,93,388,418,522,265,653,1288,387,277,238,350,514,572,282,535,281,322,205,246,343,394
,면적,661,6,9,10,23,7,29,29,41,21,46,80,29,21,18,26,36,42,18,28,23,24,19,20,28,28
2020년 04월,동(호),3699,41,40,38,112,56,139,170,186,112,230,474,179,105,73,306,210,227,82,132,88,170,96,141,147,145
,면적,263,3,3,4,9,5,10,12,15,9,16,30,12,7,5,15,14,15,5,9,7,13,10,13,12,10
2020년 05월,동(호),4328,50,50,88,100,60,173,209,228,126,243,439,200,144,101,173,241,308,85,184,90,142,181,271,237,205
,면적,325,4,4,8,8,5,12,12,18,10,16,28,16,12,7,14,17,21,6,14,7,10,17,26,20,12
2020년 06월,동(호),11106,91,125,236,355,140,372,345,554,273,659,1374,419,385,301,497,694,684,176,416,342,405,369,524,741,629
,면적,853,7,10,25,28,13,29,24,43,21,45,86,33,30,24,40,48,49,13,32,27,31,36,46,64,48
2020년 07월,동(호),16002,123,174,238,682,267,610,467,915,367,876,1530,666,517,638,639,1297,844,289,621,641,458,603,673,1033,834
,면적,1229,11,15,23,55,22,46,34,71,28,60,99,54,40,47,51,93,63,21,48,53,34,55,56,87,64
2020년 08월,동(호),6880,59,81,145,274,128,259,229,338,107,314,537,292,245,272,350,594,326,118,282,315,171,365,315,393,371
,면적,537,5,7,14,22,11,19,16,25,8,22,36,24,19,21,29,43,24,8,23,25,11,35,28,33,29
2020년 09월,동(호),4795,48,73,115,203,93,190,144,187,87,200,394,177,186,184,215,387,273,105,191,187,117,261,235,274,269
,면적,376,4,6,11,16,8,14,10,15,7,14,26,14,14,15,17,28,19,7,14,16,9,26,21,23,21
2020년 10월,동(호),4320,45,66,106,121,75,177,152,172,135,183,403,175,177,183,160,319,231,59,218,166,147,224,206,229,191
,면적,323,4,5,10,10,7,12,10,13,9,12,26,13,13,14,12,23,16,4,15,14,11,20,18,19,14
2020년 11월,동(호),4725,85,75,161,181,75,165,95,203,80,195,362,157,197,206,188,288,343,77,184,174,120,271,358,260,225
,면적,354,4,6,14,15,6,12,6,15,5,14,23,12,14,16,15,22,20,5,14,14,9,25,29,23,16
2020년 12월,동(호),8764,86,98,191,328,140,321,238,349,159,396,829,268,310,325,353,513,488,279,388,285,252,518,629,595,426
,면적,665,8,8,19,26,12,24,16,26,12,27,51,21,22,26,28,39,33,14,29,23,18,46,56,51,33
2021년 01월,동(호),5945,50,77,121,202,103,310,170,272,135,285,632,234,181,201,285,406,300,98,254,237,182,308,335,317,250
,면적,444,4,6,12,16,8,18,12,20,10,18,38,17,14,15,22,29,20,7,20,19,14,29,29,27,19
2021년 02월,동(호),5435,53,112,109,193,98,208,156,287,106,279,568,179,164,218,273,324,295,119,245,182,167,274,327,245,254
,면적,405,4,6,10,16,8,15,10,21,8,20,35,14,13,17,20,22,19,8,19,15,12,26,29,20,18
2021년 03월,동(호),4495,56,58,117,133,74,144,200,282,132,202,376,149,138,137,187,263,290,122,181,131,155,258,273,220,217
,면적,334,4,4,14,11,6,10,14,21,8,14,23,11,10,10,15,17,19,8,13,10,10,23,24,17,15
2021년 04월,동(호),4194,89,49,392,138,70,147,167,188,68,164,377,127,183,117,175,221,223,100,167,117,117,201,236,172,189
,면적,347,5,4,78,12,6,10,11,14,5,10,22,9,11,8,13,14,14,6,12,9,8,18,21,14,12
2021년 05월,동(호),5090,45,80,139,169,64,153,152,263,118,236,512,180,159,186,228,311,270,108,220,170,160,344,347,292,184
,면적,379,4,6,18,14,6,10,11,19,7,15,30,13,11,14,17,21,18,7,16,13,11,34,30,24,12
2021년 06월,동(호),4240,31,49,95,125,65,158,182,196,94,203,444,166,159,136,174,338,382,90,147,140,121,197,201,182,165
,면적,300,4,3,9,10,5,10,13,15,7,13,27,12,11,10,12,23,22,6,10,11,8,18,15,14,11
2021년 07월,동(호),4646,45,56,93,165,69,197,209,283,154,199,442,182,138,145,185,366,244,89,157,161,140,223,313,216,175
,면적,340,3,4,10,13,5,14,13,21,9,14,28,13,10,11,14,25,16,6,11,13,9,21,26,17,12
2021년 08월,동(호),5054,48,54,92,167,91,177,173,350,118,183,373,189,174,169,171,354,271,281,207,253,173,220,380,218,168
,면적,366,4,4,9,13,7,13,12,23,9,13,23,14,13,12,13,26,18,22,15,14,12,20,29,18,11
2021년 09월,동(호),3874,33,54,73,166,70,125,130,264,85,126,301,161,145,153,147,252,201,91,189,140,139,167,269,217,176
,면적,287,2,4,7,13,5,9,9,19,7,8,19,11,11,12,11,18,13,7,13,11,9,14,22,18,13
2021년 10월,동(호),2839,43,33,58,98,47,125,104,155,40,94,194,112,119,113,100,143,145,70,107,93,126,122,314,166,118
,면적,208,2,2,6,7,4,8,7,11,3,7,13,8,8,8,8,10,10,5,8,7,8,12,25,12,8
2021년 11월,동(호),2305,33,19,35,79,45,93,71,106,28,78,128,185,61,70,81,125,109,58,133,73,80,122,289,87,117
,면적,160,2,1,3,6,3,6,5,7,2,5,8,11,4,5,6,7,7,4,7,5,5,11,23,7,7
2021년 12월,동(호),1634,25,20,35,48,25,56,52,78,16,46,87,79,54,57,55,79,90,24,71,51,44,91,318,64,69
,면적,117,1,1,4,4,2,3,3,6,1,3,6,5,4,4,4,5,6,1,4,4,3,8,26,5,4
2022년 01월,동(호),1281,25,20,15,28,20,37,48,41,18,26,55,84,27,69,51,95,146,19,51,40,46,72,136,57,55
,면적,85,1,1,1,2,1,2,3,3,1,2,3,5,2,4,4,6,8,1,3,3,3,6,11,4,4
2022년 02월,동(호),1404,15,13,15,35,16,51,40,40,19,29,64,50,28,46,32,54,64,18,44,39,46,50,484,62,50
,면적,97,1,1,1,3,2,3,3,3,1,2,4,3,2,3,2,3,3,1,3,3,3,5,36,5,3
2022년 03월,동(호),1236,22,20,23,30,25,68,44,45,14,32,96,61,42,45,31,69,69,27,61,44,54,111,97,60,46
,면적,78,1,1,2,2,2,4,3,3,1,2,5,3,3,3,2,4,4,1,4,3,3,6,8,5,3
2022년 04월,동(호),1624,25,29,44,47,33,64,52,67,20,67,161,55,48,69,61,80,94,42,74,59,54,116,120,79,64
,면적,116,2,2,5,3,3,5,3,5,1,4,9,4,3,5,4,5,6,3,5,4,3,11,10,6,4
2022년 05월,동(호),2372,29,39,74,82,52,103,179,93,39,66,147,92,80,93,86,100,120,52,108,89,82,177,168,116,106
,면적,165,2,3,8,6,4,6,8,7,3,5,9,7,5,6,7,6,7,3,6,7,5,16,14,9,7
2022년 06월,동(호),2014,18,26,34,55,27,48,54,396,19,41,87,61,49,59,51,68,77,29,52,192,60,274,131,57,49
,면적,122,1,2,4,5,3,3,3,18,1,3,5,4,3,4,4,4,5,1,4,6,3,19,11,4,3
2022년 07월,동(호),1028,11,6,19,28,15,50,29,41,17,32,73,50,26,38,31,52,61,25,48,21,31,63,179,53,29
,면적,69,0,0,2,2,1,2,2,3,1,2,5,3,2,2,2,3,3,1,4,1,2,6,13,4,1
2022년 08월,동(호),907,16,8,19,20,15,40,26,19,19,34,41,39,22,23,26,34,38,24,44,19,20,49,239,34,39
,면적,59,1,1,2,1,1,2,2,2,1,2,2,2,2,2,2,2,1,1,3,1,1,5,16,3,3
2022년 09월,동(호),856,14,14,19,27,16,40,34,41,9,26,45,42,19,21,31,41,44,18,42,34,21,37,151,45,25
,면적,54,1,1,1,2,1,2,2,3,0,2,2,3,1,1,2,2,2,1,2,2,1,3,9,4,2
2022년 10월,동(호),900,8,11,12,21,9,25,27,233,20,29,42,38,31,22,16,27,39,12,84,22,21,32,50,40,29
,면적,54,0,1,1,2,1,1,1,12,1,2,3,3,3,2,1,2,2,1,3,1,1,3,5,3,2
2022년 11월,동(호),761,5,15,8,15,10,37,21,45,8,21,43,25,17,17,24,43,37,145,32,17,14,43,37,46,36
,면적,44,0,1,0,1,1,2,1,2,1,1,3,1,1,1,2,3,2,4,2,1,1,3,3,4,2
2022년 12월,동(호),1001,14,8,21,20,53,32,21,53,80,36,62,45,21,38,30,39,30,16,80,20,13,45,94,78,52
,면적,59,1,0,2,1,2,2,1,3,2,2,4,3,1,3,2,3,2,1,4,2,1,3,5,6,4
2023년 01월,동(호),1161,7,14,11,31,27,58,26,134,21,38,95,47,36,100,35,55,41,13,37,31,22,31,70,98,83
,면적,75,0,1,1,2,2,4,2,7,1,2,6,3,2,4,3,4,2,1,2,2,1,3,6,8,6
2023년 02월,동(호),2286,17,32,28,79,45,105,61,153,35,99,176,81,166,83,105,106,71,22,98,59,39,83,128,233,182
,면적,159,1,3,3,6,3,6,4,10,3,6,11,5,9,5,8,7,5,2,6,4,2,8,10,18,14
2023년 03월,동(호),3234,31,31,30,120,50,128,66,157,71,104,206,357,114,122,122,164,123,60,182,114,77,136,205,265,199
,면적,225,2,3,3,9,4,9,4,11,5,7,12,17,8,9,9,11,8,4,12,8,6,12,16,21,14
2023년 04월,동(호),2981,22,41,46,109,53,147,71,161,51,87,180,138,114,122,144,168,140,41,192,109,88,131,186,242,198
,면적,220,2,3,4,8,5,10,5,11,4,6,12,10,8,9,10,11,9,3,14,8,5,12,17,19,15
2023년 05월,동(호),3711,34,62,52,165,66,151,99,217,67,118,264,147,120,176,147,171,160,53,189,128,95,178,260,338,254
,면적,274,3,4,5,12,5,11,6,15,5,8,16,11,9,13,11,12,11,4,14,9,7,15,22,28,19
2023년 06월,동(호),4136,32,64,60,168,84,196,143,179,125,105,270,142,150,181,165,222,151,63,197,132,288,175,293,295,256
,면적,303,3,4,6,13,7,15,8,13,6,7,17,11,12,14,13,16,10,4,15,10,17,15,25,23,19
2023년 07월,동(호),3804,32,65,66,189,64,169,107,192,71,105,268,140,124,183,161,170,149,62,293,147,99,195,270,291,192
,면적,283,2,5,6,14,5,12,6,14,5,7,18,11,9,13,13,12,11,5,17,11,7,18,23,24,14
2023년 08월,동(호),4091,36,63,59,202,66,146,75,203,170,120,320,169,172,188,198,209,152,62,184,156,121,198,291,277,254
,면적,299,3,5,6,15,5,11,5,15,6,8,20,13,12,14,15,13,11,4,13,12,9,19,25,21,18
2023년 09월,동(호),3845,46,66,64,182,89,159,87,192,76,129,288,149,172,163,188,184,151,57,194,155,116,199,236,290,213
,면적,294,4,5,7,15,7,11,6,14,6,8,18,11,13,12,15,13,11,4,15,12,9,19,20,24,15
2023년 10월,동(호),2983,37,43,69,133,61,107,93,168,40,90,231,107,108,106,132,156,145,50,152,104,93,137,251,208,162
,면적,223,3,3,7,11,5,7,7,13,3,6,14,8,8,8,11,11,10,3,11,8,7,13,18,17,12
2023년 11월,동(호),2417,32,61,64,105,48,112,75,127,92,77,207,96,75,84,129,138,105,42,119,86,62,109,134,135,103
,면적,178,2,4,7,9,5,6,4,9,5,5,13,7,6,6,11,9,7,3,8,6,4,10,12,12,7
2023년 12월,동(호),1790,20,33,39,76,39,69,52,130,30,56,142,65,56,68,89,105,85,31,72,63,55,72,119,135,89
,면적,133,1,3,4,6,3,5,3,10,2,4,9,5,4,5,7,7,6,2,6,4,3,7,10,11,7
