,날짜,용산구,서초구,강남구,송파구,강동구,광진구,중랑구,노원구,도봉구,강북구,성북구,동대문구,성동구,중구,종로구,서대문구,은평구,마포구,강서구,양천구,영등포구,구로구,금천구,관악구,동작구
0,2015-01-01,0.0291225698009753,0.029817639372123287,0.030630604396864977,0.029599891126837235,0.033163949286927216,0.02928878637283257,0.027255489021956087,0.03234951665296858,0.031120794126033646,0.028538812785388126,0.028509676759555094,0.029108449767132404,0.030649580769107645,0.028614167370779917,0.026920770588583057,0.030781111086254226,0.02856240381190481,0.02937766758053525,0.030712169128168345,0.031187624750499004,0.03226927647594984,0.0305113365637269,0.02957317604093848,0.028765997416930842,0.03079416306533501
1,2015-02-01,0.030128088747369792,0.031006121862603344,0.031635802469135804,0.030720874990341308,0.03431297158489809,0.03034221233074849,0.028216735253772288,0.033349026993094784,0.032173142887900456,0.0295159040015007,0.029510981589013805,0.03010789190487408,0.03169780378866628,0.029570960843316483,0.027855469081756342,0.031866318734726874,0.029552973452755583,0.03041106311715631,0.031855107254328933,0.03222978547854785,0.03340816762882189,0.0315048112962198,0.030528469718489378,0.029812336457216624,0.03185612476918616
2,2015-03-01,0.03305284467157,0.03403924742181428,0.034610559388493,0.033712746652217476,0.03770430969622071,0.03315901815111926,0.03099678493463083,0.03658504631267278,0.03536190503520048,0.03246042354728121,0.032588975963173276,0.032990458462895,0.034742143175878114,0.03234731910977707,0.030381464566140395,0.034890604705236715,0.032423412595153425,0.0333147593421566,0.03504016149347565,0.03524669575193297,0.03669585081319644,0.03453017151647288,0.03336043695034995,0.0326830561336424,0.03486854279919569
3,2015-04-01,0.03504003933478641,0.03616674435179773,0.03680497165745702,0.03582261731438989,0.040235028060463536,0.03508437510787977,0.033038847933133046,0.03884920437173118,0.03775470996886842,0.034386857048814994,0.03464159795030985,0.0349578969170653,0.036971726518769614,0.034370648551525905,0.032103984130362716,0.037039677435937716,0.034516414911486,0.0354781091067752,0.03734115129793239,0.03717536820475333,0.039166948156892985,0.03672602223940463,0.035331428529671825,0.03479208212215403,0.03708016753938071
4,2015-05-01,0.032235583505271705,0.03322349836556182,0.033834724985686675,0.033076658463655366,0.037084595908125316,0.03224400871459695,0.03050108932461874,0.035864806209360216,0.03480987731169285,0.03172969253558983,0.03188583199523562,0.03210223798459092,0.03398915690174905,0.031645936765306686,0.029594588418117823,0.0341385365125803,0.03177196804647785,0.032762111871940953,0.034382563076967666,0.03424053960401955,0.0360858250725351,0.0338143480324976,0.03255696632022572,0.032052237020424056,0.0341873082008808
5,2015-06-01,0.03283822536548193,0.03374854267656625,0.03433039241707319,0.03382017711568189,0.037790422834979805,0.03292127797053155,0.031138530268364828,0.03670828215453995,0.03556924795002924,0.032354209969018395,0.03259636055210336,0.03270921798566955,0.03465632120371512,0.03222423571260781,0.030127875751341928,0.034757575135926144,0.03239285082364112,0.03347308396390805,0.035165159226202676,0.03492181745836896,0.03686161527409581,0.034453504663592614,0.033200855940888355,0.03277076997315779,0.03500927142084525
6,2015-07-01,0.033480378875115714,0.03428243741896878,0.03484253484253484,0.034563022844272845,0.038505278080052115,0.03355592764228559,0.03169303881484628,0.03751508685719212,0.03621798654549747,0.033121356650768416,0.03337249038872277,0.03336884640919222,0.035301647394326195,0.032843576709012064,0.030660880086767355,0.0354251012145749,0.03311862047921528,0.034271737708670556,0.03595981352531571,0.03566915331621214,0.03769637055955815,0.03513747170716048,0.03380211713545047,0.03345134802699379,0.03578273395346566
7,2015-08-01,0.033777005515617485,0.034409969950039636,0.03502248356969907,0.03495170310116929,0.03882450877267111,0.03386501692028283,0.0319765541972846,0.037918679580365176,0.036533131771227,0.03348190633618824,0.0337505146593416,0.03362674903732272,0.035585871283327644,0.033152609414693196,0.030914293785738248,0.035604564406407725,0.03344055216203483,0.03473681967667202,0.036287084278155704,0.03599712023038157,0.03809608420482621,0.03545623745316526,0.03412403922608004,0.033793793394407835,0.036196155295032735
8,2015-09-01,0.03408494519787333,0.03454455864065549,0.03522834900321097,0.03545016142213304,0.03912479323289652,0.03418990698834143,0.0321934447193837,0.03828552767491577,0.03674658844869436,0.03383662554554858,0.03402950159868428,0.03392584454956941,0.03587236501173369,0.03335224528112724,0.031178850970900448,0.03588740430025519,0.03371351832593912,0.035061480854514035,0.036624809741248106,0.036332954857962826,0.038468418220896396,0.03585949165746933,0.034431192999298456,0.03407090446462913,0.036489756477819914
9,2015-10-01,0.0343112026076514,0.034713566911323455,0.03547148568871696,0.0358815301344037,0.039400883026882015,0.03452069344865521,0.0324030591708037,0.038583994387782636,0.03702310162847546,0.0341465031802187,0.03425067233244328,0.03412283284953701,0.036188264969759514,0.03369486343865795,0.03141125871816602,0.03620689655172414,0.03396987325408201,0.035375840964425975,0.036835196601870145,0.0366341030195382,0.038810906616448544,0.036217548771951186,0.034579776028384517,0.03439691135457706,0.036827850442594796
10,2015-11-01,0.03276766004415011,0.03311186381796074,0.033912099837221925,0.034267751252035517,0.03761549471416829,0.03301030904005731,0.030969340353050486,0.036880304547268955,0.0354285509274208,0.03269008720228863,0.03262460259444908,0.0326459381841963,0.03455701899089525,0.032210857972558675,0.030026943914943562,0.03456444951180117,0.03246753246753247,0.03390131969853332,0.03498391167943612,0.03506491599107038,0.0371588693957115,0.0347209366187188,0.03302113352545629,0.03283836197176747,0.035129183252248265
11,2015-12-01,0.03198724131961006,0.032312327455354874,0.03309883984635228,0.033412983543930734,0.03670388751033912,0.032237754260341527,0.030228685319489024,0.03606762145330919,0.034573773701902684,0.03204473562929445,0.03174144859665221,0.03193257359924027,0.033679930838322304,0.031415816731801854,0.029291802427161544,0.0337052267199326,0.0316836222706668,0.033081755642731255,0.03402766484161834,0.03437414445532041,0.03635043122135513,0.03390219673114409,0.032256082575571395,0.03208763592070237,0.03423088100507456
12,2016-01-01,0.032369146005509636,0.03259488543825092,0.03351284249633837,0.03362556667041324,0.0370666527978226,0.03260826472492765,0.030418243063852383,0.03646270536035496,0.03485511208310552,0.03228877394787293,0.03198626413693436,0.03223854571952791,0.03396571478935308,0.031649609990623814,0.029450273917220254,0.03407151391022358,0.032010326753070646,0.03341472818403804,0.034268803587557926,0.03461594519749307,0.03664805717922929,0.03414355121179594,0.03251786389089285,0.03233971962215174,0.03451537971600914
13,2016-02-01,0.033642578304653205,0.03387767289097131,0.03484992425841769,0.03491118284331434,0.03851853647064737,0.03398946793663989,0.03160969186244906,0.03791498356715748,0.03620826483759424,0.03353333042824616,0.03326869439873668,0.033485159619318104,0.03524049556191078,0.03285349450360416,0.030578062673795727,0.03537347593941624,0.03328497612756937,0.03476461809795143,0.03555509182754582,0.03593978959462157,0.038058067606019264,0.03540428307848091,0.033749304344270016,0.0335982938606208,0.035894425475549545
14,2016-03-01,0.034019605664270126,0.03421697161792248,0.03509333452601752,0.035146274983673356,0.03883439873778038,0.03427954972803209,0.031987830984744565,0.038281477324687195,0.03657098289866651,0.03379549788763881,0.03349531548357166,0.03376686429120886,0.03554900325137446,0.033147581985366346,0.030779289147010374,0.03564110307163119,0.03359306841893906,0.03512235026319533,0.03583855599588146,0.03628489666884082,0.03837635278224132,0.03572177074213142,0.03401419835775338,0.03391596353083736,0.03621457784498109
15,2016-04-01,0.0345209379386865,0.03467421984130412,0.03555765429759848,0.03554557507096738,0.039451727429422954,0.03477461225959353,0.03257176964297922,0.03887693753824607,0.037106399799463945,0.03429835432591315,0.033969098942593964,0.03434197623521549,0.03602268615287014,0.0337267025180354,0.031236683360113218,0.03623588247327226,0.03411596407458559,0.035707829053887356,0.03631123753864348,0.03673061765015377,0.03894541347388481,0.036233068937222765,0.0345392310456212,0.034369532891122566,0.036781094542115526
16,2016-05-01,0.035055320462711266,0.03503410288553941,0.03594638142295572,0.035843863530563576,0.03998030143980924,0.035280437669097116,0.03312435682800448,0.0393766855947349,0.037740440292768164,0.03478545290697108,0.0344644070839585,0.034875464298090644,0.03650746849795207,0.03424537128536285,0.0316766192356389,0.036770820763854684,0.03463170753208156,0.03625065882772653,0.03680557409537605,0.037162734356550646,0.03948408292091645,0.0368369943422232,0.03508204986157703,0.034906085049976505,0.037333608486227146
17,2016-06-01,0.036529100778992296,0.03636646309901917,0.037325598721782656,0.03708749386405861,0.041541465804852386,0.03673572005672678,0.034647704817729275,0.04103656135797745,0.03944828734289837,0.03632492045256033,0.035983346112694846,0.0363602850646349,0.038005643758639594,0.035750673208241456,0.033031851981024776,0.03839915171393114,0.03618776030267703,0.037808212865475026,0.038314118564507726,0.038646170231093915,0.041121373148466644,0.03853970962308713,0.03659375999634419,0.0364246461860707,0.038993747993733945
18,2016-07-01,0.038052448193654866,0.037562450454436506,0.03851010677767728,0.03826492425603256,0.04313247347303075,0.03820156451735399,0.03618318908125704,0.04262376123795728,0.04102142425753721,0.037828758035297755,0.03741074864252426,0.037908015863046644,0.03952129717989395,0.03728081688970681,0.03437978062038212,0.04003876513714191,0.03763888223744074,0.039427903957906005,0.03969293050204284,0.04014025572992014,0.042788547986440856,0.040068271890799666,0.03803095208470349,0.0378725136996701,0.040487073229074404
19,2016-08-01,0.037380305189336334,0.036604387972355996,0.03761263943471874,0.03725637651187567,0.04233195290105859,0.037563018538366875,0.03569322537479303,0.04189679445527398,0.04042454567652913,0.03730706153778953,0.03685530672482036,0.037342351863594726,0.0388708094426365,0.03675127417680401,0.03387225609447831,0.039496602545698145,0.0370782023687708,0.038811012226848136,0.03891927386035964,0.039368246473569755,0.042047035298209,0.03947721436510674,0.03747103454155138,0.037284569448312134,0.03978827519994586
20,2016-09-01,0.03601078888973908,0.03499177731021307,0.0359609837558828,0.035584524474966066,0.04050492180082946,0.03620421979588201,0.034422131842060666,0.04033189033189034,0.039018952062430334,0.036006661073398935,0.03556092324208266,0.0360366281107606,0.0374249592999593,0.03543635352973875,0.03261116152450091,0.03813626788163826,0.035755076938524484,0.03744403744403745,0.03728790366721401,0.037822069337650074,0.040358946608946615,0.03808023782250587,0.03614944672385926,0.03583481679276072,0.03829432797009589
21,2016-10-01,0.034681126665070956,0.033681511938795185,0.03457293139841496,0.03421531099745577,0.03889401592286252,0.03510075526888559,0.03329815368082428,0.038960670973591745,0.03774876725781428,0.03488675350245005,0.03442139605955215,0.034761066449283534,0.036149502728396114,0.03432546069043213,0.03154103901328556,0.03684186392671837,0.034640172150498895,0.036197831415493605,0.035822816905435276,0.036461587964819665,0.03885639698788487,0.0367644599333301,0.03495159204501764,0.03466828135864592,0.03697580750897536
22,2016-11-01,0.032857781348692904,0.03194664292309722,0.03280415338109239,0.03241072462509409,0.036791288095822765,0.03329567958050931,0.03164947752980334,0.03694805834811748,0.03587131713564293,0.03312498262295994,0.032646622511021496,0.03300793130078801,0.034235472251774896,0.032604827897342044,0.029971749400565007,0.03487416576749391,0.03288186722675233,0.03423366370950495,0.033878596206309515,0.034609726262893416,0.036793582104205844,0.03486404996800738,0.033168112138546604,0.03291594556992093,0.03505953305091638
23,2016-12-01,0.03184777773284264,0.03113492307889706,0.03196356803634804,0.03159682799531768,0.03574402922367161,0.032318660513548696,0.03079664681524666,0.03589292275174138,0.0348585436325649,0.0321637279087637,0.031645088935357946,0.032087808001486307,0.033280085197018104,0.03164856692054824,0.02910009749252959,0.03387509278084358,0.03195511693390498,0.0332047971953156,0.03280542595920002,0.03357479606008276,0.035712146382304695,0.033775626228716514,0.032222587162720334,0.03195299679194382,0.03404205347762324
24,2017-01-01,0.03149559061731357,0.030940318219620695,0.03173707889097419,0.031338297179937344,0.03526032835153857,0.03202230259192284,0.030514232539166564,0.035527093566270124,0.0345151314336205,0.031872276187275624,0.03134781555574291,0.03175387741920238,0.0329327903602212,0.03136829763532701,0.028794617402212338,0.03356493457552334,0.031678482329166584,0.03291556094403982,0.03245370882932236,0.033347797863483054,0.035427115675503544,0.03337395940244041,0.031933107246605405,0.031670025238197716,0.033736108035050054
25,2017-02-01,0.03124066287981961,0.030697344295262316,0.031438611064413306,0.03107138813479192,0.034770033561525665,0.03172115241080758,0.030276591311594953,0.035138585459982656,0.03416789498086598,0.03161208423506185,0.031016237912789638,0.03148609492793544,0.032571458804544796,0.031061473067742665,0.028523821627269904,0.033276581348989934,0.03138459810007169,0.03263228525597341,0.03208347282669345,0.03301164446458912,0.03511822052765714,0.03308142927653561,0.03163844700016739,0.03137218801025229,0.03343343607035291
26,2017-03-01,0.031021513440060457,0.030466492136771387,0.03122212128159452,0.03083953448173069,0.0344219776593783,0.03152351283192404,0.03014677508917563,0.034907654650645305,0.03392692569659708,0.03139032931979697,0.030810763830964243,0.031253465606065185,0.0323531946855799,0.030894259621876728,0.028371599923266922,0.03309772770766079,0.031180920830753436,0.03241272096822187,0.03186590725531536,0.03280882623629474,0.034951155066217154,0.032833735218252405,0.031414773815644885,0.031138626078484163,0.033246943637267996
27,2017-04-01,0.03094823427445401,0.030452960748910907,0.031191395049673745,0.03080807691682097,0.0343681574423381,0.031498514011280176,0.03017300495699367,0.03488013727156113,0.03389888691502965,0.031365573539576315,0.03077414247934265,0.031229209909048445,0.032358398173165416,0.030888927792291732,0.028359591565845207,0.03307985818553159,0.03120509351038946,0.03242361019090848,0.03183543426255101,0.03273521116379095,0.03495413157391623,0.03277559128215143,0.03140631436029566,0.03115665268622007,0.03321598254161857
28,2017-05-01,0.030407986696330255,0.029940669294409698,0.030648864543011137,0.030265428754991747,0.03380222140782236,0.030941795449250603,0.02971360896775019,0.03431816693229701,0.03334909644495471,0.030900456214819006,0.030310393002490433,0.030702577986528895,0.03181946053218099,0.030411677495248233,0.02788544202684574,0.032564574366276626,0.030720476005691374,0.0318494201047898,0.03127716066284968,0.032181770814709625,0.03436985051020231,0.03223454822717494,0.030910563192244094,0.030680752449144953,0.0326778922823678
29,2017-06-01,0.030629264350273203,0.030097385169848934,0.030753668022910432,0.030517175814425146,0.0341045509112736,0.031136775362318837,0.030000923105326316,0.03443450958978909,0.033637533637533634,0.031173767538800568,0.03063920740047159,0.03097611667604128,0.03191722290376695,0.030716157088498175,0.02818209175755478,0.03293807641633729,0.030973995827250408,0.03203266222560037,0.031402065118487164,0.03235791380287905,0.03459391461592892,0.03251164596273292,0.031161127748909806,0.030978676690728846,0.032791213794862446
30,2017-07-01,0.02983386899755697,0.029285984902639183,0.0300471036429641,0.029859020650459187,0.03347437161042298,0.03034338730783045,0.02938383178474642,0.033447649419420515,0.03271005336022353,0.030511623475609758,0.029945374022029073,0.030234361783642315,0.031061927905124923,0.030081300813008128,0.027587698984772677,0.03217096683489197,0.030294172025924316,0.031238319800870006,0.030583678478294216,0.03157095053268804,0.03365768178709825,0.031766520604439866,0.030455331561836618,0.030244739322960897,0.03186999824988465
31,2017-08-01,0.02956181868337936,0.02901622175742106,0.029901947135909716,0.029817922777298514,0.03347356736548313,0.0301769031074632,0.029343384687545104,0.03325070772148545,0.032466688121499374,0.030393195708528067,0.029811224020088695,0.030158175728191267,0.03092965712265819,0.03003818017924316,0.02749482569700905,0.03204780379283214,0.03018844744683102,0.030967056949892352,0.030396713748898987,0.03150241191309839,0.03336769880720718,0.031659130168003896,0.03041285376923361,0.03007436570428697,0.031665780106912546
32,2017-09-01,0.029852192573212113,0.029365100727342327,0.030308508923106783,0.030232293045085765,0.033906903549095126,0.03047301632008011,0.029692427407134372,0.03367223951605503,0.03282246066231168,0.030713019455822582,0.03020239212571896,0.03049468287863583,0.031223947457741107,0.03037750129056531,0.027810194568993165,0.03242605072199089,0.03056542297827908,0.03124194954719299,0.03073214534383988,0.03190219361780691,0.03377363199282891,0.031974148238962295,0.030740151522199582,0.0304656889923856,0.03200777633587406
33,2017-10-01,0.028951446720822904,0.028533968751360054,0.029397779019564196,0.02929880517460136,0.032888180556574345,0.029473918362807255,0.028901882793219067,0.03269536659947619,0.03190889934520508,0.029866089596340076,0.02928005645396949,0.02958874473569274,0.030245258461026093,0.029405946982558467,0.026975456301744277,0.031412434869588245,0.029722587906487175,0.030291873342991552,0.029843508104377664,0.031045626428372473,0.032662732375964655,0.03102654772035879,0.029769372219728158,0.02957842256872831,0.031057933183885847
34,2017-11-01,0.028327684443467813,0.02791166877775228,0.02865765519109274,0.028546959748786762,0.03218053732653554,0.028788863136208265,0.028358433334124564,0.0320344073886542,0.031229604261261954,0.029253175856882137,0.02867595543458272,0.029018874259539057,0.02948935264679552,0.02880257762398028,0.026418279831867796,0.030743347743098778,0.029139880391998635,0.02955300065098315,0.029281624154086416,0.03030116578139538,0.031873829578194665,0.030437841251568856,0.029141466576578064,0.029014193652151344,0.030560471976401177
35,2017-12-01,0.027941193636119573,0.02755379434210178,0.02813661636447923,0.028024278003862344,0.03169774058291852,0.028367740657485638,0.028045435738629342,0.03162655858173424,0.03084302603093657,0.028969027507039197,0.0283728188395517,0.028743682226190895,0.02897052330027032,0.028470119315681858,0.026129729840135524,0.03035184051860919,0.028884267406103916,0.029088730282180758,0.028995160574107944,0.029799471175187695,0.031356370153604984,0.030089874223534943,0.028689700397557277,0.028715367061231723,0.030177236059589
36,2018-01-01,0.027257231484277816,0.026939098327572904,0.027198463903990666,0.027062747172121107,0.030728083094697406,0.027690195592775194,0.027524879141709382,0.031067177992213754,0.030293058523167316,0.028518710830850988,0.02782931627036897,0.028151270828797422,0.02812198420507322,0.027958890071499362,0.025641410502721743,0.029850555267621495,0.028445389515309213,0.028361504322171206,0.028524709409596814,0.02900392532753195,0.03064029944681838,0.02955319606359195,0.028180292883035973,0.028216640210018105,0.02946379074678278
37,2018-02-01,0.026848987856139813,0.026686113891849023,0.026634267845297887,0.026420129118945312,0.030162457026971342,0.027266432387458406,0.02747748999555358,0.030954506650331375,0.030244246805121458,0.028510509276918714,0.027769481096255173,0.02793410517632036,0.027504500941721605,0.0278514870965855,0.02559332825628285,0.029722622674418067,0.028399917382058524,0.028189021273249185,0.02854083069652885,0.028729259987483307,0.03040355046609491,0.02953037010362405,0.028251939495646375,0.02821697079602554,0.02923867141873072
38,2018-03-01,0.026573503901363576,0.026482440990213008,0.026300365199356763,0.026133182049787,0.029711986233725358,0.0270246930513012,0.027421292335346934,0.030876042992935365,0.030174424729483656,0.028540506092670115,0.02766500785751702,0.027809329491035806,0.02719479356679429,0.027728145059890144,0.02553751536368623,0.02959001598856929,0.028345133979511685,0.02810399302119299,0.02848297440750645,0.028679542970470758,0.030207378746224076,0.029481383339338082,0.028317345169347263,0.028131851075800785,0.029031958379784464
39,2018-04-01,0.026221488301988755,0.026115146468004027,0.02588140678159877,0.025734204872434826,0.029239835606999696,0.026666634530124925,0.02718320921971258,0.030562091553731695,0.029814747072801517,0.028296055094595887,0.027298665175563102,0.02743626424508808,0.026889286172035936,0.027425565444468267,0.025299055845869226,0.029272971990209326,0.028066932678658146,0.02772282837603487,0.028178710907750513,0.028397736595216553,0.029676506077126005,0.029138546629026246,0.028098614138464914,0.02780543690694856,0.02857265750293407
40,2018-05-01,0.025938347474947287,0.025843666704346815,0.02549341117105039,0.02546902531913707,0.028836592424715538,0.02641828497342562,0.02696421594165147,0.030268407798003244,0.029409163844084096,0.02808670454729412,0.02703191200939871,0.027205744210566294,0.02662814794150419,0.02716731664046353,0.02514727270681655,0.028901114652027896,0.027749573390179205,0.027430397486365138,0.027899261046599306,0.028130319109471363,0.029235634651501734,0.028877178642727066,0.027860268752465157,0.02754991914322855,0.028026875559592476
41,2018-06-01,0.02602573813854199,0.02597750808997293,0.025619672773586757,0.02561164295454671,0.028921442071386198,0.026621340068030075,0.027203240329692336,0.03049265524738824,0.0295435030849171,0.028238883434368395,0.02712425968190318,0.027306966043126102,0.026795654951065798,0.027298794459199086,0.02528978000026846,0.028931871470160995,0.02780584116266249,0.027540809821575668,0.02802526818774982,0.028347893511028715,0.029215803997014147,0.028932148978136268,0.028034821905473007,0.02762031696361741,0.02799844245168469
42,2018-07-01,0.025990285819020815,0.02608620733668598,0.025672138499615447,0.02569507786336793,0.02899088069167902,0.026664086271221066,0.02726829540530248,0.030542571274047747,0.02962453399609444,0.02837825143000292,0.027110230879346987,0.027244328787579337,0.026842989404556376,0.02736783623900592,0.02539993575958416,0.02888933440256616,0.0278294346580201,0.027491873704586334,0.028007680459674708,0.02838012956444046,0.029072674709331395,0.028839775527891968,0.028144246626055937,0.02762369482676792,0.027944532360900883
43,2018-08-01,0.02600424141624549,0.026409795596725686,0.025906812675186467,0.026068051334008777,0.029390171369094085,0.0270702331826816,0.027751059033850223,0.03087503087503088,0.029940654940654943,0.02877461257039503,0.02744518465170248,0.027539031097361517,0.02723311546840959,0.02778008797220374,0.025849869795549194,0.029227431398573478,0.028048989379924633,0.02776990993465399,0.028269644233499657,0.028544189728400254,0.02909556636222083,0.029020707900018247,0.02855241727247448,0.02769567834058831,0.028188113347475896
44,2018-09-01,0.025975322107360505,0.02627761244458324,0.02593183706523911,0.026029952312286553,0.029431367022489576,0.02716769617936399,0.027977867529018794,0.03041912031581522,0.029534528014771178,0.028305680309335193,0.027452834685093453,0.02726716440641025,0.02715041261964504,0.027840183251839123,0.026026225947585552,0.02934926816071351,0.028086856017005682,0.027804184648206012,0.02808531636665249,0.028088150653328956,0.028778932913932007,0.02869157453981404,0.028520371123822292,0.027622653436857547,0.02793653310455578
45,2018-10-01,0.02560985352582903,0.02579899025204257,0.025623149025426506,0.025518302027234114,0.028803263449116902,0.026676009269013354,0.027559420799968707,0.029555720089890308,0.028754545451958564,0.02764572288647298,0.02686886918459278,0.026615256251287463,0.026590116321496854,0.027364908267336372,0.02565472930395812,0.02873168093429036,0.02743279070426244,0.02717368688255807,0.027529087416686634,0.02757595177260105,0.028236791596127093,0.028103197200547717,0.02792036782621049,0.027018073885620397,0.02759994674736319
46,2018-11-01,0.02576957200231307,0.025961659038184214,0.025855526469789118,0.025690616106432158,0.028930684316409494,0.0268547166526031,0.027716186252771616,0.02966842813250449,0.02879581710733074,0.027795748160719645,0.026985244385550815,0.02674017881911103,0.026731634025934595,0.027562355354581413,0.02575222304989908,0.02882029789290141,0.02752008862094783,0.0272697637874254,0.027765616800110016,0.027773948088915635,0.02832659090527588,0.028277911534480147,0.027987455034860845,0.027218879027795507,0.027706752561058628
47,2018-12-01,0.026448995101032723,0.026728475004337074,0.0265538688993714,0.02629362506270018,0.02956864564007421,0.027589124778543767,0.028416168737097378,0.03041077497747882,0.029554814543538744,0.02857011263964812,0.027632050174873125,0.027458569059328312,0.027432824835537366,0.028261817369182336,0.02641328072362555,0.02947883574567911,0.028193181104430396,0.02798413993501381,0.028508629697690333,0.028598969607101534,0.029005181073768076,0.029025891094856607,0.028767360890772867,0.027953640529705438,0.028278385785520957
48,2019-01-01,0.02700424575424575,0.027311158426382116,0.027132401283985,0.02663664882766006,0.029947937972826296,0.0281873923178271,0.029030405868641165,0.031077809385091127,0.030091164116277474,0.02913418920984258,0.028013624783716343,0.02808382847714214,0.02804830487992442,0.02883556572015651,0.02697496671585253,0.029962028592827563,0.028789232170379712,0.028502838754637314,0.029122458001768343,0.029224841938883032,0.02960185234002917,0.02964324469317337,0.02941278244921969,0.028533671303279145,0.028609460774094916
49,2019-02-01,0.027361070471989015,0.02762600527963657,0.02732625292278221,0.026896034868700014,0.030068942718260123,0.028494050233180666,0.029383309797748305,0.031517464723571594,0.03041472706744673,0.029425717183626396,0.02811009944162118,0.02847655406710525,0.028354607403450593,0.029157959695731785,0.027306194474869174,0.03020586944556017,0.0291261561753365,0.02882538890769343,0.02945713290540877,0.029555302189047044,0.029977265796112998,0.030013949928398596,0.02975825344246397,0.028885201148611525,0.028852696535623366
50,2019-03-01,0.027733100631943966,0.028014943193742523,0.027627278981768144,0.027365277476957137,0.030359364795171498,0.02878515275007948,0.02973023090815274,0.03193216820677648,0.030814920844649974,0.029742230231463038,0.028457980783020215,0.02878919434173088,0.02874365876092612,0.029502006136417278,0.02763521190023251,0.030456129057758657,0.029511545958914375,0.029172616035280503,0.029765955837870537,0.029888046438210913,0.030368137892808945,0.03039081494259339,0.030131312593223953,0.029243956189195563,0.029139477250035656
51,2019-04-01,0.02829148520842606,0.02863900372546493,0.028191676396537284,0.028002649871842897,0.030893789283051032,0.02935134847975067,0.030282094533969784,0.032566559079187804,0.031435355492528835,0.030313815396182695,0.02902478551873793,0.0292503388041756,0.029331824633838058,0.03011529857167441,0.02820033300680316,0.030951373233252425,0.03006821583011229,0.029701399470909228,0.030373714851286954,0.030530931433123933,0.030921958354844264,0.031003966848254492,0.03069647100025059,0.029811382714529072,0.029709123705270932
52,2019-05-01,0.0287742750583992,0.029124743288565815,0.02867499652424284,0.028539214719740604,0.03133515887504299,0.029849866159171994,0.030798853826358344,0.03312549476317227,0.03197179500605322,0.030831116000213116,0.029550654901672316,0.02966660793202044,0.029814065650243124,0.03062921151658353,0.02868156735845509,0.03136597734630671,0.030552144661341003,0.030162761547525705,0.030898339744935385,0.03101808689531876,0.03141056895323107,0.03153728159392081,0.031204948575165925,0.030305199074964553,0.03021899886234358
53,2019-06-01,0.030769571504054617,0.031114491060901476,0.030653653915546725,0.030549540439562095,0.033406743495284656,0.03190015652772019,0.03293454077052188,0.03542251812266232,0.03422461709617287,0.03296904010241768,0.031665214822824986,0.031657044208756396,0.031841403212304706,0.032753134942915964,0.030633748044576317,0.03351167132644061,0.03266032265902457,0.03218052206467218,0.03308665673225065,0.033091028357045076,0.03361175909900419,0.03371567605144247,0.0333350554395184,0.03240927000913207,0.032314476885644774
54,2019-07-01,0.03189361143906599,0.032102736569093876,0.03162342378028652,0.03154840757299773,0.034569577335287184,0.03301103136629452,0.03413573805325006,0.036682332157652084,0.03543442784389859,0.034161402251336244,0.03280860284551835,0.03280271149155947,0.03300009076645791,0.03399378399378399,0.03176346497026179,0.03469064846982262,0.033861654554845695,0.03315213042746504,0.03438120820392288,0.034134352812670674,0.03471790407494922,0.034952838891195055,0.03454643285151759,0.03361924597496476,0.03349248042004418
55,2019-08-01,0.03402244081713331,0.03409389780669417,0.033639509889445744,0.033589363505603036,0.03663561754672452,0.03517245092406016,0.03639465389771387,0.03904776672874392,0.037752135347841574,0.036470591504366746,0.035045962406867213,0.035096109686217146,0.035227117263035325,0.03632179554201847,0.033951531598087004,0.03690316557679605,0.03606020686626802,0.035131576663130666,0.03683397445243195,0.036360746243906276,0.03688968711494455,0.03724158848812588,0.03682586388093031,0.035857868594159584,0.035710718551649874
56,2019-09-01,0.03338289276925684,0.033432850447235665,0.0329330438478121,0.03295460134769564,0.03585317831688056,0.03449489889693986,0.03562448806250607,0.03832375992751134,0.037109181004513804,0.03580516349583965,0.0344718494147211,0.03441096724214254,0.0345636338583709,0.03568579170203384,0.03332998738897639,0.03613835176262915,0.03533814589152708,0.034373102946438264,0.03622919058619244,0.03567935465345824,0.03607537504966656,0.03652881683797342,0.03608897742363878,0.035182167611354974,0.035058686360424786
57,2019-10-01,0.03339766269968907,0.033459955682177904,0.0329719387755102,0.03291139240506329,0.03578758066222363,0.034492753623188405,0.0356023237969966,0.038433446669185245,0.0372318339100346,0.03588691290469676,0.03454627133872417,0.03442534328035463,0.03460196638122423,0.035703656462585026,0.033313432835820896,0.036132154882154884,0.03534366576819407,0.0343701226309922,0.03640441683919945,0.035527341574785605,0.03596842339337336,0.03660315219948248,0.036085424922941436,0.035260991986138183,0.03506711409395973
58,2019-11-01,0.03389399237956053,0.034002889120361444,0.033434376588856916,0.033442606799138345,0.036363441275563846,0.03506602002842604,0.036195106314777216,0.0391143646607098,0.03792605124951535,0.03658176629039043,0.03508436194303575,0.03501432904231851,0.03523912725646517,0.03618055780156754,0.033912524891085705,0.036728707825053344,0.035892495598842146,0.03497764560976107,0.03725243964894311,0.03605216921205568,0.036417473197997825,0.03714800566337257,0.03672532004927955,0.035895911762763355,0.03573249915762824
59,2019-12-01,0.03372112628561794,0.03387744890300378,0.0330720523503519,0.03314959991254148,0.03624022972620199,0.03484634641337605,0.036032111959828174,0.039002676513947926,0.03783978438356319,0.036516650814045974,0.03491918599175559,0.034961108508402075,0.035108886321824316,0.035929864903707955,0.03374812555107189,0.036505506762884575,0.03570523954262556,0.03478602954252733,0.037120929637194384,0.03581500432158253,0.03595293884281127,0.03679234086323536,0.03636941157786072,0.03562914254276806,0.03554818955182922
60,2020-01-01,0.03275637694484049,0.0329526632857482,0.032264731921985264,0.03238763160416753,0.03527556440903055,0.033824340771915824,0.03512561609899649,0.03797186503487051,0.03685395967711,0.035591330330850504,0.03396174268241554,0.03405438113242131,0.03419904342529631,0.03483085275764745,0.0328355469627836,0.035459536424747744,0.034708315474141056,0.03364762784944785,0.03608558412306051,0.034851307728081815,0.034884099185552596,0.03564464896093117,0.03529067171712864,0.034624418109585726,0.03458328020666131
61,2020-02-01,0.032511617925034465,0.03280218202698822,0.032220347583817345,0.032220321668686,0.03502612536880449,0.03353063758091691,0.0348881012311433,0.03758039771050924,0.03663213169047075,0.03539489293632006,0.03370973517162742,0.03378812959747061,0.033956951508481804,0.03447269483835954,0.03268008153403393,0.035227213490760294,0.03442673243921601,0.033433591188295926,0.03582728457100317,0.03446369209134829,0.034642983924134084,0.03526137494175576,0.03482028537531233,0.03419470632585387,0.0342425041220222
62,2020-03-01,0.03294213813274303,0.033327405501028376,0.03278218590762869,0.03270209293394777,0.03548053162358913,0.033684488568846455,0.03535470266998714,0.03797727554120594,0.037166852362761744,0.03588394572369851,0.03403990653734303,0.03418326606066573,0.03434589373530898,0.034921020430372963,0.03318389925099875,0.03566110584018554,0.03491246732122707,0.03372320820812512,0.03627168955662002,0.034603316264719665,0.035125242667937165,0.03549255416142057,0.034944558549125426,0.03448398653024915,0.03461908059787838
63,2020-04-01,0.031657759160286965,0.032112651663122646,0.031654536816701793,0.031502895573602745,0.03410307705131411,0.03228661696102612,0.033923053357841175,0.036349072576665226,0.035657854272049545,0.034471396124841756,0.03271958226413911,0.032791200054169634,0.03302197184906993,0.03353438030695508,0.03185779830414992,0.034207465647810464,0.033492908936346065,0.03234120468499666,0.03483727123525222,0.0330508983835106,0.03370883664019209,0.033957987264673306,0.033462853158101886,0.033036566897842255,0.03321663749270651
64,2020-05-01,0.03241151533076999,0.03297632607977436,0.0325920245398773,0.03234025623872367,0.034915055076345396,0.03303861999514174,0.034697210429428006,0.03715539102411123,0.03649436982770316,0.035266708227433316,0.03350869874231328,0.033592686476083176,0.0337767402613819,0.03434222665584342,0.03259443577066528,0.034974851992235344,0.03428557645425114,0.03310060037128671,0.035654860946042304,0.03385220810407842,0.03450655624568668,0.03468135565663956,0.03425823387063698,0.03379816598207403,0.03400690457428046
65,2020-06-01,0.03276184330677533,0.03335929697626484,0.03314815523807934,0.03275296307179939,0.03534123278711144,0.03333820304908705,0.035067844877409694,0.037229844232421004,0.03682212733618575,0.035506803756272215,0.03394099779641947,0.0339061162683521,0.03415562290467114,0.034724070558128435,0.032943666642599664,0.03530801989964543,0.03461286362601165,0.03350123946927637,0.035889926946889264,0.03412147310681313,0.034757646176102254,0.034833572536877806,0.03446793710790875,0.034103335088068884,0.03432687853907281
66,2020-07-01,0.03306414590376027,0.03374291253079132,0.03370809401604953,0.03299435313204676,0.035872500673588444,0.033521527890754764,0.03519724878246142,0.036759310543980996,0.03669948404046423,0.035387672221822354,0.03425792553123685,0.034203331162027874,0.03465831456397906,0.03491653071485005,0.0333926674117923,0.03570718686997757,0.034968068860197134,0.033790669825982826,0.03590933796198891,0.03407518710562076,0.03462937798623592,0.034807439993825726,0.0347819850831899,0.03425016816524009,0.0345283132168378
67,2020-08-01,0.03381732849710812,0.03447242810973076,0.03450592673600393,0.034032101055678644,0.03672440272835894,0.03436557982383451,0.03552976243309465,0.03673657362809317,0.03692907824303636,0.036116488686275726,0.034842065133039196,0.03481640309082448,0.035309603411343114,0.03575473841495065,0.034064764062961474,0.036369917693973165,0.03558937996203104,0.03455939594489394,0.036719812045368505,0.034529304375570606,0.03511931501891272,0.03519246510614827,0.035661638797480605,0.034825885554682134,0.03518651872636701
68,2020-09-01,0.03298900968882696,0.03382683271034337,0.03392787902287709,0.033677715129985124,0.03603148882601868,0.033891697082962274,0.034594936792771765,0.03595209717593155,0.03610051437147014,0.03530345167127954,0.034425793048063,0.033906017076228305,0.034660956230684506,0.03502528261779768,0.03362698246521577,0.03557217889543211,0.03483523019654755,0.03395989477122452,0.03623706183778046,0.03386053130324359,0.034274738949304766,0.034420155363132636,0.035084693064836935,0.03413953287849883,0.03455594979258093
69,2020-10-01,0.03263912920376254,0.0335878431853664,0.033757609297177645,0.033588510214858695,0.03579112404158099,0.03363266985073848,0.034162825749974625,0.03594465197490158,0.035806795352718974,0.03505569385950723,0.03421830820523223,0.03367778305346038,0.03457353864393894,0.03474412426857849,0.03345451849700138,0.03506393392188492,0.034758397004350565,0.03382932120216508,0.03607751154584339,0.03372840109560028,0.03396615238720502,0.034088664751021826,0.0348318754137933,0.033896633389936655,0.03451448668715268
70,2020-11-01,0.03176825129839471,0.03282814340400471,0.03336253949672605,0.03326868657298985,0.03466257781301386,0.03273508357694326,0.03303655799669265,0.03490306712962963,0.034690425315425315,0.033930234448912015,0.03350367604069223,0.032743836887370405,0.03387095227133211,0.03363391970356788,0.032617434381738426,0.03379322441019788,0.03351966118188252,0.0330306769227729,0.035204709924592556,0.03310622507859826,0.03326875724217845,0.03288839750520583,0.03387830691615167,0.03303389030218933,0.03364391171538094
71,2020-12-01,0.031685104891547064,0.03254926924598341,0.033498287019413785,0.03350909627903581,0.034149303324411864,0.03284627763070044,0.03264378264378265,0.03441148019461272,0.034393334753046984,0.0336060728502589,0.0332478415260824,0.032577688281995615,0.033682808462700546,0.03311948697215421,0.03248389836431526,0.03347942537131727,0.03306646163789021,0.03292788463891126,0.034965723741233946,0.033171078328704,0.03292755717171005,0.03285129839303907,0.033775599066724,0.03284286764525605,0.03333329535749129
72,2021-01-01,0.031181712690618035,0.0320117742457939,0.03320758162800501,0.033159430542046155,0.03343497276510471,0.03261118975049952,0.03209801338678665,0.03364276273909369,0.03368007802317324,0.03315243890440072,0.032739782954445164,0.03207495926127105,0.03299449201570436,0.03254727531302356,0.03184074664483301,0.0329834754200714,0.03249375714027642,0.032247448745674825,0.03444748932569345,0.0328364248278697,0.032283184527472274,0.03237831166590754,0.03321312668019347,0.03234154945181561,0.03245204633097547
73,2021-02-01,0.030909332942597224,0.03151797389804439,0.03269243218747977,0.032748600613560885,0.03284080335569463,0.03218522235567036,0.03165030963400125,0.03301343267867352,0.03309243983745772,0.032622290854077224,0.0324001711232339,0.03197125275876258,0.03234076745296955,0.03200986512692173,0.031384931428680124,0.03250616404631187,0.032077298213782496,0.03160939732508842,0.033884985795218224,0.03232618583495777,0.03187386770000215,0.031855249745158,0.03271062342545277,0.032010376494742386,0.03162132791762421
74,2021-03-01,0.030166642268696905,0.030635428465446552,0.03157022472211234,0.03175527557625086,0.03170843334777761,0.031295126988906886,0.03066956843732492,0.031933986468950695,0.03177548694162258,0.031648735352439054,0.031362525875256335,0.03137350920276136,0.03137035954305906,0.031256840112131694,0.030518424805375685,0.03142596605648639,0.031176086497126266,0.03063925582085389,0.032966749869137994,0.031255807666965146,0.030914311916950443,0.03085629922618392,0.03165533802518594,0.03118090708531401,0.030619077714148138
75,2021-04-01,0.030141336007257796,0.030576593076593078,0.03125676647877682,0.031638405498587874,0.031308578550522846,0.03124355802927231,0.030720922182975757,0.03176953913080754,0.03140661985427328,0.03161430547322663,0.03120520783564262,0.03130922097852954,0.03131404585362583,0.031064139975031064,0.030328253535344588,0.031126793211589326,0.03102985462412144,0.030400641647585408,0.0327385108124575,0.031097686073216252,0.0309570668852106,0.030798185160601264,0.03166209000227077,0.031097374847374848,0.030840663493724718
76,2021-05-01,0.030841707594538928,0.031296242491867944,0.031553980375149344,0.03195949435021601,0.031567989255638064,0.03166646507997918,0.03113615309991677,0.03214872971230741,0.031686831626963737,0.03203740933858121,0.031655593573532634,0.03168924517008728,0.03174942239962931,0.03149798751907027,0.030740685737671896,0.03146370650165819,0.03140004678423584,0.030812631263006564,0.03312849303290089,0.03135810530522732,0.031212460644142986,0.031225287679129677,0.032027245334344014,0.03151984695244483,0.031212510951406983
77,2021-06-01,0.030729395184343127,0.03145865306206403,0.031161368096220842,0.031357383239909505,0.030923215302583216,0.03104622871046228,0.030512692487537352,0.03123070777499364,0.031072668549089442,0.03126816923160061,0.03091632985461784,0.031127522083747878,0.030962054506120138,0.030908675125311483,0.030211514556501107,0.030832013800383626,0.030627169527173665,0.030429725688098208,0.03227430315922801,0.03063920980970335,0.030567515818324956,0.030306766620635226,0.031398649035881555,0.030923757996937255,0.03046164681777436
78,2021-07-01,0.030080792536308548,0.0306863225261888,0.030441787820896047,0.030563988089598357,0.03016286386878811,0.030061489197047094,0.029695542377927906,0.030266065655494837,0.03030391028169054,0.030470199330845615,0.030116802582797,0.03020271669804875,0.030132925764793043,0.030010782594208873,0.02982022463474331,0.03012844165166441,0.02986928612643153,0.029694786939321757,0.031076685374376644,0.02984279989912293,0.02970290217448074,0.02941905849535534,0.030446086801699596,0.02994406392800718,0.029763858493232213
79,2021-08-01,0.02940782185452317,0.02966608882284959,0.02963944063660807,0.02962512685243286,0.02932138995095199,0.02910320368066117,0.028947314795407436,0.029293684959634147,0.0292519065430569,0.02944875602267542,0.029350005001885324,0.029426729661088485,0.029115841908505802,0.02931205445677226,0.029135030541215134,0.029239514829327167,0.029237981179169963,0.029042773149104483,0.029908160998865656,0.029013274744539016,0.028844781565568897,0.028807099416026483,0.029525207687920964,0.02909110535405873,0.0290725451974162
80,2021-09-01,0.02796378718348812,0.028205679514122495,0.028250112254002962,0.028094029586423968,0.027972191035825433,0.027647799823144543,0.027523756245885236,0.02771388817900446,0.027770014319823417,0.027902893393933276,0.02798652432391142,0.027986934029964022,0.027572759203664893,0.027940528047642844,0.027723653370761225,0.02773236969442641,0.027874665967482646,0.02777038869111291,0.028021714955853077,0.02771388817900446,0.027467422139292166,0.02748501164700042,0.027921073918192665,0.02776098153470104,0.027827082434239172
81,2021-10-01,0.02568719487422866,0.025891954088450294,0.025915950082134837,0.025718200720655022,0.02569346127628336,0.025510416147106255,0.025347835493782857,0.025406741307237152,0.025536610160234664,0.025614170308074502,0.025684741820684948,0.02571756999550444,0.025446238240792646,0.025659715570424433,0.0253343112585992,0.025510770124675747,0.025601220778090638,0.025504143549897284,0.02562124152019977,0.025478114876159905,0.02523756440938253,0.025321647380055285,0.025698549208928233,0.025497885880903595,0.02564010874826518
82,2021-11-01,0.02375130242876532,0.023934633849302684,0.023919476796762096,0.023794300922960605,0.02373208422166545,0.02369872334347165,0.023641413759407866,0.023631907762721335,0.023698800963620984,0.023713011096408183,0.02377979141603348,0.02378938363939034,0.023674933295339002,0.023736916290036474,0.023712999543815255,0.02377992179387778,0.02378470071706787,0.023689269975901855,0.023727330514964923,0.023674772013809662,0.023464065802775477,0.02364607345141645,0.02378960502068474,0.023646571456400516,0.02374647029368189
83,2021-12-01,0.022945331065388496,0.02298565243526908,0.023025988250522753,0.022985601901799713,0.022928101978495753,0.02293959764256118,0.02291663651319757,0.022916606314430325,0.022899420325406043,0.022928094781110284,0.022956841138659322,0.02297408895318874,0.022910800845576024,0.022962587531935585,0.022939619202321248,0.02300861051231202,0.022951097620736216,0.022956841138659322,0.02294532240251348,0.022951087544388977,0.022801649673776046,0.022905110650364897,0.022951084658935483,0.02288793616275539,0.022985573105040624
84,2022-01-01,0.02165043425358504,0.021645021645021644,0.021628795991614585,0.021639609036458247,0.02165583874729302,0.021650432900432903,0.02163420454275027,0.021645021645021644,0.021650430196157335,0.021623382033279556,0.02163961038961039,0.021645021645021644,0.021628795991614585,0.02163961038961039,0.02163961038961039,0.021645021645021644,0.021645021645021644,0.021655846862148442,0.021666666666666664,0.02165583874729302,0.02165042884503289,0.021655844155844154,0.02166125135382821,0.021645021645021644,0.02165043425358504
85,2022-02-01,0.021450876421522366,0.021450856361505854,0.02135980127188054,0.021429374704366913,0.021531303747798592,0.021445486955738318,0.021456207023217336,0.021493767451607887,0.021584944265356634,0.021499119437263767,0.02140780843364482,0.021499157013808463,0.021488377953727825,0.021477663230240553,0.021477663230240553,0.021488402061855667,0.021531357388316148,0.021483028622004293,0.021552722462697706,0.02146158713500833,0.021520522124189655,0.021515211592531183,0.02144555909985155,0.021488407433957534,0.021477663230240553
86,2022-03-01,0.021658191299659953,0.021631070330674643,0.021490695792880262,0.021603830197580203,0.021782667498959633,0.02162023186237846,0.021679709179709183,0.021728515625,0.021880201831044527,0.021782647209740946,0.021581792056334894,0.021712255883825738,0.021663590998313567,0.021695964897664472,0.02168512504510506,0.021744791666666666,0.021728515625,0.021690554446108613,0.02183120776559212,0.021620171116101133,0.021863783916742888,0.021712226036898322,0.021631210268103926,0.02170138888888889,0.02168511691521564
87,2022-04-01,0.02131981417518505,0.021213721883863362,0.021070381760721967,0.021218321717074832,0.02144748963611239,0.02120829989682449,0.021356850944865922,0.021463675213675214,0.021548692371635012,0.02148472043760002,0.02118032155579089,0.02136752136752137,0.02137283534945808,0.021362184823723287,0.0212929958819346,0.021420900136863166,0.02133549410591629,0.021351527713803164,0.021537653411253813,0.02123430739390839,0.02163375014110125,0.02134087192705302,0.021250758955676987,0.021410171110769913,0.021330184210863194
88,2022-05-01,0.021224651018161345,0.021190442461160697,0.021020150877407023,0.021171840303833133,0.021439953643343473,0.02114749936532115,0.021337678460583487,0.02155135558496903,0.02156324139597736,0.021546364710972127,0.021149223372781065,0.021393152140853064,0.021439737642520943,0.021422966033744478,0.021202406777996233,0.02145719321978315,0.02128653534997042,0.021337737884930236,0.021622351676018937,0.02120168388825105,0.021801163862445197,0.02129943127752329,0.0212660330412161,0.021431368542922328,0.021299539593435002
89,2022-06-01,0.020375390394090653,0.020439728067062967,0.02023009480814847,0.020442388680549227,0.020734950207349504,0.020413416187488046,0.020585931973057723,0.020864689774762597,0.02087854966138565,0.02079113578770256,0.02041505228487251,0.020714705811995845,0.0207090788601723,0.020699077389035658,0.020418400093155133,0.020730301258354063,0.020483248524055593,0.02060145175183026,0.020908713264573723,0.0205042216380447,0.021107832330468354,0.020565489384759373,0.020535499912506663,0.020714356723200322,0.020575929680226326
90,2022-07-01,0.01977335276403259,0.01983074880593263,0.019588646310240015,0.01985746916181428,0.020206981869594142,0.019790404183867995,0.019992107012296444,0.020272977982511934,0.020361345275728842,0.02021126446449508,0.019850947855091502,0.020142337850671186,0.02004697458819634,0.020111939821560957,0.019814741061042834,0.020132437407243218,0.019867527217265892,0.020017127975906223,0.020330888446875514,0.019947527858920264,0.020488000989609102,0.01999214679742568,0.019943239232032332,0.020116890562518367,0.020012183142917087
91,2022-08-01,0.018869769114923128,0.01889800559017499,0.018712275765567304,0.018962075848303395,0.01935624217745852,0.018900553661727628,0.019118888545092694,0.019426743495334575,0.01954828391610001,0.019309461064523085,0.0189949362279763,0.019226164161508987,0.019138064201927502,0.019237355251610695,0.018934155538930075,0.01924166687811356,0.01895122090695946,0.019138045291469574,0.01944347074353329,0.019107537357465315,0.019592907140231406,0.019118926592480653,0.019066457309488364,0.01921438748887437,0.019141862938323543
92,2022-09-01,0.017075391553470886,0.017107399675249362,0.01696870853554044,0.017158636867115877,0.01756631853311277,0.017162256201922174,0.017379992971607233,0.017773768975351042,0.01797471450780389,0.017570866462340278,0.017227023626102282,0.017484808796998513,0.017351254626521016,0.0174205289027836,0.017191469736836686,0.01746146646011314,0.017189280917008255,0.01735697712409252,0.017699413195037424,0.017287282422981793,0.0177879202044353,0.017356829316020502,0.017317183456317404,0.017408934540785074,0.017408911467509412
93,2022-10-01,0.016860725215577136,0.01690864575945566,0.016877836676001737,0.01694217053768107,0.01735908372602178,0.0169839518453883,0.01732021855381954,0.017758074061188397,0.018072015210952433,0.01744867542729651,0.01698141337979776,0.017398074988094203,0.017168363637667928,0.017171153848821705,0.017091132869087925,0.017320457262861425,0.017009214205399168,0.01717514770281795,0.017543632069550195,0.017139308972039902,0.01771932099892362,0.017146533187928505,0.017186141732110558,0.01721597676058946,0.017282163204429542
94,2022-11-01,0.016803982891613924,0.016880941152247916,0.017088114837763218,0.017072542552213223,0.017472682029644058,0.017028041995425024,0.01769166651598614,0.018105125061024893,0.018351274956903568,0.01757193409970562,0.016979070539217794,0.017448547773430242,0.017314360560853805,0.01731820514656099,0.01727235942776217,0.017482629901968662,0.017032713064961784,0.017207755980694617,0.01746877769850468,0.017253138697456715,0.01798685600347946,0.017142802990884946,0.017435648287504244,0.0173301005307041,0.01741681343258434
95,2022-12-01,0.016758041255154336,0.016722576322700976,0.01699005927077575,0.017127972359752643,0.017572390578130228,0.017031284408347284,0.01798941915017545,0.01852595532368066,0.018742661660892633,0.017919639423429567,0.017035890987156365,0.017542178242222397,0.01743395340920546,0.01737505341374076,0.0174640817153336,0.017687599948167116,0.017026160842912384,0.017204573877742,0.01746115137043863,0.017297317513300235,0.018213700584522922,0.01704342037312138,0.017534703373258083,0.017234250467627013,0.017402884754962985
96,2023-01-01,0.016460905349794237,0.01657253321545171,0.016528649410028507,0.016792392295571393,0.017609873510425877,0.016784402614019235,0.017957420319189187,0.01870953852047621,0.018922852983988356,0.017775788185404092,0.017015605007404355,0.0176425003530456,0.01739801527742878,0.017280347685310397,0.017310788614021657,0.017829900729108894,0.01688669547862363,0.017091890167987237,0.01730795278730057,0.01716667661559042,0.01801698966982191,0.01697084567140218,0.017382603188422885,0.017056365138837376,0.017231976986948422
97,2023-02-01,0.01616325403143366,0.016323801793927287,0.015920190844002726,0.016424806873149955,0.017480514917785423,0.0165779367600499,0.017859194164441,0.01871178386147001,0.018858147774840007,0.01755587545167599,0.01697311104007027,0.017559076180362346,0.017416925215145092,0.017021967843169786,0.017120700528155137,0.017940496836484073,0.01677300695865239,0.016906528338598497,0.017136967037382326,0.01695051898458126,0.017678571701157535,0.0169723158083482,0.01721814456776863,0.016824159493032,0.016721276117313954
98,2023-03-01,0.016531324692558833,0.016731824016804762,0.016153751596044187,0.016875183368959303,0.017929012267717464,0.017151721726970808,0.018345992562702744,0.01937361157570611,0.01943835779317842,0.01808440077933922,0.0176127342350374,0.01807803492495672,0.017978551110672647,0.017595890081332114,0.017711929420790178,0.018671754956044232,0.017461319544652878,0.017435145700071073,0.01777207316170118,0.01741576661661904,0.018193827308754653,0.017508738874978308,0.01784827663527452,0.01730800603613524,0.017155614307428606
99,2023-04-01,0.01697130503144654,0.017201778850145795,0.016674942072161535,0.017509906011343217,0.018643369156726465,0.017745873681408272,0.019020587722140523,0.019912620521093553,0.020016709601058273,0.01878987344854455,0.01834530700200098,0.01866062108905173,0.01862192587699379,0.018228891582789657,0.018204196308897823,0.019445294271753674,0.018122873079478866,0.018147539870479294,0.018460650537412436,0.018048705925154875,0.01883778407378383,0.01823317991864162,0.01860306729896075,0.017963643895741965,0.017816205770800324
100,2023-05-01,0.017154390471250485,0.0173612490301533,0.01677200722774165,0.017671764253634693,0.018819783356264105,0.017801668352475396,0.019192005541681004,0.019944753489236498,0.020177341634555365,0.01896423493614668,0.018523417206564842,0.01873037417659067,0.01875738795401068,0.018284598499982565,0.018236382006204286,0.019642904801302413,0.01829284000584825,0.01828540185329898,0.01868427078035233,0.018164835974508995,0.018939230421406553,0.018505344151404646,0.01878758690271894,0.018184507495671392,0.017979242787934245
101,2023-06-01,0.01694069063712456,0.017178858571926883,0.016577200128877843,0.01750523375721585,0.0186318724976834,0.017606679330093036,0.019005178314693946,0.019664084484315777,0.020100108849820233,0.018766619591078542,0.018344862125427464,0.018502309944807577,0.018574280934650047,0.0180489506095527,0.01803150348307032,0.019479066540623702,0.01808315197182675,0.018073820689842823,0.01857938232428236,0.01797330545971897,0.018738435977797077,0.018336442028140755,0.01857630676317445,0.017983464941810762,0.01782766932072042
102,2023-07-01,0.016766512457570295,0.017068769127314146,0.01652194792340658,0.01740497488436998,0.018542205283957638,0.017511695578884472,0.01890425634801608,0.01954351610382071,0.019821472784854566,0.018672293789116216,0.018268528133533326,0.01842758631508169,0.018510020044913287,0.0179636161853697,0.017956040152301834,0.01942630440688251,0.01801669385911734,0.01805552739878768,0.018640119797546043,0.017852053023733824,0.018670824818432505,0.018241904624534937,0.018488205820173558,0.01789721354950021,0.017868382307727918
103,2023-08-01,0.016630459948473165,0.016911076922020395,0.01639239706640978,0.017274520067172984,0.01854295274057515,0.017503318024785487,0.018782909897866403,0.01941461158817104,0.019536705594763518,0.018566498472827844,0.018156405365544828,0.018331838191270457,0.01843322594578722,0.017840346146610647,0.01783039407405289,0.019269133860925183,0.01796289821907214,0.017945609968984807,0.018605160018430027,0.017665495927012664,0.018514549549212774,0.01812954600842875,0.01836182440478445,0.01793223815048061,0.017893737770380273
104,2023-09-01,0.01650030119983612,0.01680735153256705,0.01621861081874996,0.017129174979051764,0.01843397849599578,0.017418788159518677,0.01862963525579354,0.019270176009987924,0.01933452156503165,0.018466353677621283,0.018008220537960033,0.018164691743042808,0.018256631259228367,0.017677496655399014,0.01770876905644222,0.019102880176587806,0.017774455253163762,0.017827736660627907,0.018504795420691368,0.017482624256415894,0.018362719835017395,0.018077047277424308,0.018259751750849342,0.017895276010706156,0.01785489313002153
105,2023-10-01,0.01581539965944882,0.016066483994115574,0.015497377308977408,0.016436150870013752,0.01775430348548362,0.016704130603251075,0.01788591965448909,0.018415139068022387,0.018564757198793653,0.017648052518138193,0.017270799333605334,0.017335004177109443,0.017408913043130057,0.01688957354270489,0.01693744126607888,0.01829032785180564,0.017019022726322865,0.017131755563405158,0.017765804948769327,0.016667902040992808,0.017587719298245614,0.017385553858084792,0.017493494311304772,0.01710587572282662,0.017200752294643896
106,2023-11-01,0.016175355464441564,0.016450065278190276,0.015851657179581344,0.016833656539538888,0.018185550082101803,0.017059327716208692,0.018312079550110355,0.018821583728278038,0.019014178203534637,0.018046711794954196,0.017677075551312912,0.01771263246431295,0.017772323869405606,0.01723706974027141,0.017341140507839126,0.018726732819111896,0.017402105470287286,0.017578324583588798,0.018290480167568138,0.01703312383963069,0.018016963572759417,0.01782327440222177,0.017840923835474243,0.017461808761155488,0.017673181800283506
