날짜,변동률|누계,서울,종로구,중구,용산구,성동구,광진구,동대문구,중랑구,성북구,강북구,도봉구,노원구,은평구,서대문구,마포구,양천구,강서구,구로구,금천구,영등포구,동작구,관악구,서초구,강남구,송파구,강동구
2003년 1/4 분기,변동률,0.34,0.46,0.55,0.19,0.23,0.85,0.39,0.09,0.4,0.16,0.15,0.07,0.11,0.13,0.54,0.96,0.52,0.59,0.5,0.62,0.57,0.51,0.03,0.23,0.16,0.08
,누계,0.34,0.46,0.55,0.19,0.23,0.85,0.39,0.09,0.4,0.16,0.15,0.07,0.11,0.13,0.54,0.96,0.52,0.59,0.5,0.62,0.57,0.51,0.03,0.23,0.16,0.08
2003년 2/4 분기,변동률,0.48,0.15,0.07,0.28,0.79,1.54,1.05,0.21,0.16,0.15,0.06,0.75,0.14,0.14,0.22,0.52,0.56,0.56,0.16,0.61,0.14,0.22,0.57,0.71,0.83,0.2
,누계,0.82,0.61,0.62,0.47,1.02,2.4,1.44,0.3,0.56,0.31,0.21,0.82,0.25,0.27,0.76,1.49,1.08,1.15,0.66,1.23,0.71,0.73,0.6,0.94,0.99,0.28
2003년 3/4 분기,변동률,1.98,1.6,1.42,2.19,0.85,0.52,0.99,1.04,1.04,0.45,1.44,1,0.86,1.05,1.16,1.93,2.31,1.97,1.47,0.83,1.17,0.89,3.93,3.31,3.66,3.02
,누계,2.82,2.22,2.05,2.67,1.88,2.93,2.44,1.34,1.61,0.76,1.65,1.83,1.11,1.32,1.93,3.45,3.42,3.14,2.14,2.07,1.89,1.63,4.55,4.28,4.69,3.31
2003년 4/4 분기,변동률,2.34,2.08,2.53,2.32,2.45,2.33,2.59,2.38,2.18,2.43,2.28,2.36,2.32,2.47,2.52,1.64,2.37,2.03,1.87,2.5,2.43,2.46,2.2,2.43,2.19,2.97
,누계,5.23,4.35,4.63,5.05,4.38,5.33,5.09,3.75,3.83,3.21,3.97,4.23,3.46,3.82,4.5,5.15,5.87,5.23,4.05,4.62,4.37,4.13,6.85,6.81,6.98,6.38
2004년 1/4 분기,변동률,2.1,2.12,2.06,3.93,2.09,2.02,2.01,2,1.76,2.03,2.01,1.89,2.62,2.11,2.29,1.66,2.04,2.06,2.12,2.52,2.07,2.01,2.04,1.84,2.07,2.02
,누계,2.1,2.12,2.06,3.93,2.09,2.02,2.01,2,1.76,2.03,2.01,1.89,2.62,2.11,2.29,1.66,2.04,2.06,2.12,2.52,2.07,2.01,2.04,1.84,2.07,2.02
2004년 2/4 분기,변동률,0.95,0.82,0.32,1.83,1.52,0.87,0.9,1.04,0.59,0.99,0.62,0.89,1.31,1.23,1.09,0.68,0.99,1.44,1.15,1,0.99,1.02,1.36,0.91,0.62,0.53
,누계,3.07,2.95,2.39,5.84,3.64,2.91,2.92,3.07,2.36,3.04,2.64,2.8,3.96,3.36,3.4,2.36,3.05,3.54,3.3,3.55,3.08,3.04,3.43,2.76,2.7,2.57
2004년 3/4 분기,변동률,0.59,0.78,0.6,0.94,0.81,0.4,0.55,0.55,0.42,0.42,0.47,0.44,0.52,0.52,0.53,0.55,0.29,0.89,0.54,0.54,0.58,0.57,0.81,0.64,0.51,0.46
,누계,3.68,3.76,3,6.83,4.48,3.31,3.49,3.63,2.79,3.48,3.13,3.25,4.5,3.9,3.94,2.92,3.35,4.46,3.85,4.11,3.67,3.63,4.26,3.42,3.22,3.04
2004년 4/4 분기,변동률,0.39,0.37,1.04,0.72,0.44,0.26,0.29,0.21,0.26,0.17,0.22,0.2,0.42,0.48,0.32,0.31,0.16,0.54,0.23,0.35,0.39,0.3,0.57,0.43,0.31,0.18
,누계,4.09,4.14,4.07,7.6,4.94,3.58,3.79,3.86,3.06,3.65,3.36,3.45,4.94,4.4,4.28,3.24,3.51,5.02,4.09,4.47,4.07,3.94,4.86,3.86,3.54,3.22
2005년 01월,변동률,0.192,0.118,0.1,0.305,0.109,0.181,0.093,0.124,0.176,0.93,0.097,0.128,0.11,0.082,0.231,0.188,0.104,0.119,0.146,0.1,0.093,0.111,0.431,0.117,0.33,0.093
,누계,0.192,0.118,0.1,0.305,0.109,0.181,0.093,0.124,0.176,0.93,0.097,0.128,0.11,0.082,0.231,0.188,0.104,0.119,0.146,0.1,0.093,0.111,0.431,0.117,0.33,0.093
2005년 02월,변동률,0.14,0.132,0.097,0.152,0.12,0.092,0.052,0.132,0.149,0.376,0.081,0.124,0.131,0.151,0.216,0.096,0.102,0.16,0.133,0.284,0.124,0.1,0.072,0.192,0.112,0.107
,누계,0.332,0.25,0.197,0.457,0.229,0.273,0.145,0.256,0.325,1.31,0.178,0.252,0.241,0.233,0.447,0.284,0.206,0.279,0.279,0.384,0.217,0.211,0.503,0.309,0.442,0.2
2005년 03월,변동률,0.403,0.127,0.424,0.908,0.424,0.112,0.598,0.507,0.303,0.348,0.316,0.224,0.508,0.348,0.263,0.337,0.451,0.473,0.367,0.316,0.466,0.573,0.344,0.475,0.448,0.333
,누계,0.736,0.377,0.622,1.369,0.654,0.385,0.744,0.764,0.629,1.663,0.495,0.477,0.75,0.582,0.711,0.622,0.658,0.753,0.647,0.701,0.684,0.785,0.849,0.785,0.892,0.534
2005년 04월,변동률,0.725,0.87,0.745,0.906,0.848,0.802,0.768,0.685,0.728,0.2,0.689,0.317,0.745,0.785,0.952,0.444,0.775,1.037,0.759,0.335,0.902,0.692,0.36,0.923,0.829,0.686
,누계,1.466,1.25,1.372,2.287,1.508,1.19,1.518,1.454,1.362,1.866,1.187,0.796,1.501,1.372,1.67,1.069,1.438,1.798,1.411,1.038,1.592,1.482,1.212,1.715,1.728,1.224
2005년 05월,변동률,0.59,0.428,0.525,1.008,0.893,0.649,0.61,0.35,0.541,0.589,0.479,0.19,0.545,0.36,0.572,0.484,0.418,0.478,0.798,0.682,0.609,0.512,0.49,0.817,0.563,0.617
,누계,2.065,1.683,1.904,3.318,2.414,1.847,2.137,1.809,1.91,2.466,1.672,0.988,2.054,1.737,2.252,1.558,1.862,2.285,2.22,1.727,2.211,2.002,1.708,2.546,2.301,1.849
2005년 06월,변동률,1.312,0.945,1.084,0.942,1.823,0.732,1.223,1.011,1.162,1.697,0.63,0.448,1.67,1.045,1.586,1.152,1.034,0.404,0.687,0.671,1.368,2.111,1.804,1.846,1.548,1.066
,누계,3.404,2.644,3.009,4.291,4.281,2.593,3.386,2.838,3.094,4.205,2.313,1.44,3.758,2.8,3.874,2.728,2.915,2.698,2.922,2.41,3.609,4.155,3.543,4.439,3.885,2.935
2005년 07월,변동률,0.497,0.435,0.378,1.213,0.672,0.448,0.4,0.44,0.453,0.343,0.229,0.479,0.552,0.543,0.613,0.467,0.399,0.121,0.501,0.897,0.366,0.405,0.494,0.477,0.434,0.53
,누계,3.918,3.09,3.398,5.556,4.982,3.053,3.8,3.291,3.561,4.562,2.547,1.926,4.331,3.358,4.511,3.208,3.326,2.822,3.438,3.329,3.988,4.577,4.054,4.937,4.336,3.481
2005년 08월,변동률,0.697,0.405,0.318,1.779,1.092,0.363,1.267,0.495,0.366,0.186,0.159,0.437,0.643,1.666,0.561,0.341,0.648,0.981,0.66,0.793,0.435,0.498,0.491,0.471,1.605,0.651
,누계,4.642,3.508,3.727,7.434,6.128,3.427,5.115,3.802,3.94,4.756,2.71,2.371,5.002,5.08,5.097,3.56,3.996,3.831,4.121,4.148,4.44,5.098,4.565,5.431,6.011,4.155
2005년 09월,변동률,0.239,0.309,0.532,0.464,0.572,0.255,0.447,0.217,0.41,0.187,0.14,0.448,0.517,0.436,0.271,0.073,0.134,0.046,0.283,0.362,0.254,0.015,0.019,0.034,0.316,0.129
,누계,4.892,3.828,4.279,7.932,6.735,3.691,5.585,4.027,4.366,4.952,2.854,2.83,5.545,5.538,5.382,3.636,4.135,3.879,4.416,4.525,4.705,5.114,4.585,5.467,6.346,4.289
2005년 10월,변동률,0.523,0.48,0.376,0.805,0.933,0.556,0.701,0.509,0.746,0.353,0.525,0.5,0.716,0.614,0.559,0.55,0.377,0.502,0.531,0.519,0.9,0.436,0.762,0.352,0.252,0.38
,누계,5.441,4.326,4.671,8.801,7.731,4.268,6.325,4.556,5.145,5.323,3.394,3.344,6.301,6.186,5.971,4.206,4.528,4.4,4.97,5.067,5.647,5.572,5.382,5.838,6.614,4.685
2005년 11월,변동률,0.628,0.563,0.626,0.924,0.795,0.692,0.652,0.516,0.772,0.371,0.452,0.712,0.717,0.748,0.668,0.537,0.65,0.672,0.596,0.698,0.589,0.542,0.613,0.622,0.517,0.505
,누계,6.103,4.913,5.326,9.806,8.587,4.99,7.018,5.096,5.957,5.714,3.861,4.08,7.063,6.98,6.679,4.766,5.207,5.102,5.596,5.8,6.269,6.144,6.028,6.496,7.165,5.214
2005년 12월,변동률,0.434,0.578,0.311,0.392,0.393,0.468,0.315,0.472,0.613,0.219,0.329,0.42,0.608,0.407,0.496,0.438,0.831,0.376,0.446,0.39,0.496,0.674,0.551,0.223,0.42,0.416
,누계,6.564,5.519,5.654,10.236,9.014,5.481,7.355,5.592,6.607,5.945,4.203,4.517,7.714,7.415,7.208,5.225,6.081,5.497,6.067,6.213,6.796,6.859,6.612,6.734,7.615,5.652
2006년 01월,변동률,0.343,0.208,0.214,0.366,0.319,0.308,0.311,0.248,0.384,0.316,0.26,0.361,0.401,0.344,0.359,0.275,0.518,0.304,0.302,0.333,0.493,0.306,0.353,0.391,0.339,0.362
,누계,0.343,0.208,0.214,0.366,0.319,0.308,0.311,0.248,0.384,0.316,0.26,0.361,0.401,0.344,0.359,0.275,0.518,0.304,0.302,0.333,0.493,0.306,0.353,0.391,0.339,0.362
2006년 02월,변동률,0.561,0.502,0.563,0.569,0.6,0.458,0.433,0.492,0.451,0.497,0.41,0.529,0.565,0.532,0.54,0.579,0.491,0.518,0.5,0.534,0.623,0.474,0.596,0.722,0.563,0.538
,누계,0.906,0.712,0.778,0.938,0.921,0.768,0.745,0.742,0.837,0.815,0.671,0.892,0.968,0.878,0.901,0.855,1.012,0.824,0.803,0.869,1.119,0.781,0.951,1.116,0.904,0.901
2006년 03월,변동률,0.867,0.804,0.826,0.995,0.988,0.876,0.863,0.819,0.94,0.778,0.739,0.776,0.935,0.863,0.81,0.918,1.024,0.79,0.789,0.883,0.927,0.883,0.796,0.851,0.936,0.855
,누계,1.78,1.521,1.611,1.942,1.918,1.651,1.614,1.566,1.784,1.599,1.415,1.674,1.912,1.748,1.718,1.781,2.047,1.62,1.599,1.76,2.056,1.671,1.755,1.976,1.848,1.763
2006년 04월,변동률,0.779,0.716,0.754,0.941,0.887,0.766,0.691,0.751,0.908,0.765,0.684,0.81,0.848,0.765,0.811,0.83,0.782,0.652,0.697,0.74,0.755,0.786,0.764,0.821,0.73,0.713
,누계,2.573,2.248,2.378,2.901,2.822,2.429,2.317,2.329,2.708,2.376,2.108,2.498,2.777,2.527,2.543,2.626,2.844,2.283,2.307,2.513,2.827,2.471,2.533,2.814,2.592,2.489
2006년 05월,변동률,0.837,0.802,0.708,0.978,1.004,0.758,0.798,0.774,0.879,0.685,0.639,0.738,0.79,0.844,0.897,1.037,0.942,0.77,0.599,0.985,0.934,0.736,0.864,0.838,0.812,0.809
,누계,3.432,3.068,3.103,3.907,3.854,3.205,3.134,3.121,3.61,3.077,2.761,3.255,3.589,3.392,3.462,3.69,3.813,3.07,2.92,3.523,3.788,3.225,3.419,3.675,3.424,3.318
2006년 06월,변동률,0.736,0.706,0.712,0.896,0.912,0.729,0.708,0.669,0.822,0.682,0.592,0.649,0.715,0.713,0.737,0.842,0.768,0.702,0.547,0.799,0.842,0.655,0.756,0.722,0.709,0.672
,누계,4.193,3.796,3.837,4.838,4.8,3.958,3.864,3.81,4.462,3.78,3.369,3.925,4.33,4.129,4.225,4.564,4.611,3.793,3.483,4.351,4.661,3.9,4.2,4.424,4.157,4.013
2006년 07월,변동률,0.686,0.707,0.587,0.887,0.739,0.661,0.628,0.618,0.673,0.682,0.514,0.632,0.627,0.646,0.719,0.739,0.678,0.636,0.528,0.644,0.766,0.604,0.634,0.746,0.793,0.628
,누계,4.908,4.529,4.447,5.768,5.575,4.645,4.516,4.451,5.165,4.488,3.901,4.582,4.984,4.801,4.974,5.336,5.32,4.453,4.029,5.023,5.463,4.528,4.861,5.204,4.984,4.666
2006년 08월,변동률,0.686,0.613,0.763,1.04,0.739,0.625,0.613,0.647,0.717,0.681,0.53,0.699,0.62,0.621,0.74,0.776,0.65,0.607,0.537,0.654,0.691,0.595,0.708,0.665,0.697,0.648
,누계,5.628,5.17,5.244,6.867,6.355,5.3,5.157,5.127,5.919,5.2,4.452,5.313,5.635,5.452,5.751,6.153,6.004,5.087,4.588,5.71,6.191,5.151,5.603,5.903,5.715,5.345
2006년 09월,변동률,0.8,0.777,0.814,1.054,1.057,0.873,0.858,0.833,0.935,0.647,0.505,0.64,0.809,0.808,0.938,0.833,0.805,0.723,0.659,0.841,0.809,0.805,0.737,0.756,0.763,0.788
,누계,6.473,5.987,6.1,7.994,7.48,6.219,6.059,6.003,6.909,5.88,4.98,5.987,6.489,6.304,6.744,7.038,6.857,5.848,5.277,6.599,7.051,5.997,6.382,6.705,6.521,6.175
2006년 10월,변동률,0.832,0.961,0.831,1.113,1.057,0.893,0.909,0.789,0.904,0.739,0.516,0.677,0.913,0.925,0.904,0.91,0.89,0.739,0.577,0.908,0.953,0.816,0.794,0.708,0.756,0.87
,누계,7.359,7.005,6.981,9.196,8.615,7.167,7.023,6.84,7.876,6.663,5.522,6.704,7.461,7.287,7.708,8.012,7.808,6.63,5.884,7.567,8.071,6.861,7.226,7.46,7.327,7.099
2006년 11월,변동률,0.865,0.919,0.831,1.166,1.105,0.914,0.809,0.696,0.829,0.931,0.414,0.742,0.864,0.905,0.912,0.905,0.839,0.746,0.606,0.896,1.223,0.807,0.821,0.802,0.923,0.914
,누계,8.288,7.989,7.87,10.468,9.815,8.146,7.89,7.583,8.77,7.656,5.959,7.495,8.39,8.258,8.691,8.99,8.712,7.425,6.526,8.531,9.393,7.723,8.107,8.322,8.318,8.077
2006년 12월,변동률,0.815,0.824,0.799,1.135,1.043,0.918,0.782,0.747,0.786,0.948,0.475,0.71,0.761,0.724,0.872,0.873,0.762,0.791,0.566,0.821,0.77,0.807,0.742,0.827,0.83,0.848
,누계,9.171,8.879,8.732,11.722,10.961,9.139,8.734,8.387,9.624,8.676,6.462,8.259,9.214,9.042,9.638,9.942,9.541,8.275,7.129,9.422,10.235,8.593,8.909,9.217,9.216,8.994
2007년 01월,변동률,0.517,0.512,0.642,0.797,0.785,0.622,0.605,0.391,0.627,0.499,0.343,0.486,0.497,0.54,0.579,0.59,0.569,0.524,0.41,0.543,0.728,0.524,0.326,0.372,0.545,0.459
,누계,0.517,0.512,0.642,0.797,0.785,0.622,0.605,0.391,0.627,0.499,0.343,0.486,0.497,0.54,0.579,0.59,0.569,0.524,0.41,0.543,0.728,0.524,0.326,0.372,0.545,0.459
2007년 02월,변동률,0.462,0.437,0.467,0.772,0.704,0.556,0.523,0.308,0.54,0.385,0.26,0.293,0.488,0.532,0.56,0.519,0.401,0.438,0.452,0.5,0.532,0.425,0.477,0.359,0.421,0.417
,누계,0.982,0.951,1.112,1.574,1.495,1.181,1.131,0.701,1.171,0.887,0.604,0.78,0.988,1.074,1.143,1.112,0.972,0.965,0.864,1.045,1.264,0.951,0.805,0.733,0.968,0.878
2007년 03월,변동률,0.402,0.415,0.451,0.735,0.673,0.525,0.408,0.309,0.439,0.356,0.264,0.319,0.391,0.47,0.466,0.514,0.388,0.408,0.389,0.459,0.414,0.409,0.318,0.29,0.358,0.325
,누계,1.387,1.37,1.568,2.321,2.178,1.712,1.544,1.012,1.615,1.245,0.87,1.102,1.383,1.549,1.614,1.631,1.364,1.377,1.257,1.509,1.683,1.364,1.126,1.025,1.33,1.206
2007년 04월,변동률,0.347,0.403,0.415,0.666,0.634,0.439,0.353,0.258,0.411,0.247,0.247,0.298,0.328,0.358,0.402,0.463,0.374,0.342,0.308,0.37,0.289,0.266,0.262,0.251,0.312,0.277
,누계,1.739,1.778,1.989,3.003,2.825,2.159,1.902,1.272,2.032,1.496,1.119,1.403,1.715,1.912,2.022,2.101,1.743,1.724,1.568,1.884,1.977,1.634,1.391,1.279,1.646,1.487
2007년 05월,변동률,0.342,0.432,0.37,0.679,0.664,0.446,0.355,0.261,0.342,0.242,0.258,0.261,0.303,0.354,0.34,0.414,0.332,0.37,0.253,0.302,0.282,0.263,0.342,0.257,0.304,0.298
,누계,2.087,2.218,2.366,3.702,3.508,2.614,2.263,1.536,2.381,1.741,1.379,1.669,2.023,2.274,2.369,2.524,2.081,2.1,1.825,2.192,2.264,1.901,1.738,1.539,1.955,1.789
2007년 06월,변동률,0.378,0.439,0.42,0.697,0.69,0.452,0.451,0.299,0.337,0.339,0.21,0.275,0.337,0.354,0.357,0.337,0.407,0.446,0.271,0.33,0.311,0.315,0.306,0.312,0.426,0.402
,누계,2.473,2.667,2.796,4.424,4.222,3.078,2.724,1.839,2.726,2.086,1.592,1.948,2.367,2.636,2.735,2.87,2.497,2.555,2.101,2.53,2.581,2.222,2.05,1.856,2.39,2.198
2007년 07월,변동률,0.405,0.491,0.372,0.69,0.677,0.399,0.505,0.388,0.422,0.405,0.295,0.346,0.344,0.41,0.397,0.366,0.364,0.407,0.302,0.344,0.356,0.314,0.368,0.371,0.407,0.399
,누계,2.888,3.171,3.178,5.145,4.928,3.489,3.243,2.234,3.16,2.5,1.891,2.301,2.719,3.057,3.144,3.246,2.87,2.973,2.409,2.882,2.947,2.542,2.425,2.234,2.807,2.606
2007년 08월,변동률,0.474,0.493,0.465,0.766,0.758,0.413,0.513,0.447,0.477,0.419,0.301,0.356,0.391,0.395,0.411,0.429,0.452,0.497,0.309,0.397,0.433,0.355,0.443,0.508,0.524,0.454
,누계,3.376,3.679,3.658,5.95,5.723,3.917,3.773,2.691,3.652,2.929,2.198,2.665,3.121,3.464,3.567,3.688,3.335,3.484,2.725,3.291,3.393,2.906,2.879,2.753,3.345,3.072
2007년 09월,변동률,0.515,0.523,0.499,1.048,0.916,0.527,0.515,0.456,0.594,0.441,0.317,0.349,0.376,0.416,0.508,0.516,0.488,0.441,0.312,0.387,0.51,0.399,0.391,0.622,0.414,0.452
,누계,3.908,4.222,4.175,7.06,6.692,4.464,4.307,3.16,4.268,3.383,2.521,3.023,3.509,3.894,4.093,4.224,3.839,3.94,3.045,3.691,3.92,3.317,3.281,3.392,3.773,3.538
2007년 10월,변동률,0.605,0.48,0.521,1.361,1.104,0.578,0.623,0.582,0.584,0.653,0.477,0.546,0.444,0.45,0.549,0.594,0.56,0.601,0.38,0.52,0.559,0.511,0.495,0.657,0.567,0.456
,누계,4.536,4.722,4.718,8.517,7.87,5.068,4.958,3.76,4.877,4.058,3.01,3.585,3.969,4.362,4.665,4.842,4.421,4.565,3.437,4.231,4.501,3.845,3.793,4.071,4.362,4.01
2007년 11월,변동률,0.656,0.521,0.532,1.565,1.199,0.559,0.61,0.493,0.593,0.597,0.487,0.571,0.491,0.571,0.502,0.58,0.56,0.597,0.421,0.617,0.556,0.52,0.743,0.704,0.586,0.511
,누계,5.222,5.268,5.275,10.215,9.163,5.655,5.597,4.271,5.499,4.679,3.511,4.176,4.48,4.958,5.191,5.451,5.005,5.189,3.872,4.874,5.082,4.386,4.564,4.804,4.974,4.542
2007년 12월,변동률,0.627,0.539,0.503,1.378,1.229,0.6,0.606,0.589,0.604,0.553,0.515,0.518,0.493,0.573,0.509,0.599,0.642,0.524,0.41,0.516,0.534,0.532,0.591,0.611,0.667,0.513
,누계,5.882,5.835,5.804,11.734,10.505,6.289,6.237,4.885,6.137,5.257,4.044,4.715,4.995,5.559,5.726,6.083,5.679,5.74,4.298,5.415,5.644,4.94,5.181,5.444,5.674,5.078
2008년 01월,변동률,0.532,0.531,0.475,1.179,1.011,0.458,0.591,0.58,0.618,0.6,0.284,0.566,0.494,0.543,0.505,0.499,0.548,0.381,0.4,0.493,0.507,0.418,0.432,0.475,0.503,0.455
,누계,0.532,0.531,0.475,1.179,1.011,0.458,0.591,0.58,0.618,0.6,0.284,0.566,0.494,0.543,0.505,0.499,0.548,0.381,0.4,0.493,0.507,0.418,0.432,0.475,0.503,0.455
2008년 02월,변동률,0.591,0.514,0.524,1.042,1.002,0.61,0.606,0.62,0.597,0.541,0.512,0.636,0.58,0.645,0.628,0.584,0.599,0.599,0.505,0.536,0.55,0.561,0.486,0.545,0.525,0.614
,누계,1.126,1.048,1.001,2.233,2.023,1.071,1.201,1.204,1.219,1.144,0.797,1.206,1.077,1.191,1.136,1.086,1.15,0.982,0.907,1.032,1.06,0.981,0.92,1.023,1.031,1.072
2008년 03월,변동률,0.703,0.672,0.653,1.104,1.048,0.712,0.756,0.762,0.797,0.699,0.83,1.229,0.626,0.718,0.735,0.712,0.812,0.677,0.64,0.615,0.606,0.617,0.575,0.604,0.608,0.621
,누계,1.837,1.727,1.661,3.362,3.092,1.791,1.966,1.975,2.026,1.851,1.634,2.45,1.71,1.918,1.879,1.806,1.971,1.666,1.553,1.653,1.672,1.604,1.5,1.633,1.645,1.7
2008년 04월,변동률,0.777,0.66,0.704,1.194,1.102,0.785,0.805,0.914,0.853,0.875,1.053,1.309,0.626,0.74,0.899,0.71,0.709,0.772,0.684,0.651,0.68,0.711,0.692,0.704,0.696,0.708
,누계,2.628,2.398,2.377,4.596,4.228,2.59,2.787,2.907,2.896,2.742,2.704,3.791,2.347,2.672,2.795,2.529,2.694,2.451,2.248,2.315,2.363,2.326,2.202,2.348,2.352,2.42
2008년 05월,변동률,0.715,0.66,0.69,1.099,1.1,0.737,0.753,0.78,0.853,0.745,0.72,0.848,0.681,0.736,0.768,0.718,0.706,0.748,0.657,0.621,0.659,0.699,0.679,0.655,0.598,0.554
,누계,3.362,3.074,3.083,5.745,5.374,3.346,3.561,3.71,3.774,3.507,3.443,4.671,3.044,3.428,3.584,3.265,3.419,3.217,2.92,2.95,3.038,3.041,2.896,3.018,2.964,2.987
2008년 06월,변동률,0.664,0.568,0.637,0.983,0.942,0.765,0.751,0.705,0.823,0.833,0.748,0.631,0.68,0.738,0.746,0.612,0.705,0.628,0.651,0.542,0.581,0.565,0.593,0.611,0.62,0.512
,누계,4.048,3.659,3.74,6.784,6.367,4.137,4.339,4.441,4.628,4.369,4.217,5.331,3.745,4.191,4.357,3.897,4.148,3.865,3.59,3.508,3.637,3.623,3.506,3.647,3.602,3.514
2008년 07월,변동률,0.597,0.559,0.6,0.863,0.813,0.703,0.697,0.677,0.748,0.536,0.5,0.538,0.67,0.699,0.7,0.606,0.601,0.655,0.68,0.653,0.544,0.499,0.508,0.504,0.503,0.528
,누계,4.669,4.238,4.362,7.706,7.232,4.869,5.066,5.148,5.411,4.928,4.738,5.898,4.44,4.919,5.087,4.527,4.774,4.545,4.294,4.184,4.201,4.14,4.032,4.169,4.123,4.061
2008년 08월,변동률,0.586,0.61,0.565,0.789,0.722,0.614,0.602,0.605,0.632,0.529,0.505,0.496,0.602,0.621,0.606,0.603,0.605,0.611,0.615,0.613,0.588,0.535,0.551,0.549,0.557,0.509
,누계,5.282,4.874,4.952,8.556,8.006,5.513,5.698,5.784,6.077,5.483,5.267,6.423,5.069,5.571,5.724,5.157,5.408,5.184,4.935,4.823,4.814,4.697,4.605,4.741,4.703,4.591
2008년 09월,변동률,0.398,0.404,0.5,0.599,0.592,0.387,0.427,0.483,0.437,0.307,0.484,0.303,0.33,0.44,0.316,0.389,0.535,0.443,0.544,0.393,0.301,0.416,0.3,0.392,0.302,0.323
,누계,5.701,5.298,5.477,9.206,8.645,5.921,6.149,6.295,6.541,5.807,5.777,6.745,5.416,6.036,6.058,5.566,5.972,5.65,5.506,5.235,5.129,5.133,4.919,5.152,5.019,4.929
2008년 10월,변동률,-0.242,-0.247,-0.219,-0.255,-0.144,-0.196,-0.301,-0.123,-0.204,-0.187,-0.042,-0.209,-0.117,-0.25,-0.26,-0.282,-0.206,-0.029,-0.011,-0.194,-0.307,-0.261,-0.298,-0.293,-0.309,-0.338
,누계,5.445,5.038,5.246,8.927,8.489,5.713,5.829,6.164,6.324,5.609,5.733,6.522,5.293,5.771,5.782,5.268,5.754,5.619,5.494,5.031,4.806,4.859,4.606,4.844,4.694,4.574
2008년 11월,변동률,-2.721,-2.419,-2.449,-3.472,-2.438,-2.517,-2.925,-2.79,-2.264,-1.928,-2.473,-2.622,-2.478,-2.674,-2.67,-2.732,-2.65,-2.522,-2.263,-2.312,-2.235,-2.405,-3.004,-3.024,-3.003,-2.702
,누계,2.576,2.497,2.668,5.145,5.844,3.052,2.733,3.202,3.917,3.573,3.118,3.729,2.684,2.943,2.958,2.392,2.951,2.955,3.107,2.603,2.464,2.337,1.464,1.674,1.55,1.748
2008년 12월,변동률,-3.487,-3.651,-3.296,-4.111,-4.284,-3.521,-2.896,-3.491,-4.691,-3.959,-3.329,-3.805,-2.941,-3.053,-3.099,-3.599,-3.131,-3.674,-3.391,-2.947,-3.024,-3.152,-3.455,-3.598,-3.39,-3.584
,누계,-1.001,-1.245,-0.716,0.822,1.31,-0.576,-0.242,-0.401,-0.958,-0.527,-0.315,-0.218,-0.336,-0.2,-0.233,-1.293,-0.272,-0.828,-0.389,-0.421,-0.634,-0.889,-2.042,-1.984,-1.893,-1.899
2009년 01월,변동률,-0.914,-1.005,-1.014,-1.021,-1.255,-1,-0.91,-0.896,-0.914,-0.995,-0.904,-0.946,-1.002,-0.883,-0.991,-0.945,-0.908,-0.712,-0.753,-0.941,-0.96,-0.901,-0.802,-0.895,-0.813,-0.817
,누계,-0.914,-1.005,-1.014,-1.021,-1.255,-1,-0.91,-0.896,-0.914,-0.995,-0.904,-0.946,-1.002,-0.883,-0.991,-0.945,-0.908,-0.712,-0.753,-0.941,-0.96,-0.901,-0.802,-0.895,-0.813,-0.817
2009년 02월,변동률,-0.437,-0.653,-0.67,-0.553,-0.565,-0.456,-0.515,-0.481,-0.54,-0.438,-0.473,-0.426,-0.476,-0.518,-0.529,-0.367,-0.537,-0.399,-0.448,-0.315,-0.494,-0.452,-0.307,-0.379,-0.288,-0.287
,누계,-1.347,-1.651,-1.677,-1.568,-1.812,-1.451,-1.42,-1.373,-1.449,-1.429,-1.372,-1.368,-1.474,-1.396,-1.516,-1.309,-1.441,-1.108,-1.198,-1.253,-1.449,-1.349,-1.107,-1.27,-1.099,-1.101
2009년 03월,변동률,-0.033,-0.118,-0.163,-0.101,-0.041,-0.101,-0.106,-0.084,-0.156,-0.109,-0.111,-0.098,-0.114,-0.145,-0.106,-0.125,-0.166,-0.143,-0.125,0,-0.106,-0.073,0.117,0.093,0.094,0.078
,누계,-1.38,-1.767,-1.837,-1.667,-1.853,-1.551,-1.525,-1.456,-1.602,-1.536,-1.482,-1.464,-1.586,-1.539,-1.62,-1.433,-1.604,-1.249,-1.321,-1.253,-1.554,-1.421,-0.991,-1.178,-1.006,-1.023
2009년 04월,변동률,0.209,0.078,0.041,0.27,0.296,0.187,0.108,0.183,0.127,0.057,0.176,0.12,0.127,0.108,0.244,0.205,0.059,0.238,0.017,0.156,0.106,0.087,0.307,0.324,0.301,0.336
,누계,-1.174,-1.69,-1.797,-1.401,-1.563,-1.367,-1.418,-1.275,-1.477,-1.48,-1.308,-1.346,-1.461,-1.433,-1.38,-1.231,-1.546,-1.014,-1.304,-1.1,-1.449,-1.335,-0.687,-0.858,-0.708,-0.691
2009년 05월,변동률,0.204,0.1,0.224,0.245,0.302,0.179,0.114,0.182,0.11,0.108,0.192,0.3,0.119,0.269,0.188,0.184,0.05,0.222,0.124,0.219,0.177,0.037,0.248,0.252,0.249,0.302
,누계,-0.972,-1.592,-1.577,-1.159,-1.265,-1.19,-1.306,-1.095,-1.369,-1.373,-1.119,-1.05,-1.344,-1.167,-1.195,-1.05,-1.497,-0.795,-1.182,-0.883,-1.275,-1.299,-0.441,-0.608,-0.461,-0.391
2009년 06월,변동률,0.263,0.208,0.239,0.265,0.356,0.21,0.216,0.266,0.153,0.198,0.196,0.356,0.185,0.297,0.202,0.294,0.281,0.263,0.212,0.218,0.241,0.215,0.28,0.303,0.302,0.319
,누계,-0.711,-1.387,-1.342,-0.898,-0.914,-0.983,-1.093,-0.832,-1.219,-1.178,-0.925,-0.699,-1.161,-0.874,-0.995,-0.759,-1.22,-0.533,-0.972,-0.667,-1.038,-1.087,-0.162,-0.307,-0.16,-0.073
2009년 07월,변동률,0.276,0.25,0.272,0.282,0.333,0.253,0.267,0.25,0.248,0.2,0.248,0.279,0.255,0.314,0.276,0.31,0.31,0.257,0.283,0.192,0.271,0.298,0.253,0.312,0.292,0.253
,누계,-0.437,-1.141,-1.074,-0.618,-0.584,-0.732,-0.829,-0.584,-0.973,-0.98,-0.679,-0.422,-0.909,-0.562,-0.722,-0.451,-0.914,-0.277,-0.692,-0.476,-0.77,-0.792,0.09,0.004,0.131,0.179
2009년 08월,변동률,0.631,0.602,0.597,0.685,0.803,0.66,0.706,0.503,0.579,0.722,0.707,0.616,0.542,0.518,0.728,0.537,0.606,0.503,0.508,0.455,0.541,0.503,0.554,0.734,0.702,0.722
,누계,0.191,-0.546,-0.483,0.062,0.214,-0.077,-0.129,-0.084,-0.4,-0.265,0.023,0.191,-0.372,-0.047,0.001,0.084,-0.314,0.224,-0.187,-0.023,-0.233,-0.293,0.644,0.738,0.835,0.903
2009년 09월,변동률,0.387,0.45,0.389,0.667,0.509,0.395,0.351,0.34,0.45,0.385,0.381,0.443,0.318,0.354,0.386,0.312,0.43,0.307,0.404,0.395,0.315,0.304,0.398,0.372,0.36,0.233
,누계,0.579,-0.098,-0.097,0.73,0.725,0.317,0.222,0.255,0.048,0.119,0.404,0.635,-0.055,0.307,0.387,0.396,0.114,0.531,0.217,0.372,0.081,0.01,1.044,1.112,1.198,1.139
2009년 10월,변동률,0.299,0.207,0.283,0.484,0.419,0.356,0.238,0.244,0.318,0.355,0.274,0.147,0.214,0.23,0.219,0.279,0.354,0.245,0.38,0.296,0.276,0.3,0.347,0.383,0.213,0.193
,누계,0.88,0.108,0.186,1.218,1.147,0.674,0.46,0.5,0.367,0.475,0.679,0.784,0.159,0.537,0.606,0.676,0.468,0.777,0.597,0.669,0.356,0.31,1.394,1.5,1.413,1.333
2009년 11월,변동률,0.242,0.334,0.203,0.406,0.4,0.357,0.253,0.269,0.357,0.307,0.194,0.179,0.209,0.205,0.21,0.256,0.339,0.182,0.351,0.192,0.384,0.313,0.218,0.126,0.225,0.173
,누계,1.125,0.443,0.389,1.628,1.552,1.033,0.714,0.77,0.725,0.783,0.875,0.964,0.368,0.742,0.818,0.933,0.809,0.96,0.951,0.862,0.741,0.624,1.615,1.627,1.641,1.508
2009년 12월,변동률,0.269,0.312,0.196,0.475,0.381,0.299,0.284,0.26,0.362,0.32,0.302,0.3,0.205,0.219,0.215,0.245,0.4,0.148,0.353,0.197,0.402,0.329,0.249,0.251,0.193,0.169
,누계,1.396,0.755,0.587,2.11,1.938,1.336,1,1.032,1.089,1.104,1.179,1.266,0.575,0.963,1.036,1.183,1.214,1.11,1.306,1.062,1.148,0.956,1.87,1.882,1.838,1.678
2010년 01월,변동률,0.247,0.251,0.195,0.398,0.391,0.298,0.249,0.286,0.271,0.28,0.195,0.249,0.258,0.249,0.239,0.244,0.25,0.201,0.31,0.173,0.336,0.267,0.253,0.206,0.231,0.163
,누계,0.247,0.251,0.195,0.398,0.391,0.298,0.249,0.286,0.271,0.28,0.195,0.249,0.258,0.249,0.239,0.244,0.25,0.201,0.31,0.173,0.336,0.267,0.253,0.206,0.231,0.163
2010년 02월,변동률,0.259,0.275,0.249,0.389,0.379,0.31,0.291,0.259,0.279,0.26,0.204,0.251,0.26,0.256,0.272,0.249,0.277,0.232,0.243,0.19,0.313,0.264,0.259,0.197,0.238,0.287
,누계,0.506,0.527,0.445,0.788,0.772,0.609,0.541,0.546,0.551,0.54,0.4,0.5,0.518,0.506,0.511,0.493,0.528,0.433,0.554,0.364,0.65,0.531,0.512,0.403,0.47,0.451
2010년 03월,변동률,0.21,0.179,0.229,0.33,0.321,0.271,0.199,0.197,0.19,0.256,0.174,0.19,0.222,0.238,0.169,0.22,0.205,0.176,0.263,0.127,0.272,0.25,0.203,0.183,0.204,0.183
,누계,0.717,0.708,0.674,1.121,1.095,0.882,0.741,0.743,0.743,0.797,0.575,0.692,0.742,0.745,0.681,0.715,0.734,0.61,0.819,0.491,0.924,0.782,0.716,0.587,0.675,0.635
2010년 04월,변동률,0.052,0.052,0.072,0.204,0.203,0.13,0.033,0.1,0.116,0.144,0.074,0.082,0.063,0.121,0.076,0.059,0.123,0.068,0.133,0.048,0.128,0.055,0.135,-0.134,-0.009,-0.016
,누계,0.769,0.76,0.747,1.327,1.301,1.012,0.774,0.844,0.859,0.942,0.649,0.774,0.805,0.867,0.757,0.774,0.858,0.678,0.953,0.539,1.053,0.838,0.852,0.452,0.665,0.619
2010년 05월,변동률,0.004,0.015,0.015,0.182,0.172,0.083,0.025,0.043,0.035,0.061,0.011,0.043,0.035,0.035,0.036,0.025,0.045,0,0.077,0,0.086,0.029,-0.03,-0.114,-0.063,-0.031
,누계,0.774,0.775,0.762,1.511,1.475,1.096,0.799,0.887,0.894,1.004,0.66,0.817,0.841,0.902,0.794,0.8,0.903,0.678,1.03,0.539,1.139,0.867,0.822,0.338,0.601,0.588
2010년 06월,변동률,-0.032,-0.012,-0.013,0.051,0.051,-0.003,-0.049,0.003,-0.055,-0.004,-0.039,-0.018,-0.001,-0.013,-0.038,-0.017,-0.005,-0.005,-0.016,-0.02,-0.005,-0.019,-0.038,-0.116,-0.037,-0.03
,누계,0.742,0.762,0.75,1.563,1.527,1.093,0.749,0.89,0.839,1,0.621,0.799,0.84,0.889,0.755,0.783,0.898,0.674,1.014,0.519,1.134,0.848,0.785,0.221,0.564,0.559
2010년 07월,변동률,-0.065,-0.029,-0.031,-0.008,-0.011,-0.05,-0.05,-0.006,-0.063,-0.077,-0.085,-0.064,-0.032,-0.048,-0.053,-0.05,-0.053,-0.032,-0.05,-0.066,-0.056,-0.048,-0.117,-0.107,-0.077,-0.085
,누계,0.676,0.733,0.719,1.555,1.516,1.043,0.698,0.884,0.776,0.922,0.536,0.735,0.808,0.84,0.702,0.732,0.844,0.641,0.964,0.453,1.078,0.799,0.667,0.114,0.487,0.473
2010년 08월,변동률,-0.053,-0.051,-0.032,-0.026,-0.03,-0.068,-0.034,-0.027,-0.084,-0.1,-0.081,-0.072,-0.044,-0.049,-0.051,-0.047,-0.04,-0.029,-0.038,-0.028,-0.057,-0.053,-0.109,-0.046,-0.057,-0.04
,누계,0.622,0.682,0.687,1.528,1.485,0.974,0.665,0.857,0.691,0.821,0.455,0.663,0.764,0.791,0.65,0.685,0.804,0.612,0.926,0.425,1.02,0.746,0.557,0.068,0.429,0.433
2010년 09월,변동률,-0.134,-0.158,-0.16,-0.197,-0.08,-0.088,-0.15,-0.142,-0.102,-0.086,-0.123,-0.141,-0.187,-0.089,-0.115,-0.114,-0.099,-0.108,-0.165,-0.107,-0.1,-0.188,-0.187,-0.084,-0.169,-0.162
,누계,0.488,0.522,0.526,1.328,1.404,0.885,0.513,0.714,0.589,0.734,0.331,0.521,0.575,0.701,0.535,0.57,0.705,0.503,0.759,0.318,0.919,0.556,0.369,-0.016,0.26,0.27
2010년 10월,변동률,-0.133,-0.156,-0.17,-0.288,-0.287,-0.128,-0.136,-0.15,-0.103,-0.075,-0.103,-0.106,-0.183,-0.16,-0.111,-0.075,-0.102,-0.152,-0.212,-0.098,-0.153,-0.144,-0.148,-0.09,-0.102,-0.103
,누계,0.354,0.365,0.355,1.037,1.113,0.756,0.377,0.563,0.485,0.659,0.228,0.415,0.391,0.54,0.424,0.495,0.602,0.35,0.545,0.22,0.765,0.412,0.221,-0.106,0.158,0.167
2010년 11월,변동률,0.02,0.032,0.001,-0.27,-0.214,-0.066,0.005,0.032,0.007,0.019,0.009,0.003,0.033,0.008,0.039,0.008,0.002,0.009,-0.061,0.07,0.082,0.014,0.008,0.018,0.176,0.195
,누계,0.374,0.397,0.356,0.764,0.897,0.689,0.382,0.595,0.492,0.678,0.237,0.417,0.424,0.548,0.463,0.502,0.604,0.359,0.483,0.29,0.847,0.425,0.228,-0.088,0.334,0.363
2010년 12월,변동률,0.153,0.099,0.099,0.051,-0.194,0.11,0.024,0.132,0.184,0.047,0.046,0.067,0.104,0.051,0.179,0.111,0.116,0.105,0.01,0.257,0.077,0.072,0.238,0.273,0.246,0.2
,누계,0.527,0.497,0.456,0.815,0.702,0.799,0.406,0.728,0.677,0.725,0.283,0.485,0.528,0.599,0.642,0.614,0.721,0.464,0.493,0.548,0.925,0.498,0.466,0.184,0.58,0.563
2011년 01월,변동률,0.122,0.106,0.111,0.091,0.097,0.051,0.061,0.081,0.105,0.056,0.072,0.048,0.122,0.063,0.136,0.07,0.108,0.083,0.079,0.118,0.057,0.063,0.181,0.185,0.169,0.146
,누계,0.122,0.106,0.111,0.091,0.097,0.051,0.061,0.081,0.105,0.056,0.072,0.048,0.122,0.063,0.136,0.07,0.108,0.083,0.079,0.118,0.057,0.063,0.181,0.185,0.169,0.146
2011년 02월,변동률,0.122,0.1,0.119,0.102,0.117,0.05,0.063,0.059,0.07,0.07,0.067,0.074,0.106,0.081,0.108,0.121,0.127,0.111,0.091,0.116,0.12,0.117,0.151,0.15,0.186,0.144
,누계,0.243,0.206,0.23,0.193,0.214,0.1,0.124,0.14,0.175,0.127,0.14,0.122,0.228,0.143,0.244,0.191,0.236,0.194,0.17,0.234,0.178,0.18,0.332,0.335,0.355,0.289
2011년 03월,변동률,0.154,0.135,0.153,0.195,0.203,0.103,0.117,0.105,0.087,0.118,0.126,0.146,0.163,0.174,0.136,0.198,0.158,0.153,0.155,0.163,0.091,0.16,0.165,0.156,0.191,0.145
,누계,0.398,0.341,0.383,0.388,0.418,0.203,0.24,0.246,0.263,0.245,0.266,0.268,0.391,0.318,0.381,0.389,0.394,0.347,0.325,0.397,0.269,0.34,0.498,0.491,0.546,0.435
2011년 04월,변동률,0.116,0.084,0.103,0.105,0.131,0.152,0.122,0.1,0.071,0.114,0.103,0.098,0.127,0.141,0.105,0.091,0.102,0.127,0.095,0.072,0.101,0.117,0.139,0.131,0.133,0.115
,누계,0.514,0.426,0.486,0.493,0.549,0.355,0.362,0.346,0.334,0.36,0.37,0.367,0.519,0.459,0.486,0.481,0.496,0.474,0.421,0.469,0.37,0.458,0.637,0.623,0.68,0.55
2011년 05월,변동률,0.088,0.066,0.094,0.076,0.083,0.114,0.099,0.092,0.06,0.097,0.054,0.058,0.083,0.11,0.077,0.079,0.1,0.089,0.057,0.057,0.095,0.076,0.114,0.103,0.094,0.05
,누계,0.602,0.492,0.581,0.569,0.632,0.469,0.461,0.439,0.394,0.457,0.424,0.425,0.602,0.569,0.564,0.56,0.597,0.563,0.477,0.526,0.466,0.534,0.752,0.727,0.774,0.6
2011년 06월,변동률,0.074,0.072,0.082,0.051,0.078,0.08,0.08,0.084,0.063,0.057,0.035,0.031,0.042,0.054,0.035,0.071,0.103,0.081,0.056,0.084,0.08,0.074,0.089,0.092,0.09,0.031
,누계,0.677,0.564,0.664,0.62,0.711,0.549,0.542,0.523,0.458,0.514,0.459,0.456,0.644,0.624,0.598,0.632,0.701,0.645,0.534,0.611,0.547,0.608,0.841,0.819,0.865,0.631
2011년 07월,변동률,0.067,0.039,0.091,0.05,0.074,0.081,0.081,0.07,0.067,0.046,0.034,0.03,0.025,0.042,0.024,0.065,0.081,0.056,0.052,0.07,0.06,0.066,0.082,0.089,0.088,0.028
,누계,0.745,0.603,0.756,0.671,0.785,0.63,0.623,0.593,0.525,0.56,0.493,0.486,0.669,0.665,0.623,0.697,0.782,0.702,0.586,0.681,0.607,0.675,0.924,0.908,0.954,0.659
2011년 08월,변동률,0.052,0.045,0.063,0.035,0.061,0.082,0.076,0.053,0.069,0.045,0.047,0.054,0.022,0.03,0.051,0.047,0.055,0.053,0.05,0.051,0.059,0.051,0.049,0.051,0.061,0.031
,누계,0.797,0.649,0.819,0.706,0.846,0.713,0.7,0.646,0.595,0.606,0.54,0.54,0.691,0.695,0.673,0.744,0.837,0.754,0.637,0.732,0.667,0.727,0.973,0.959,1.016,0.69
2011년 09월,변동률,0.049,0.058,0.045,0.048,0.036,0.08,0.078,0.044,0.068,0.047,0.036,0.046,0.026,0.028,0.053,0.041,0.033,0.051,0.054,0.054,0.056,0.049,0.051,0.049,0.053,0.03
,누계,0.846,0.707,0.864,0.754,0.883,0.793,0.779,0.69,0.663,0.653,0.576,0.586,0.717,0.724,0.727,0.785,0.87,0.805,0.691,0.787,0.723,0.776,1.024,1.009,1.069,0.72
2011년 10월,변동률,0.043,0.05,0.034,0.04,0.04,0.072,0.072,0.048,0.06,0.04,0.053,0.05,0.033,0.031,0.043,0.04,0.037,0.038,0.05,0.022,0.045,0.041,0.049,0.047,0.03,0.039
,누계,0.89,0.757,0.898,0.795,0.923,0.865,0.851,0.738,0.724,0.693,0.629,0.636,0.75,0.755,0.77,0.825,0.907,0.844,0.742,0.81,0.767,0.817,1.074,1.057,1.099,0.759
2011년 11월,변동률,0.037,0.042,0.033,0.05,0.041,0.047,0.05,0.037,0.049,0.036,0.032,0.037,0.032,0.039,0.044,0.037,0.033,0.031,0.031,0.01,0.04,0.034,0.044,0.039,0.031,0.03
,누계,0.927,0.8,0.932,0.846,0.965,0.913,0.901,0.775,0.773,0.729,0.662,0.674,0.783,0.794,0.814,0.862,0.941,0.876,0.773,0.819,0.808,0.851,1.119,1.096,1.13,0.79
2011년 12월,변동률,0.038,0.044,0.028,0.049,0.047,0.041,0.057,0.041,0.044,0.031,0.041,0.042,0.031,0.039,0.052,0.038,0.028,0.011,0.033,0.016,0.041,0.03,0.05,0.037,0.03,0.035
,누계,0.965,0.844,0.96,0.895,1.012,0.954,0.958,0.817,0.817,0.76,0.703,0.715,0.814,0.834,0.867,0.9,0.969,0.887,0.806,0.836,0.849,0.881,1.169,1.133,1.16,0.825
2012년 01월,변동률,0.031,0.037,0.024,0.042,0.046,0.036,0.042,0.041,0.03,0.037,0.032,0.033,0.028,0.038,0.04,0.024,0.022,0.018,0.023,0.01,0.042,0.024,0.034,0.031,0.033,0.029
,누계,0.031,0.037,0.024,0.042,0.046,0.036,0.042,0.041,0.03,0.037,0.032,0.033,0.028,0.038,0.04,0.024,0.022,0.018,0.023,0.01,0.042,0.024,0.034,0.031,0.033,0.029
2012년 02월,변동률,0.045,0.035,0.03,0.039,0.047,0.034,0.041,0.043,0.042,0.042,0.042,0.044,0.028,0.033,0.035,0.031,0.036,0.033,0.031,0.024,0.044,0.032,0.046,0.082,0.043,0.044
,누계,0.075,0.072,0.054,0.081,0.093,0.069,0.082,0.083,0.071,0.078,0.074,0.077,0.056,0.071,0.074,0.055,0.057,0.051,0.054,0.034,0.085,0.056,0.08,0.113,0.076,0.072
2012년 03월,변동률,0.098,0.096,0.084,0.088,0.085,0.089,0.086,0.079,0.075,0.093,0.082,0.081,0.076,0.083,0.081,0.087,0.095,0.08,0.087,0.103,0.085,0.083,0.095,0.15,0.087,0.095
,누계,0.173,0.168,0.138,0.169,0.178,0.159,0.169,0.163,0.147,0.172,0.155,0.157,0.131,0.154,0.156,0.142,0.153,0.131,0.14,0.137,0.171,0.139,0.175,0.263,0.163,0.167
2012년 04월,변동률,0.104,0.124,0.138,0.092,0.09,0.047,0.102,0.083,0.08,0.11,0.085,0.102,0.072,0.105,0.08,0.076,0.084,0.078,0.073,0.064,0.1,0.089,0.124,0.142,0.114,0.103
,누계,0.278,0.292,0.276,0.261,0.267,0.205,0.271,0.246,0.227,0.282,0.241,0.26,0.204,0.259,0.236,0.218,0.237,0.209,0.213,0.201,0.271,0.229,0.3,0.405,0.277,0.27
2012년 05월,변동률,0.094,0.112,0.102,0.102,0.091,0.041,0.061,0.083,0.029,0.09,0.086,0.083,0.037,0.077,0.071,0.08,0.081,0.074,0.086,0.073,0.09,0.095,0.109,0.131,0.107,0.092
,누계,0.372,0.404,0.378,0.362,0.358,0.246,0.333,0.33,0.256,0.373,0.327,0.343,0.241,0.337,0.307,0.299,0.318,0.284,0.3,0.274,0.361,0.324,0.41,0.536,0.385,0.363
2012년 06월,변동률,0.058,0.088,0.007,0.085,0.024,-0.005,0.009,0.027,-0.05,0.048,0.036,0.039,-0.042,0.009,0.021,0.055,0.062,0.049,0.063,0.027,0.093,0.087,0.093,0.11,0.079,0.071
,누계,0.43,0.493,0.385,0.447,0.382,0.241,0.342,0.357,0.205,0.421,0.363,0.382,0.199,0.346,0.328,0.354,0.381,0.333,0.363,0.301,0.455,0.411,0.503,0.647,0.464,0.434
2012년 07월,변동률,-0.032,-0.07,-0.096,-0.002,-0.016,-0.019,0.019,-0.015,-0.197,-0.01,-0.007,0.018,-0.175,-0.057,-0.037,-0.016,-0.01,-0.015,-0.02,0.025,-0.033,-0.026,-0.023,-0.032,-0.002,-0.031
,누계,0.399,0.422,0.289,0.445,0.366,0.222,0.36,0.342,0.008,0.411,0.356,0.4,0.024,0.288,0.291,0.338,0.371,0.318,0.343,0.326,0.422,0.386,0.48,0.614,0.462,0.403
2012년 08월,변동률,-0.057,-0.088,-0.004,-0.016,-0.06,-0.005,-0.02,-0.056,-0.102,-0.035,-0.055,-0.038,-0.151,-0.071,-0.076,-0.067,-0.053,-0.06,-0.058,-0.049,-0.058,-0.058,-0.05,-0.059,-0.074,-0.062
,누계,0.341,0.334,0.285,0.429,0.306,0.217,0.341,0.285,-0.094,0.377,0.301,0.362,-0.127,0.217,0.215,0.271,0.317,0.257,0.285,0.276,0.363,0.327,0.429,0.555,0.388,0.341
2012년 09월,변동률,-0.055,-0.091,-0.013,-0.037,-0.067,-0.075,-0.044,-0.064,-0.05,-0.053,-0.066,-0.052,-0.104,-0.103,-0.033,-0.075,-0.087,-0.051,-0.077,-0.082,-0.066,-0.07,-0.047,-0.028,-0.08,-0.032
,누계,0.286,0.242,0.272,0.392,0.239,0.142,0.297,0.22,-0.144,0.323,0.235,0.31,-0.231,0.113,0.182,0.195,0.23,0.205,0.207,0.194,0.297,0.256,0.382,0.527,0.308,0.309
2012년 10월,변동률,0.011,0.004,0.016,0.011,0.013,0.025,0.021,0.012,0.007,-0.025,-0.01,-0.023,0.047,0.063,0.007,-0.038,-0.029,-0.042,-0.055,0.031,-0.027,-0.027,0.037,0.041,0.033,-0.048
,누계,0.297,0.247,0.288,0.404,0.253,0.167,0.318,0.233,-0.137,0.298,0.225,0.287,-0.184,0.176,0.189,0.157,0.2,0.163,0.152,0.225,0.27,0.23,0.419,0.569,0.341,0.261
2012년 11월,변동률,0.031,0.015,0.017,0.015,0.021,0.015,0.019,-0.016,0.004,0.003,0.006,0.006,0.068,0.018,0.004,0.006,0.022,0.019,0.024,0.035,0.005,0.005,0.042,0.08,0.04,0.037
,누계,0.328,0.262,0.305,0.419,0.274,0.182,0.337,0.216,-0.133,0.301,0.231,0.293,-0.116,0.194,0.193,0.163,0.223,0.182,0.176,0.261,0.275,0.235,0.461,0.649,0.381,0.298
2012년 12월,변동률,0.05,0.025,0.03,0.086,0.033,0.029,0.03,0.03,0.027,0.028,0.032,0.027,0.022,0.027,0.046,0.013,0.035,0.049,0.053,0.029,0.036,0.025,0.073,0.089,0.072,0.04
,누계,0.378,0.287,0.335,0.505,0.307,0.211,0.367,0.247,-0.106,0.329,0.263,0.32,-0.094,0.221,0.239,0.176,0.258,0.231,0.229,0.29,0.311,0.26,0.534,0.739,0.453,0.338
2013년 01월,변동률,-0.058,-0.009,-0.033,-0.023,-0.117,-0.127,-0.109,-0.138,-0.058,-0.138,-0.152,-0.145,-0.112,-0.076,-0.07,-0.178,-0.181,-0.093,-0.087,-0.074,-0.069,-0.094,0.018,0.025,-0.02,-0.093
,누계,-0.058,-0.009,-0.033,-0.023,-0.117,-0.127,-0.109,-0.138,-0.058,-0.138,-0.152,-0.145,-0.112,-0.076,-0.07,-0.178,-0.181,-0.093,-0.087,-0.074,-0.069,-0.094,0.018,0.025,-0.02,-0.093
2013년 02월,변동률,0.055,0.054,0.049,-0.013,0.053,0.045,0.028,0.028,0.001,0.028,0.054,0.074,0.069,0.008,0.052,0.043,-0.045,-0.021,-0.02,-0.007,0.019,0.013,0.065,0.112,0.149,0.083
,누계,-0.003,0.045,0.016,-0.036,-0.064,-0.082,-0.081,-0.11,-0.057,-0.11,-0.098,-0.071,-0.043,-0.068,-0.018,-0.135,-0.226,-0.114,-0.107,-0.081,-0.05,-0.081,0.083,0.137,0.129,-0.01
2013년 03월,변동률,0.105,0.069,0.095,-0.035,0.111,0.069,0.032,0.07,0.01,0.06,0.021,0.011,0.062,0.086,0.149,0.068,0.052,0.105,0.07,0.086,0.038,0.05,0.206,0.171,0.137,0.215
,누계,0.102,0.114,0.111,-0.071,0.047,-0.013,-0.049,-0.04,-0.047,-0.05,-0.077,-0.06,0.019,0.018,0.131,-0.067,-0.174,-0.009,-0.037,0.005,-0.012,-0.031,0.289,0.308,0.266,0.205
2013년 04월,변동률,0.157,0.154,0.127,-0.626,-0.069,0.194,0.167,-0.053,0.111,0.13,-0.032,0.166,0.133,0.113,0.15,0.16,0.191,0.142,0.213,0.125,0.105,0.123,0.21,0.327,0.365,0.208
,누계,0.259,0.268,0.238,-0.696,-0.022,0.181,0.118,-0.093,0.064,0.08,-0.109,0.106,0.152,0.131,0.281,0.093,0.017,0.133,0.176,0.13,0.093,0.092,0.499,0.637,0.632,0.413
2013년 05월,변동률,0.152,0.138,0.151,-0.495,-0.058,-0.065,-0.083,0.116,0.157,0.093,0.154,0.13,0.177,0.136,0.191,0.197,0.224,0.157,0.19,0.113,0.176,0.157,0.24,0.294,0.278,0.186
,누계,0.412,0.406,0.389,-1.188,-0.08,0.116,0.035,0.023,0.221,0.173,0.045,0.236,0.33,0.267,0.473,0.29,0.241,0.29,0.366,0.243,0.269,0.249,0.741,0.932,0.912,0.6
2013년 06월,변동률,0.097,0.068,-0.003,-0.238,0.069,0.064,0.121,0.108,0.026,0.003,0.034,-0.045,0.127,0.102,0.137,0.137,0.154,0.119,0.115,0.068,0.134,0.131,0.035,0.189,0.241,0.08
,누계,0.509,0.474,0.386,-1.422,-0.011,0.18,0.156,0.131,0.247,0.176,0.079,0.191,0.457,0.369,0.611,0.427,0.395,0.409,0.481,0.311,0.403,0.38,0.776,1.123,1.155,0.681
2013년 07월,변동률,-0.039,0.041,-0.02,-0.195,-0.083,0.025,-0.071,-0.106,-0.118,-0.082,-0.139,-0.066,-0.066,-0.087,-0.068,-0.068,-0.05,-0.068,-0.068,-0.009,-0.055,-0.063,-0.07,-0.01,0.12,-0.049
,누계,0.47,0.515,0.366,-1.614,-0.094,0.205,0.085,0.025,0.129,0.094,-0.06,0.125,0.391,0.282,0.543,0.359,0.345,0.341,0.413,0.302,0.348,0.317,0.705,1.113,1.277,0.632
2013년 08월,변동률,-0.026,0.025,-0.073,-0.228,-0.091,-0.075,0.067,0.058,-0.128,-0.057,0.038,-0.081,-0.092,-0.086,-0.052,-0.097,-0.068,0.008,0.015,-0.019,-0.037,-0.03,0.023,0.033,0.037,-0.03
,누계,0.444,0.54,0.293,-1.839,-0.185,0.13,0.152,0.083,0.001,0.037,-0.022,0.044,0.3,0.196,0.491,0.262,0.277,0.349,0.428,0.283,0.311,0.287,0.728,1.146,1.315,0.602
2013년 09월,변동률,0.145,0.102,0.069,-0.128,0.06,0.058,-0.05,-0.028,-0.114,0.108,0.041,0.154,0.095,0.023,0.048,0.049,0.208,0.058,0.059,0.04,0.043,0.011,0.223,0.327,0.434,0.151
,누계,0.589,0.643,0.362,-1.965,-0.125,0.188,0.102,0.055,-0.113,0.145,0.019,0.198,0.394,0.219,0.539,0.311,0.486,0.407,0.487,0.323,0.354,0.298,0.953,1.476,1.754,0.754
2013년 10월,변동률,0.21,0.086,0.112,-0.1,0.178,0.071,0.154,0.1,0.11,0.128,0.055,0.027,0.081,0.117,0.1,0.165,0.21,0.136,0.153,0.156,0.146,0.153,0.317,0.384,0.436,0.321
,누계,0.8,0.73,0.474,-2.063,0.053,0.259,0.256,0.155,-0.003,0.273,0.074,0.225,0.475,0.336,0.64,0.476,0.697,0.544,0.641,0.48,0.501,0.451,1.273,1.865,2.198,1.078
2013년 11월,변동률,0.213,0.202,0.11,-0.044,0.196,0.103,0.2,0.087,0.097,0.136,0.052,0.06,0.135,0.107,0.107,0.282,0.214,0.069,0.196,0.062,0.055,0.05,0.257,0.437,0.398,0.311
,누계,1.015,0.934,0.585,-2.106,0.249,0.362,0.457,0.242,0.094,0.409,0.126,0.285,0.611,0.443,0.748,0.759,0.913,0.613,0.838,0.541,0.556,0.501,1.534,2.31,2.604,1.392
2013년 12월,변동률,0.189,0.265,0.019,-0.007,0.028,0.092,0.083,0.215,0.088,0.067,0.09,0.072,0.167,0.094,0.213,0.085,0.225,0.038,0.095,0.053,0.1,0.307,0.278,0.302,0.394,0.195
,누계,1.206,1.201,0.604,-2.113,0.277,0.454,0.54,0.458,0.182,0.476,0.216,0.357,0.779,0.537,0.962,0.845,1.14,0.651,0.934,0.594,0.657,0.81,1.816,2.619,3.009,1.59
2014년 01월,변동률,0.19,0.2,0.064,0.068,0.091,0.084,0.103,0.402,0.031,0.148,0.401,0.313,0.206,0.06,0.081,0.266,0.344,0.218,0.079,0.058,0.065,0.053,0.401,0.211,0.217,0.158
,누계,0.19,0.2,0.064,0.068,0.091,0.084,0.103,0.402,0.031,0.148,0.401,0.313,0.206,0.06,0.081,0.266,0.344,0.218,0.079,0.058,0.065,0.053,0.401,0.211,0.217,0.158
2014년 02월,변동률,0.206,0.127,0.313,0.018,0.12,0.141,0.128,0.135,0.172,0.14,0.144,0.077,0.073,0.183,0.298,0.209,0.246,0.108,0.119,0.102,0.125,0.147,0.267,0.3,0.331,0.194
,누계,0.396,0.327,0.376,0.087,0.211,0.225,0.232,0.537,0.203,0.289,0.546,0.391,0.279,0.242,0.379,0.475,0.591,0.326,0.198,0.16,0.19,0.199,0.669,0.511,0.549,0.352
2014년 03월,변동률,0.291,0.401,0.105,0.118,0.42,0.096,0.099,0.108,0.215,0.342,0.066,0.121,0.211,0.167,0.234,0.177,0.188,0.327,0.238,0.227,0.4,0.233,0.413,0.51,0.41,0.12
,누계,0.688,0.729,0.482,0.205,0.632,0.321,0.331,0.646,0.418,0.632,0.613,0.512,0.491,0.409,0.614,0.653,0.78,0.654,0.437,0.387,0.59,0.432,1.085,1.024,0.961,0.472
2014년 04월,변동률,0.23,0.326,0.365,0.121,0.248,0.107,0.152,0.105,0.28,0.128,0.095,0.149,0.228,0.172,0.195,0.162,0.179,-0.057,0.092,0.205,0.166,0.204,0.192,0.311,0.437,0.187
,누계,0.92,1.057,0.848,0.327,0.881,0.429,0.483,0.751,0.699,0.76,0.708,0.662,0.72,0.582,0.81,0.815,0.961,0.596,0.529,0.593,0.757,0.638,1.279,1.338,1.402,0.66
2014년 05월,변동률,0.182,0.242,0.238,0.11,0.126,0.096,0.103,0.094,0.1,0.08,0.105,0.083,0.188,0.111,0.131,0.183,0.215,0.17,0.267,0.094,0.152,0.18,0.327,0.211,0.205,0.144
,누계,1.104,1.302,1.089,0.437,1.009,0.525,0.586,0.846,0.8,0.841,0.814,0.745,0.91,0.694,0.941,1,1.178,0.767,0.797,0.687,0.91,0.819,1.61,1.552,1.609,0.805
2014년 06월,변동률,0.181,0.198,0.175,0.173,0.085,0.197,0.126,0.178,0.016,0.09,0.05,0.038,0.241,0.158,0.21,0.228,0.106,0.156,0.094,0.205,0.119,0.089,0.275,0.283,0.152,0.142
,누계,1.286,1.502,1.266,0.61,1.094,0.723,0.714,1.025,0.816,0.932,0.865,0.783,1.152,0.852,1.153,1.23,1.285,0.924,0.892,0.894,1.03,0.909,1.89,1.84,1.763,0.948
2014년 07월,변동률,0.207,0.202,0.242,0.224,0.095,0.222,0.113,0.142,0.087,0.099,0.098,0.108,0.246,0.223,0.218,0.138,0.117,0.211,0.26,0.173,0.111,0.129,0.296,0.276,0.256,0.2
,누계,1.496,1.708,1.511,0.836,1.19,0.947,0.827,1.168,0.904,1.031,0.964,0.892,1.401,1.077,1.374,1.37,1.404,1.136,1.155,1.069,1.142,1.039,2.192,2.121,2.024,1.149
2014년 08월,변동률,0.186,0.107,0.183,0.082,0.085,0.194,0.076,0.103,0.046,0.212,0.075,0.108,0.192,0.216,0.27,0.046,0.071,0.085,0.127,0.156,0.118,0.105,0.29,0.283,0.305,0.197
,누계,1.684,1.816,1.697,0.918,1.276,1.143,0.903,1.273,0.951,1.245,1.039,1,1.595,1.296,1.648,1.416,1.476,1.223,1.284,1.227,1.262,1.145,2.488,2.41,2.335,1.349
2014년 09월,변동률,0.294,0.201,0.358,0.201,0.171,0.197,0.144,0.114,0.184,0.191,0.155,0.126,0.253,0.234,0.292,0.214,0.264,0.096,0.149,0.271,0.1,0.106,0.403,0.534,0.411,0.23
,누계,1.983,2.021,2.061,1.121,1.449,1.342,1.049,1.388,1.136,1.438,1.196,1.128,1.852,1.533,1.945,1.634,1.744,1.32,1.434,1.501,1.363,1.252,2.901,2.956,2.756,1.582
2014년 10월,변동률,0.29,0.155,0.203,0.124,0.403,0.097,0.08,0.148,0.14,0.099,0.186,0.078,0.263,0.285,0.388,0.29,0.255,0.208,0.143,0.078,0.112,0.112,0.411,0.536,0.468,0.214
,누계,2.279,2.179,2.269,1.247,1.858,1.44,1.129,1.539,1.278,1.539,1.385,1.207,2.12,1.822,2.341,1.928,2.003,1.531,1.579,1.58,1.476,1.365,3.323,3.509,3.237,1.8
2014년 11월,변동률,0.198,0.123,0.139,0.125,-0.084,0.197,0.126,0.15,0.025,0.185,0.113,0.11,0.188,0.221,0.263,0.093,0.171,0.14,0.157,0.086,0.226,0.169,0.226,0.401,0.22,0.213
,누계,2.482,2.304,2.411,1.374,1.772,1.64,1.256,1.691,1.303,1.727,1.499,1.318,2.312,2.047,2.61,2.023,2.177,1.673,1.738,1.667,1.706,1.537,3.557,3.924,3.464,2.016
2014년 12월,변동률,0.176,0.104,0.149,0.116,0.075,0.179,0.103,0.173,0.121,0.157,0.158,0.107,0.198,0.125,0.222,0.281,0.047,0.184,0.118,0.168,0.145,0.137,0.217,0.281,0.174,0.174
,누계,2.662,2.41,2.563,1.491,1.848,1.822,1.361,1.867,1.425,1.886,1.66,1.427,2.515,2.175,2.838,2.31,2.224,1.86,1.859,1.838,1.853,1.675,3.782,4.216,3.644,2.194
2015년 01월,변동률,0.173,0.081,0.107,0.09,0.083,0.172,0.092,0.127,0.071,0.121,0.113,0.079,0.124,0.096,0.108,0.214,0.17,0.074,0.127,0.132,0.154,0.061,0.222,0.375,0.17,0.183
,누계,0.173,0.081,0.107,0.09,0.083,0.172,0.092,0.127,0.071,0.121,0.113,0.079,0.124,0.096,0.108,0.214,0.17,0.074,0.127,0.132,0.154,0.061,0.222,0.375,0.17,0.183
2015년 02월,변동률,0.183,0.073,0.118,0.094,0.124,0.203,0.137,0.164,0.144,0.224,0.109,0.149,0.097,0.142,0.241,0.225,0.202,0.158,0.209,0.098,0.136,0.138,0.231,0.303,0.196,0.162
,누계,0.356,0.154,0.225,0.184,0.207,0.375,0.229,0.29,0.215,0.345,0.222,0.228,0.221,0.238,0.349,0.44,0.372,0.232,0.337,0.23,0.29,0.199,0.453,0.679,0.366,0.345
2015년 03월,변동률,0.213,0.158,0.191,0.106,0.13,0.203,0.161,0.183,0.111,0.177,0.145,0.174,0.177,0.163,0.262,0.157,0.255,0.16,0.205,0.147,0.138,0.133,0.28,0.337,0.23,0.205
,누계,0.57,0.312,0.416,0.29,0.337,0.579,0.391,0.474,0.326,0.523,0.367,0.403,0.398,0.401,0.612,0.597,0.628,0.392,0.542,0.377,0.428,0.332,0.734,1.018,0.597,0.551
2015년 04월,변동률,0.228,0.163,0.158,0.132,0.112,0.186,0.136,0.191,0.198,0.135,0.107,0.229,0.188,0.276,0.321,0.191,0.208,0.217,0.247,0.175,0.163,0.143,0.239,0.344,0.31,0.223
,누계,0.8,0.476,0.575,0.423,0.449,0.766,0.527,0.666,0.524,0.659,0.475,0.632,0.587,0.678,0.935,0.79,0.837,0.61,0.791,0.553,0.592,0.475,0.975,1.365,0.908,0.776
2015년 05월,변동률,0.229,0.142,0.136,0.128,0.108,0.227,0.191,0.229,0.212,0.134,0.16,0.298,0.17,0.172,0.215,0.184,0.254,0.235,0.156,0.199,0.18,0.197,0.253,0.32,0.311,0.284
,누계,1.03,0.618,0.712,0.551,0.558,0.994,0.719,0.896,0.737,0.794,0.636,0.932,0.758,0.851,1.151,0.975,1.092,0.846,0.948,0.753,0.773,0.673,1.23,1.689,1.222,1.062
2015년 06월,변동률,0.229,0.18,0.125,0.116,0.168,0.26,0.205,0.223,0.126,0.065,0.198,0.231,0.173,0.19,0.282,0.198,0.269,0.221,0.176,0.192,0.212,0.261,0.265,0.298,0.3,0.254
,누계,1.262,0.799,0.838,0.668,0.726,1.257,0.926,1.121,0.864,0.86,0.836,1.165,0.932,1.043,1.437,1.175,1.364,1.069,1.126,0.946,0.987,0.936,1.499,1.992,1.525,1.319
2015년 07월,변동률,0.242,0.183,0.115,0.117,0.285,0.201,0.275,0.203,0.206,0.188,0.187,0.208,0.184,0.216,0.285,0.202,0.288,0.243,0.232,0.211,0.221,0.252,0.285,0.292,0.294,0.277
,누계,1.506,0.984,0.954,0.786,1.013,1.46,1.204,1.327,1.072,1.049,1.024,1.376,1.118,1.261,1.726,1.379,1.656,1.315,1.36,1.159,1.209,1.19,1.788,2.291,1.824,1.599
2015년 08월,변동률,0.223,0.176,0.13,0.109,0.237,0.215,0.15,0.215,0.224,0.136,0.201,0.198,0.182,0.208,0.214,0.197,0.271,0.211,0.215,0.196,0.246,0.251,0.23,0.306,0.237,0.255
,누계,1.733,1.162,1.084,0.896,1.253,1.679,1.356,1.544,1.298,1.187,1.227,1.576,1.301,1.472,1.944,1.579,1.932,1.528,1.578,1.358,1.458,1.444,2.023,2.604,2.065,1.859
2015년 09월,변동률,0.22,0.151,0.156,0.1,0.31,0.309,0.255,0.263,0.198,0.232,0.251,0.185,0.186,0.22,0.27,0.192,0.187,0.187,0.251,0.19,0.212,0.236,0.226,0.266,0.218,0.222
,누계,1.957,1.315,1.242,0.997,1.567,1.993,1.614,1.812,1.499,1.422,1.481,1.764,1.49,1.696,2.219,1.774,2.123,1.718,1.833,1.55,1.673,1.684,2.253,2.877,2.288,2.085
2015년 10월,변동률,0.241,0.159,0.175,0.174,0.275,0.208,0.275,0.257,0.243,0.224,0.263,0.279,0.227,0.266,0.324,0.212,0.281,0.179,0.232,0.204,0.226,0.232,0.257,0.27,0.253,0.234
,누계,2.202,1.475,1.419,1.173,1.847,2.206,1.894,2.073,1.746,1.649,1.747,2.048,1.721,1.967,2.55,1.989,2.41,1.9,2.07,1.758,1.902,1.919,2.516,3.155,2.547,2.324
2015년 11월,변동률,0.236,0.183,0.184,0.177,0.21,0.147,0.18,0.242,0.23,0.164,0.243,0.205,0.182,0.298,0.329,0.218,0.243,0.171,0.234,0.202,0.225,0.231,0.257,0.311,0.24,0.24
,누계,2.444,1.661,1.606,1.351,2.06,2.357,2.078,2.32,1.98,1.816,1.995,2.257,1.906,2.27,2.888,2.212,2.659,2.074,2.308,1.964,2.132,2.155,2.779,3.476,2.793,2.57
2015년 12월,변동률,0.239,0.238,0.198,0.148,0.155,0.19,0.172,0.206,0.208,0.167,0.192,0.207,0.172,0.289,0.412,0.204,0.199,0.282,0.218,0.21,0.232,0.268,0.251,0.317,0.245,0.203
,누계,2.688,1.903,1.806,1.501,2.218,2.551,2.254,2.531,2.191,1.986,2.191,2.468,2.082,2.566,3.312,2.42,2.863,2.362,2.531,2.177,2.369,2.429,3.037,3.804,3.045,2.778
2016년 01월,변동률,0.187,0.17,0.166,0.145,0.14,0.171,0.151,0.156,0.153,0.154,0.138,0.14,0.153,0.199,0.218,0.193,0.183,0.156,0.181,0.13,0.194,0.182,0.204,0.25,0.196,0.192
,누계,0.187,0.17,0.166,0.145,0.14,0.171,0.151,0.156,0.153,0.154,0.138,0.14,0.153,0.199,0.218,0.193,0.183,0.156,0.181,0.13,0.194,0.182,0.204,0.25,0.196,0.192
2016년 02월,변동률,0.176,0.129,0.152,0.105,0.16,0.186,0.118,0.138,0.143,0.162,0.168,0.197,0.145,0.176,0.192,0.189,0.18,0.165,0.175,0.124,0.149,0.148,0.209,0.223,0.188,0.193
,누계,0.363,0.299,0.318,0.25,0.3,0.357,0.27,0.294,0.297,0.316,0.306,0.337,0.299,0.375,0.41,0.383,0.363,0.321,0.357,0.254,0.343,0.331,0.414,0.474,0.384,0.386
2016년 03월,변동률,0.208,0.184,0.158,0.154,0.187,0.197,0.184,0.19,0.185,0.154,0.125,0.21,0.173,0.196,0.229,0.199,0.204,0.178,0.189,0.157,0.176,0.189,0.217,0.294,0.224,0.211
,누계,0.572,0.483,0.477,0.404,0.488,0.555,0.454,0.485,0.483,0.471,0.431,0.548,0.472,0.572,0.64,0.582,0.568,0.499,0.547,0.411,0.52,0.521,0.631,0.769,0.608,0.597
2016년 04월,변동률,0.225,0.163,0.162,0.198,0.184,0.209,0.195,0.206,0.194,0.158,0.11,0.182,0.178,0.204,0.309,0.196,0.208,0.172,0.207,0.164,0.223,0.242,0.265,0.309,0.249,0.205
,누계,0.798,0.647,0.639,0.603,0.673,0.765,0.65,0.692,0.677,0.629,0.541,0.731,0.651,0.777,0.951,0.779,0.777,0.672,0.755,0.576,0.744,0.764,0.898,1.08,0.859,0.803
2016년 05월,변동률,0.257,0.181,0.18,0.254,0.281,0.282,0.208,0.241,0.225,0.195,0.218,0.223,0.172,0.242,0.312,0.211,0.273,0.175,0.188,0.201,0.235,0.223,0.27,0.352,0.303,0.254
,누계,1.058,0.829,0.821,0.859,0.955,1.049,0.859,0.935,0.904,0.825,0.76,0.955,0.824,1.021,1.266,0.991,1.052,0.848,0.944,0.779,0.981,0.989,1.17,1.435,1.164,1.06
2016년 06월,변동률,0.275,0.17,0.185,0.343,0.26,0.323,0.206,0.286,0.262,0.236,0.274,0.273,0.185,0.214,0.33,0.226,0.308,0.181,0.202,0.202,0.218,0.203,0.273,0.375,0.321,0.278
,누계,1.336,1.001,1.007,1.205,1.218,1.375,1.067,1.224,1.168,1.063,1.037,1.231,1.011,1.237,1.6,1.219,1.363,1.031,1.148,0.982,1.202,1.193,1.446,1.816,1.489,1.34
2016년 07월,변동률,0.282,0.191,0.195,0.359,0.265,0.341,0.254,0.259,0.198,0.184,0.251,0.283,0.191,0.237,0.358,0.232,0.327,0.218,0.208,0.222,0.228,0.211,0.282,0.382,0.313,0.28
,누계,1.621,1.194,1.204,1.569,1.486,1.721,1.324,1.486,1.368,1.249,1.291,1.518,1.204,1.476,1.964,1.454,1.695,1.251,1.358,1.206,1.433,1.407,1.732,2.205,1.807,1.624
2016년 08월,변동률,0.272,0.222,0.202,0.318,0.296,0.309,0.29,0.246,0.256,0.226,0.252,0.282,0.203,0.232,0.346,0.214,0.308,0.201,0.213,0.248,0.274,0.227,0.278,0.305,0.279,0.296
,누계,1.898,1.419,1.408,1.891,1.786,2.035,1.618,1.735,1.627,1.478,1.546,1.804,1.409,1.712,2.317,1.671,2.008,1.455,1.574,1.457,1.711,1.637,2.014,2.517,2.091,1.925
2016년 09월,변동률,0.273,0.208,0.214,0.329,0.306,0.308,0.246,0.256,0.21,0.234,0.265,0.297,0.215,0.242,0.323,0.212,0.316,0.261,0.198,0.232,0.299,0.253,0.291,0.32,0.265,0.281
,누계,2.176,1.629,1.625,2.227,2.098,2.35,1.868,1.996,1.84,1.716,1.814,2.107,1.627,1.958,2.647,1.886,2.33,1.72,1.775,1.692,2.015,1.894,2.312,2.844,2.361,2.212
2016년 10월,변동률,0.286,0.215,0.241,0.333,0.288,0.31,0.244,0.273,0.202,0.268,0.282,0.27,0.263,0.266,0.342,0.211,0.311,0.242,0.212,0.26,0.272,0.29,0.312,0.333,0.3,0.302
,누계,2.468,1.848,1.87,2.567,2.392,2.667,2.116,2.274,2.047,1.988,2.102,2.383,1.894,2.23,2.999,2.101,2.649,1.966,1.991,1.957,2.292,2.19,2.631,3.187,2.668,2.52
2016년 11월,변동률,0.254,0.185,0.162,0.295,0.268,0.278,0.239,0.252,0.192,0.222,0.255,0.247,0.21,0.218,0.332,0.213,0.297,0.236,0.21,0.2,0.277,0.218,0.232,0.308,0.273,0.294
,누계,2.729,2.036,2.035,2.87,2.667,2.952,2.36,2.532,2.242,2.214,2.361,2.635,2.108,2.453,3.341,2.318,2.954,2.207,2.206,2.161,2.576,2.412,2.869,3.505,2.948,2.822
2016년 12월,변동률,0.239,0.16,0.188,0.256,0.243,0.223,0.209,0.204,0.152,0.177,0.242,0.244,0.155,0.189,0.325,0.177,0.282,0.227,0.201,0.21,0.271,0.256,0.226,0.305,0.24,0.297
,누계,2.974,2.199,2.227,3.133,2.916,3.182,2.574,2.742,2.398,2.395,2.609,2.885,2.266,2.647,3.677,2.499,3.244,2.439,2.411,2.376,2.854,2.674,3.102,3.821,3.195,3.127
2017년 01월,변동률,0.191,0.104,0.147,0.192,0.163,0.09,0.171,0.168,0.131,0.166,0.177,0.176,0.149,0.162,0.227,0.171,0.263,0.197,0.197,0.195,0.265,0.18,0.191,0.27,0.156,0.189
,누계,0.191,0.104,0.147,0.192,0.163,0.09,0.171,0.168,0.131,0.166,0.177,0.176,0.149,0.162,0.227,0.171,0.263,0.197,0.197,0.195,0.265,0.18,0.191,0.27,0.156,0.189
2017년 02월,변동률,0.232,0.174,0.131,0.27,0.234,0.209,0.165,0.202,0.137,0.179,0.176,0.209,0.166,0.177,0.399,0.158,0.347,0.225,0.189,0.184,0.215,0.176,0.178,0.33,0.286,0.173
,누계,0.423,0.278,0.277,0.462,0.397,0.299,0.336,0.37,0.268,0.345,0.353,0.385,0.316,0.339,0.627,0.329,0.611,0.422,0.386,0.379,0.481,0.356,0.369,0.601,0.442,0.363
2017년 03월,변동률,0.322,0.241,0.23,0.366,0.399,0.376,0.321,0.268,0.195,0.269,0.237,0.332,0.216,0.228,0.564,0.175,0.366,0.293,0.352,0.36,0.349,0.318,0.387,0.32,0.317,0.325
,누계,0.746,0.519,0.508,0.83,0.798,0.676,0.659,0.64,0.463,0.615,0.591,0.718,0.532,0.568,1.194,0.505,0.979,0.716,0.74,0.74,0.832,0.675,0.757,0.923,0.76,0.689
2017년 04월,변동률,0.333,0.262,0.213,0.426,0.379,0.334,0.309,0.346,0.207,0.245,0.224,0.288,0.267,0.243,0.453,0.356,0.394,0.274,0.334,0.31,0.394,0.358,0.388,0.357,0.326,0.329
,누계,1.081,0.783,0.722,1.26,1.18,1.013,0.97,0.988,0.671,0.861,0.816,1.009,0.801,0.812,1.653,0.862,1.377,0.993,1.076,1.053,1.229,1.035,1.148,1.283,1.088,1.02
2017년 05월,변동률,0.509,0.35,0.345,0.645,0.631,0.485,0.448,0.451,0.374,0.368,0.359,0.62,0.383,0.339,0.552,0.433,0.598,0.406,0.347,0.494,0.535,0.416,0.585,0.614,0.51,0.57
,누계,1.596,1.135,1.069,1.913,1.819,1.503,1.422,1.443,1.047,1.233,1.178,1.635,1.187,1.154,2.214,1.3,1.983,1.403,1.426,1.552,1.77,1.455,1.74,1.905,1.604,1.596
2017년 06월,변동률,0.492,0.359,0.356,0.827,0.66,0.511,0.492,0.398,0.361,0.417,0.43,0.631,0.364,0.391,0.534,0.412,0.695,0.348,0.408,0.451,0.522,0.405,0.443,0.532,0.505,0.537
,누계,2.096,1.499,1.428,2.756,2.491,2.021,1.921,1.847,1.412,1.655,1.613,2.276,1.556,1.549,2.76,1.717,2.692,1.756,1.84,2.01,2.302,1.866,2.191,2.448,2.117,2.142
2017년 07월,변동률,0.484,0.449,0.433,0.644,0.669,0.499,0.443,0.391,0.392,0.425,0.455,0.565,0.414,0.439,0.541,0.47,0.528,0.405,0.416,0.508,0.52,0.438,0.404,0.51,0.507,0.46
,누계,2.59,1.954,1.867,3.417,3.176,2.53,2.372,2.245,1.809,2.087,2.075,2.854,1.976,1.995,3.316,2.195,3.235,2.168,2.264,2.528,2.833,2.312,2.604,2.97,2.635,2.611
2017년 08월,변동률,0.397,0.301,0.358,0.443,0.448,0.436,0.392,0.394,0.347,0.427,0.414,0.404,0.325,0.337,0.413,0.439,0.555,0.38,0.313,0.324,0.325,0.423,0.318,0.459,0.434,0.352
,누계,2.997,2.26,2.232,3.875,3.638,2.977,2.773,2.649,2.163,2.524,2.498,3.27,2.307,2.339,3.743,2.643,3.808,2.556,2.585,2.86,3.167,2.745,2.93,3.443,3.08,2.972
2017년 09월,변동률,0.317,0.282,0.278,0.362,0.332,0.355,0.313,0.345,0.254,0.36,0.278,0.282,0.278,0.284,0.388,0.276,0.495,0.299,0.32,0.299,0.316,0.316,0.318,0.311,0.307,0.287
,누계,3.323,2.549,2.516,4.251,3.982,3.343,3.095,3.003,2.422,2.893,2.783,3.561,2.592,2.629,4.146,2.927,4.322,2.863,2.913,3.167,3.494,3.07,3.258,3.765,3.396,3.267
2017년 10월,변동률,0.278,0.208,0.194,0.238,0.367,0.271,0.256,0.228,0.199,0.257,0.197,0.244,0.231,0.254,0.312,0.252,0.436,0.274,0.294,0.236,0.24,0.306,0.306,0.305,0.303,0.275
,누계,3.61,2.763,2.715,4.499,4.364,3.623,3.358,3.237,2.626,3.157,2.986,3.814,2.829,2.89,4.47,3.186,4.777,3.144,3.216,3.411,3.742,3.385,3.574,4.081,3.709,3.551
2017년 11월,변동률,0.334,0.198,0.206,0.294,0.414,0.342,0.294,0.197,0.296,0.233,0.197,0.266,0.208,0.267,0.395,0.357,0.342,0.267,0.349,0.257,0.323,0.324,0.402,0.429,0.422,0.287
,누계,3.957,2.966,2.926,4.807,4.796,3.977,3.662,3.441,2.93,3.398,3.188,4.09,3.042,3.164,4.883,3.555,5.135,3.419,3.576,3.676,4.077,3.72,3.99,4.527,4.147,3.849
2017년 12월,변동률,0.345,0.308,0.308,0.399,0.406,0.352,0.321,0.28,0.189,0.29,0.22,0.25,0.265,0.275,0.418,0.23,0.324,0.293,0.326,0.335,0.388,0.313,0.391,0.395,0.436,0.257
,누계,4.315,3.284,3.244,5.225,5.221,4.343,3.995,3.73,3.124,3.697,3.416,4.35,3.315,3.447,5.322,3.793,5.476,3.723,3.913,4.024,4.481,4.045,4.396,4.94,4.601,4.116
2018년 01월,변동률,0.417,0.529,0.456,0.912,0.41,0.387,0.297,0.297,0.264,0.263,0.238,0.244,0.234,0.356,0.681,0.365,0.401,0.329,0.319,0.428,0.732,0.323,0.388,0.418,0.365,0.333
,누계,0.417,0.529,0.456,0.912,0.41,0.387,0.297,0.297,0.264,0.263,0.238,0.244,0.234,0.356,0.681,0.365,0.401,0.329,0.319,0.428,0.732,0.323,0.388,0.418,0.365,0.333
2018년 02월,변동률,0.417,0.454,0.377,0.837,0.432,0.408,0.282,0.281,0.399,0.258,0.218,0.34,0.381,0.397,0.644,0.326,0.354,0.303,0.3,0.401,0.706,0.354,0.373,0.465,0.36,0.307
,누계,0.836,0.985,0.835,1.756,0.843,0.797,0.58,0.579,0.664,0.522,0.457,0.585,0.616,0.755,1.33,0.692,0.756,0.633,0.619,0.831,1.443,0.678,0.763,0.884,0.727,0.642
2018년 03월,변동률,0.44,0.278,0.489,0.47,0.464,0.482,0.355,0.303,0.446,0.324,0.295,0.37,0.45,0.42,0.661,0.397,0.388,0.443,0.458,0.455,0.795,0.398,0.416,0.495,0.376,0.369
,누계,1.28,1.265,1.328,2.235,1.311,1.282,0.937,0.884,1.113,0.847,0.753,0.957,1.068,1.178,2,1.093,1.147,1.078,1.08,1.289,2.25,1.079,1.182,1.384,1.105,1.013
2018년 04월,변동률,0.302,0.288,0.276,0.388,0.449,0.358,0.337,0.287,0.252,0.297,0.261,0.285,0.278,0.308,0.431,0.299,0.449,0.404,0.352,0.39,0.486,0.329,0.24,0.2,0.266,0.241
,누계,1.586,1.557,1.608,2.632,1.766,1.645,1.277,1.174,1.368,1.147,1.017,1.245,1.349,1.49,2.439,1.395,1.601,1.487,1.436,1.685,2.747,1.411,1.425,1.587,1.374,1.256
2018년 05월,변동률,0.36,0.406,0.376,0.32,0.586,0.424,0.422,0.337,0.403,0.324,0.306,0.328,0.328,0.407,0.576,0.328,0.349,0.363,0.3,0.316,0.775,0.351,0.364,0.22,0.339,0.311
,누계,1.951,1.97,1.99,2.96,2.363,2.076,1.704,1.514,1.777,1.474,1.325,1.576,1.682,1.903,3.028,1.727,1.955,1.856,1.74,2.006,3.543,1.767,1.794,1.81,1.718,1.571
2018년 06월,변동률,0.424,0.446,0.301,0.545,0.55,0.402,0.401,0.33,0.411,0.352,0.317,0.335,0.306,0.393,0.682,0.319,0.387,0.357,0.308,0.4,0.537,0.307,0.521,0.45,0.409,0.329
,누계,2.383,2.424,2.297,3.522,2.926,2.486,2.112,1.849,2.195,1.831,1.647,1.917,1.993,2.303,3.731,2.051,2.349,2.219,2.053,2.414,4.1,2.079,2.324,2.268,2.133,1.906
2018년 07월,변동률,0.563,0.469,0.353,1.174,0.613,0.381,0.55,0.405,0.479,0.406,0.308,0.338,0.52,0.436,0.684,0.368,0.478,0.35,0.35,0.651,0.602,0.332,0.683,0.692,0.556,0.497
,누계,2.96,2.905,2.659,4.737,3.556,2.876,2.673,2.262,2.685,2.245,1.96,2.261,2.523,2.749,4.44,2.427,2.839,2.577,2.411,3.08,4.726,2.419,3.023,2.975,2.701,2.412
2018년 08월,변동률,0.613,0.504,0.377,0.84,0.719,0.448,0.755,0.323,0.477,0.479,0.322,0.355,0.567,0.529,0.698,0.495,0.563,0.47,0.369,0.624,0.615,0.345,0.735,0.777,0.683,0.674
,누계,3.591,3.424,3.045,5.616,4.3,3.337,3.449,2.592,3.175,2.735,2.288,2.624,3.105,3.292,5.169,2.934,3.418,3.059,2.789,3.724,5.37,2.772,3.78,3.775,3.403,3.103
2018년 09월,변동률,0.681,0.649,0.577,0.838,0.824,0.513,0.756,0.52,0.708,0.62,0.566,0.454,0.699,0.716,0.787,0.545,0.64,0.582,0.454,0.614,0.642,0.461,0.769,0.754,0.729,0.681
,누계,4.297,4.095,3.64,6.502,5.16,3.867,4.231,3.125,3.905,3.372,2.867,3.09,3.826,4.032,5.997,3.495,4.079,3.659,3.256,4.361,6.047,3.246,4.578,4.558,4.156,3.805
2018년 10월,변동률,0.69,0.696,0.653,0.824,0.814,0.588,0.78,0.504,0.761,0.619,0.54,0.511,0.633,0.607,0.757,0.583,0.67,0.656,0.513,0.682,0.757,0.575,0.706,0.734,0.7,0.767
,누계,5.017,4.819,4.317,7.38,6.016,4.478,5.044,3.644,4.696,4.012,3.423,3.616,4.483,4.664,6.8,4.098,4.777,4.339,3.786,5.073,6.85,3.839,5.316,5.326,4.885,4.6
2018년 11월,변동률,0.609,0.543,0.541,0.637,0.69,0.586,0.647,0.41,0.634,0.584,0.511,0.498,0.513,0.347,0.626,0.486,0.611,0.48,0.452,0.612,0.699,0.458,0.691,0.699,0.67,0.652
,누계,5.657,5.388,4.881,8.064,6.748,5.09,5.723,4.07,5.36,4.62,3.951,4.133,5.02,5.027,7.468,4.604,5.417,4.84,4.255,5.716,7.596,4.315,6.043,6.062,5.588,5.282
2018년 12월,변동률,0.433,0.401,0.425,0.494,0.589,0.561,0.49,0.418,0.345,0.489,0.419,0.486,0.369,0.311,0.599,0.453,0.503,0.429,0.418,0.555,0.488,0.424,0.479,0.34,0.336,0.391
,누계,6.114,5.811,5.327,8.598,7.377,5.679,6.241,4.504,5.723,5.131,4.387,4.638,5.407,5.354,8.112,5.078,5.948,5.291,4.691,6.303,8.121,4.757,6.552,6.423,5.943,5.694
2019년 01월,변동률,0.388,0.289,0.322,0.38,0.494,0.451,0.435,0.317,0.326,0.423,0.301,0.399,0.283,0.285,0.401,0.432,0.484,0.435,0.42,0.499,0.392,0.433,0.419,0.363,0.351,0.435
,누계,0.388,0.289,0.322,0.38,0.494,0.451,0.435,0.317,0.326,0.423,0.301,0.399,0.283,0.285,0.401,0.432,0.484,0.435,0.42,0.499,0.392,0.433,0.419,0.363,0.351,0.435
2019년 02월,변동률,0.275,0.261,0.237,0.43,0.428,0.361,0.323,0.265,0.288,0.29,0.203,0.278,0.236,0.28,0.339,0.389,0.369,0.351,0.347,0.383,0.295,0.321,0.196,0.228,0.153,0.198
,누계,0.664,0.55,0.56,0.812,0.924,0.813,0.76,0.583,0.615,0.714,0.505,0.679,0.52,0.566,0.741,0.823,0.855,0.788,0.769,0.884,0.689,0.755,0.615,0.592,0.504,0.633
2019년 03월,변동률,0.329,0.314,0.309,0.41,0.415,0.396,0.413,0.374,0.297,0.322,0.307,0.298,0.279,0.27,0.281,0.34,0.382,0.323,0.362,0.421,0.355,0.37,0.304,0.304,0.301,0.309
,누계,0.996,0.866,0.871,1.225,1.342,1.213,1.176,0.959,0.913,1.038,0.813,0.978,0.8,0.838,1.024,1.166,1.24,1.113,1.134,1.309,1.046,1.127,0.921,0.898,0.807,0.944
2019년 04월,변동률,0.378,0.366,0.333,0.421,0.39,0.389,0.419,0.358,0.378,0.328,0.352,0.31,0.346,0.308,0.355,0.403,0.414,0.398,0.377,0.412,0.345,0.388,0.425,0.411,0.32,0.337
,누계,1.378,1.235,1.207,1.651,1.738,1.606,1.6,1.321,1.295,1.37,1.168,1.292,1.149,1.148,1.383,1.573,1.66,1.516,1.516,1.726,1.395,1.52,1.35,1.313,1.129,1.285
2019년 05월,변동률,0.445,0.437,0.455,0.471,0.417,0.413,0.455,0.347,0.401,0.381,0.324,0.365,0.391,0.372,0.431,0.323,0.386,0.373,0.403,0.526,0.407,0.39,0.404,0.566,0.519,0.412
,누계,1.83,1.677,1.668,2.129,2.161,2.026,2.062,1.673,1.701,1.756,1.496,1.662,1.544,1.525,1.82,1.902,2.052,1.895,1.925,2.261,1.807,1.916,1.759,1.886,1.654,1.702
2019년 06월,변동률,0.44,0.35,0.348,0.502,0.47,0.32,0.389,0.323,0.348,0.409,0.307,0.382,0.358,0.383,0.466,0.374,0.368,0.349,0.374,0.46,0.404,0.373,0.488,0.566,0.476,0.504
,누계,2.277,2.034,2.021,2.641,2.642,2.353,2.459,2.001,2.055,2.173,1.808,2.05,1.907,1.914,2.294,2.283,2.428,2.25,2.305,2.732,2.219,2.296,2.256,2.463,2.138,2.215
2019년 07월,변동률,0.484,0.381,0.511,0.513,0.512,0.46,0.409,0.343,0.436,0.432,0.364,0.408,0.426,0.47,0.483,0.397,0.408,0.352,0.354,0.423,0.447,0.369,0.582,0.604,0.47,0.57
,누계,2.772,2.422,2.542,3.168,3.167,2.823,2.879,2.351,2.5,2.614,2.178,2.467,2.342,2.393,2.788,2.689,2.846,2.61,2.668,3.167,2.675,2.673,2.851,3.082,2.618,2.798
2019년 08월,변동률,0.485,0.433,0.502,0.551,0.573,0.497,0.45,0.364,0.346,0.371,0.34,0.401,0.409,0.517,0.512,0.411,0.38,0.351,0.405,0.451,0.451,0.364,0.578,0.601,0.461,0.51
,누계,3.271,2.865,3.057,3.736,3.759,3.334,3.342,2.724,2.855,2.995,2.526,2.878,2.76,2.922,3.314,3.111,3.237,2.97,3.083,3.632,3.138,3.046,3.445,3.701,3.09,3.322
2019년 09월,변동률,0.491,0.415,0.448,0.504,0.555,0.518,0.542,0.363,0.427,0.329,0.314,0.437,0.408,0.486,0.449,0.436,0.403,0.363,0.473,0.438,0.532,0.417,0.553,0.572,0.562,0.537
,누계,3.778,3.292,3.519,4.259,4.334,3.87,3.902,3.097,3.293,3.334,2.847,3.327,3.179,3.422,3.778,3.56,3.652,3.344,3.571,4.086,3.688,3.476,4.018,4.295,3.67,3.877
2019년 10월,변동률,0.483,0.391,0.403,0.506,0.528,0.454,0.407,0.361,0.521,0.358,0.32,0.331,0.475,0.406,0.454,0.453,0.405,0.373,0.445,0.476,0.565,0.38,0.514,0.609,0.502,0.583
,누계,4.279,3.695,3.937,4.786,4.885,4.341,4.325,3.469,3.832,3.704,3.176,3.669,3.668,3.842,4.249,4.03,4.072,3.729,4.032,4.582,4.274,3.869,4.552,4.929,4.191,4.482
2019년 11월,변동률,0.489,0.359,0.376,0.504,0.509,0.487,0.5,0.374,0.544,0.356,0.33,0.323,0.437,0.397,0.549,0.523,0.447,0.367,0.482,0.481,0.593,0.383,0.468,0.557,0.594,0.608
,누계,4.789,4.067,4.328,5.314,5.419,4.85,4.846,3.856,4.397,4.073,3.516,4.003,4.121,4.254,4.822,4.574,4.537,4.11,4.534,5.085,4.893,4.267,5.041,5.514,4.809,5.117
2019년 12월,변동률,0.475,0.375,0.417,0.519,0.439,0.452,0.459,0.37,0.549,0.374,0.3,0.343,0.449,0.404,0.554,0.464,0.47,0.376,0.51,0.485,0.614,0.366,0.5,0.51,0.501,0.552
,누계,5.287,4.457,4.763,5.86,5.882,5.324,5.327,4.239,4.97,4.462,3.827,4.361,4.589,4.675,5.402,5.059,5.028,4.501,5.067,5.595,5.536,4.649,5.567,6.052,5.334,5.698
2020년 01월,변동률,0.457,0.365,0.352,0.443,0.505,0.462,0.453,0.399,0.496,0.366,0.301,0.372,0.398,0.348,0.57,0.389,0.408,0.387,0.395,0.52,0.448,0.372,0.505,0.465,0.58,0.501
,누계,0.457,0.365,0.352,0.443,0.505,0.462,0.453,0.399,0.496,0.366,0.301,0.372,0.398,0.348,0.57,0.389,0.408,0.387,0.395,0.52,0.448,0.372,0.505,0.465,0.58,0.501
2020년 02월,변동률,0.425,0.358,0.403,0.407,0.485,0.433,0.438,0.389,0.339,0.398,0.318,0.379,0.35,0.359,0.487,0.396,0.472,0.37,0.412,0.451,0.449,0.368,0.427,0.443,0.466,0.493
,누계,0.884,0.724,0.757,0.852,0.992,0.897,0.893,0.79,0.837,0.765,0.619,0.752,0.75,0.709,1.06,0.786,0.882,0.759,0.809,0.973,0.898,0.741,0.934,0.91,1.049,0.997
2020년 03월,변동률,0.342,0.266,0.321,0.377,0.381,0.344,0.349,0.289,0.295,0.294,0.181,0.282,0.291,0.291,0.393,0.367,0.392,0.35,0.384,0.385,0.39,0.337,0.334,0.341,0.415,0.259
,누계,1.229,0.992,1.08,1.232,1.378,1.244,1.245,1.081,1.134,1.061,0.802,1.037,1.043,1.002,1.457,1.156,1.277,1.111,1.195,1.361,1.292,1.08,1.271,1.254,1.468,1.258
2020년 04월,변동률,0.306,0.223,0.271,0.332,0.339,0.301,0.323,0.267,0.231,0.263,0.164,0.244,0.262,0.271,0.338,0.339,0.342,0.291,0.332,0.376,0.363,0.297,0.318,0.338,0.307,0.251
,누계,1.539,1.217,1.355,1.568,1.721,1.549,1.572,1.351,1.368,1.327,0.967,1.283,1.308,1.276,1.8,1.499,1.624,1.405,1.531,1.743,1.66,1.38,1.593,1.596,1.78,1.512
2020년 05월,변동률,0.336,0.251,0.276,0.382,0.275,0.299,0.247,0.259,0.231,0.253,0.168,0.228,0.303,0.289,0.37,0.353,0.323,0.281,0.351,0.381,0.314,0.316,0.304,0.486,0.364,0.28
,누계,1.88,1.471,1.634,1.956,2.001,1.853,1.823,1.614,1.602,1.583,1.137,1.514,1.615,1.568,2.177,1.857,1.952,1.69,1.888,2.131,1.98,1.7,1.902,2.089,2.151,1.797
2020년 06월,변동률,0.374,0.351,0.327,0.438,0.411,0.318,0.389,0.282,0.344,0.285,0.245,0.285,0.369,0.396,0.386,0.37,0.375,0.403,0.345,0.4,0.36,0.337,0.334,0.453,0.393,0.308
,누계,2.261,1.827,1.966,2.402,2.42,2.177,2.219,1.901,1.952,1.872,1.385,1.803,1.99,1.97,2.571,2.235,2.334,2.1,2.24,2.539,2.347,2.043,2.241,2.551,2.553,2.11
2020년 07월,변동률,0.428,0.38,0.432,0.419,0.449,0.417,0.419,0.333,0.387,0.324,0.313,0.359,0.407,0.395,0.352,0.424,0.384,0.377,0.398,0.414,0.503,0.418,0.468,0.484,0.477,0.403
,누계,2.698,2.214,2.407,2.831,2.88,2.603,2.647,2.24,2.346,2.203,1.703,2.168,2.405,2.373,2.933,2.668,2.727,2.485,2.646,2.964,2.862,2.47,2.72,3.048,3.042,2.522
2020년 08월,변동률,0.419,0.397,0.429,0.402,0.477,0.395,0.347,0.331,0.39,0.348,0.305,0.373,0.395,0.405,0.361,0.373,0.356,0.351,0.361,0.372,0.481,0.413,0.494,0.502,0.413,0.39
,누계,3.129,2.619,2.846,3.244,3.371,3.009,3.003,2.578,2.745,2.559,2.012,2.549,2.81,2.787,3.305,3.051,3.093,2.844,3.017,3.347,3.356,2.893,3.227,3.566,3.467,2.922
2020년 09월,변동률,0.398,0.406,0.45,0.388,0.453,0.346,0.396,0.331,0.404,0.337,0.294,0.374,0.384,0.373,0.319,0.339,0.339,0.301,0.347,0.332,0.413,0.393,0.422,0.431,0.46,0.44
,누계,3.539,3.036,3.309,3.644,3.839,3.365,3.411,2.917,3.16,2.904,2.312,2.933,3.205,3.171,3.634,3.4,3.443,3.153,3.374,3.69,3.783,3.297,3.663,4.012,3.943,3.375
2020년 10월,변동률,0.375,0.399,0.374,0.363,0.377,0.339,0.323,0.323,0.417,0.304,0.291,0.376,0.377,0.37,0.351,0.322,0.311,0.291,0.31,0.313,0.378,0.347,0.416,0.404,0.408,0.412
,누계,3.927,3.448,3.695,4.02,4.231,3.715,3.745,3.25,3.59,3.217,2.61,3.319,3.594,3.552,3.998,3.733,3.765,3.454,3.695,4.014,4.176,3.655,4.094,4.432,4.367,3.801
2020년 11월,변동률,0.405,0.408,0.397,0.356,0.394,0.339,0.307,0.341,0.418,0.251,0.301,0.374,0.377,0.393,0.377,0.324,0.294,0.271,0.301,0.314,0.342,0.302,0.523,0.516,0.451,0.369
,누계,4.348,3.869,4.107,4.391,4.641,4.067,4.063,3.602,4.023,3.477,2.919,3.706,3.985,3.959,4.39,4.069,4.07,3.735,4.007,4.341,4.532,3.968,4.638,4.971,4.838,4.184
2020년 12월,변동률,0.437,0.43,0.427,0.444,0.466,0.319,0.318,0.266,0.439,0.299,0.329,0.372,0.411,0.438,0.385,0.353,0.354,0.3,0.318,0.407,0.382,0.361,0.52,0.521,0.54,0.45
,누계,4.803,4.316,4.551,4.854,5.129,4.398,4.394,3.878,4.479,3.786,3.258,4.092,4.412,4.415,4.792,4.436,4.438,4.046,4.337,4.766,4.931,4.344,5.182,5.518,5.404,4.653
2021년 01월,변동률,0.408,0.369,0.403,0.422,0.422,0.381,0.386,0.341,0.4,0.343,0.313,0.35,0.392,0.388,0.345,0.345,0.341,0.3,0.343,0.416,0.497,0.382,0.476,0.457,0.432,0.385
,누계,0.408,0.369,0.403,0.422,0.422,0.381,0.386,0.341,0.4,0.343,0.313,0.35,0.392,0.388,0.345,0.345,0.341,0.3,0.343,0.416,0.497,0.382,0.476,0.457,0.432,0.385
2021년 02월,변동률,0.418,0.4,0.393,0.443,0.444,0.406,0.392,0.373,0.415,0.349,0.346,0.352,0.4,0.368,0.356,0.368,0.352,0.316,0.328,0.389,0.417,0.384,0.476,0.498,0.446,0.375
,누계,0.829,0.77,0.798,0.867,0.867,0.788,0.779,0.715,0.817,0.693,0.66,0.703,0.794,0.757,0.702,0.714,0.694,0.618,0.671,0.807,0.916,0.767,0.954,0.958,0.88,0.761
2021년 03월,변동률,0.432,0.402,0.399,0.44,0.445,0.408,0.429,0.355,0.409,0.353,0.362,0.373,0.376,0.398,0.41,0.356,0.38,0.35,0.312,0.369,0.502,0.384,0.49,0.503,0.44,0.513
,누계,1.264,1.176,1.2,1.312,1.316,1.2,1.212,1.072,1.229,1.048,1.024,1.079,1.173,1.158,1.115,1.073,1.077,0.97,0.985,1.179,1.422,1.154,1.449,1.465,1.323,1.278
2021년 04월,변동률,0.446,0.418,0.405,0.463,0.53,0.428,0.435,0.375,0.409,0.39,0.351,0.378,0.385,0.39,0.4,0.405,0.378,0.307,0.322,0.422,0.492,0.422,0.521,0.521,0.45,0.455
,누계,1.716,1.599,1.61,1.78,1.852,1.633,1.652,1.452,1.643,1.443,1.379,1.461,1.563,1.552,1.519,1.482,1.459,1.28,1.31,1.606,1.922,1.581,1.978,1.994,1.78,1.74
2021년 05월,변동률,0.434,0.4,0.416,0.481,0.476,0.421,0.441,0.384,0.385,0.408,0.365,0.382,0.382,0.399,0.48,0.381,0.382,0.303,0.308,0.4,0.512,0.42,0.443,0.469,0.491,0.445
,누계,2.158,2.005,2.033,2.27,2.337,2.061,2.1,1.842,2.035,1.857,1.75,1.848,1.951,1.958,2.006,1.869,1.847,1.586,1.622,2.012,2.444,2.008,2.429,2.472,2.279,2.192
2021년 06월,변동률,0.452,0.419,0.434,0.442,0.469,0.45,0.45,0.366,0.384,0.419,0.355,0.385,0.468,0.406,0.441,0.414,0.393,0.342,0.322,0.414,0.522,0.405,0.472,0.52,0.522,0.422
,누계,2.619,2.432,2.476,2.722,2.817,2.52,2.559,2.214,2.426,2.284,2.111,2.24,2.428,2.371,2.456,2.29,2.247,1.934,1.949,2.435,2.979,2.421,2.913,3.005,2.813,2.623
2021년 07월,변동률,0.438,0.439,0.438,0.445,0.491,0.436,0.453,0.361,0.375,0.356,0.395,0.388,0.38,0.391,0.459,0.395,0.382,0.339,0.312,0.404,0.477,0.407,0.475,0.485,0.456,0.472
,누계,3.069,2.881,2.925,3.178,3.322,2.967,3.024,2.583,2.811,2.648,2.514,2.637,2.817,2.772,2.926,2.694,2.638,2.28,2.267,2.848,3.47,2.838,3.402,3.505,3.283,3.108
2021년 08월,변동률,0.433,0.428,0.431,0.473,0.499,0.414,0.401,0.35,0.395,0.409,0.327,0.38,0.422,0.377,0.453,0.403,0.403,0.34,0.343,0.425,0.41,0.457,0.475,0.471,0.445,0.418
,누계,3.516,3.322,3.368,3.667,3.837,3.393,3.438,2.943,3.217,3.068,2.849,3.027,3.251,3.16,3.392,3.107,3.051,2.628,2.617,3.285,3.895,3.308,3.892,3.993,3.742,3.538
2021년 09월,변동률,0.446,0.421,0.385,0.467,0.524,0.428,0.421,0.349,0.391,0.367,0.323,0.386,0.382,0.363,0.466,0.375,0.436,0.379,0.36,0.521,0.207,0.489,0.481,0.517,0.5,0.425
,누계,3.977,3.757,3.767,4.151,4.38,3.835,3.873,3.302,3.62,3.447,3.181,3.425,3.646,3.534,3.874,3.494,3.5,3.017,2.987,3.823,4.109,3.813,4.392,4.531,4.26,3.978
2021년 10월,변동률,0.432,0.392,0.393,0.423,0.512,0.407,0.412,0.344,0.36,0.285,0.279,0.286,0.379,0.383,0.452,0.374,0.464,0.35,0.4,0.519,0.22,0.446,0.512,0.509,0.462,0.375
,누계,4.427,4.163,4.175,4.591,4.915,4.258,4.301,3.658,3.993,3.741,3.469,3.721,4.039,3.931,4.343,3.881,3.981,3.378,3.398,4.361,4.339,4.277,4.927,5.063,4.742,4.368
2021년 11월,변동률,0.429,0.405,0.377,0.424,0.59,0.376,0.47,0.343,0.378,0.213,0.319,0.28,0.379,0.39,0.471,0.376,0.477,0.332,0.42,0.504,0.222,0.425,0.479,0.515,0.44,0.317
,누계,4.875,4.585,4.567,5.034,5.535,4.649,4.791,4.013,4.386,3.963,3.799,4.012,4.433,4.336,4.835,4.272,4.477,3.721,3.833,4.887,4.57,4.719,5.429,5.603,5.204,4.698
2021년 12월,변동률,0.418,0.403,0.301,0.45,0.605,0.371,0.426,0.313,0.375,0.21,0.304,0.214,0.352,0.347,0.461,0.377,0.465,0.314,0.397,0.511,0.18,0.409,0.491,0.48,0.465,0.375
,누계,5.313,5.006,4.882,5.507,6.173,5.037,5.237,4.339,4.777,4.181,4.114,4.234,4.8,4.699,5.318,4.664,4.962,4.046,4.246,5.423,4.758,5.147,5.946,6.11,5.692,5.09
2022년 01월,변동률,0.368,0.35,0.234,0.351,0.508,0.318,0.4,0.263,0.3,0.207,0.25,0.211,0.311,0.309,0.382,0.323,0.382,0.31,0.403,0.43,0.291,0.412,0.462,0.392,0.454,0.313
,누계,0.368,0.35,0.234,0.351,0.508,0.318,0.4,0.263,0.3,0.207,0.25,0.211,0.311,0.309,0.382,0.323,0.382,0.31,0.403,0.43,0.291,0.412,0.462,0.392,0.454,0.313
2022년 02월,변동률,0.347,0.342,0.205,0.321,0.442,0.312,0.321,0.284,0.299,0.192,0.248,0.204,0.36,0.348,0.327,0.302,0.367,0.301,0.383,0.401,0.266,0.37,0.438,0.379,0.416,0.295
,누계,0.717,0.693,0.439,0.673,0.953,0.631,0.723,0.548,0.6,0.399,0.498,0.415,0.672,0.658,0.71,0.626,0.75,0.612,0.788,0.833,0.559,0.783,0.902,0.772,0.872,0.608
2022년 03월,변동률,0.359,0.36,0.24,0.323,0.473,0.32,0.321,0.286,0.311,0.211,0.263,0.21,0.28,0.324,0.353,0.331,0.368,0.319,0.393,0.398,0.296,0.356,0.447,0.403,0.423,0.3
,누계,1.078,1.056,0.68,0.998,1.431,0.953,1.046,0.836,0.912,0.611,0.763,0.626,0.954,0.984,1.066,0.959,1.121,0.933,1.184,1.234,0.857,1.142,1.353,1.178,1.298,0.91
2022년 04월,변동률,0.378,0.413,0.302,0.401,0.483,0.368,0.429,0.307,0.336,0.262,0.249,0.26,0.329,0.335,0.359,0.345,0.359,0.32,0.398,0.391,0.289,0.379,0.433,0.4,0.442,0.358
,누계,1.46,1.473,0.984,1.403,1.921,1.325,1.479,1.145,1.251,0.875,1.013,0.888,1.286,1.323,1.429,1.307,1.484,1.256,1.586,1.63,1.148,1.526,1.792,1.584,1.746,1.271
2022년 05월,변동률,0.414,0.479,0.389,0.455,0.498,0.379,0.435,0.322,0.352,0.296,0.279,0.273,0.347,0.339,0.401,0.377,0.372,0.326,0.39,0.407,0.311,0.41,0.448,0.52,0.424,0.33
,누계,1.881,1.959,1.377,1.864,2.428,1.71,1.921,1.471,1.608,1.173,1.295,1.163,1.638,1.666,1.836,1.688,1.861,1.586,1.982,2.044,1.463,1.942,2.248,2.112,2.177,1.605
2022년 06월,변동률,0.404,0.476,0.402,0.466,0.503,0.355,0.438,0.317,0.36,0.309,0.242,0.265,0.352,0.356,0.424,0.351,0.367,0.341,0.383,0.4,0.34,0.401,0.463,0.45,0.404,0.325
,누계,2.293,2.444,1.785,2.339,2.943,2.07,2.367,1.793,1.974,1.486,1.54,1.431,1.996,2.028,2.268,2.046,2.235,1.932,2.373,2.452,1.808,2.351,2.722,2.571,2.59,1.935
2022년 07월,변동률,0.383,0.483,0.374,0.516,0.497,0.346,0.415,0.326,0.351,0.283,0.235,0.268,0.36,0.319,0.41,0.345,0.356,0.341,0.372,0.39,0.313,0.385,0.419,0.38,0.397,0.317
,누계,2.684,2.939,2.166,2.867,3.455,2.424,2.792,2.125,2.331,1.774,1.779,1.703,2.363,2.353,2.687,2.397,2.599,2.28,2.753,2.851,2.127,2.745,3.152,2.961,2.998,2.258
2022년 08월,변동률,0.342,0.371,0.281,0.451,0.48,0.322,0.345,0.297,0.306,0.252,0.233,0.236,0.298,0.311,0.366,0.313,0.327,0.315,0.359,0.382,0.309,0.355,0.392,0.312,0.386,0.295
,누계,3.036,3.321,2.453,3.331,3.952,2.753,3.147,2.428,2.645,2.03,2.016,1.943,2.668,2.672,3.064,2.718,2.935,2.602,3.122,3.244,2.443,3.11,3.557,3.282,3.396,2.559
2022년 09월,변동률,0.205,0.225,0.248,0.239,0.391,0.15,0.132,0.098,0.048,0.056,0.083,0.102,0.038,0.101,0.104,0.18,0.222,0.179,0.231,0.227,0.213,0.173,0.264,0.255,0.243,0.182
,누계,3.247,3.553,2.707,3.578,4.358,2.907,3.282,2.528,2.694,2.087,2.101,2.047,2.707,2.776,3.17,2.903,3.164,2.785,3.36,3.479,2.661,3.288,3.83,3.545,3.647,2.747
2022년 10월,변동률,0.005,-0.021,-0.034,0.009,0.135,-0.069,-0.094,-0.082,-0.106,-0.117,-0.095,-0.079,-0.067,-0.054,0.002,0.003,-0.022,-0.063,-0.007,0.002,-0.025,-0.084,0.079,0.1,0.012,-0.03
,누계,3.252,3.532,2.672,3.587,4.499,2.836,3.185,2.444,2.585,1.967,2.004,1.967,2.638,2.72,3.172,2.906,3.141,2.721,3.353,3.481,2.636,3.202,3.912,3.649,3.659,2.716
2022년 11월,변동률,-0.088,-0.212,-0.137,-0.126,0.019,-0.104,-0.238,-0.132,-0.366,-0.103,-0.112,-0.096,-0.408,-0.314,-0.069,-0.135,-0.189,-0.184,-0.102,-0.034,-0.098,-0.292,0.039,0.03,-0.008,-0.044
,누계,3.161,3.312,2.531,3.457,4.519,2.729,2.939,2.309,2.21,1.863,1.89,1.869,2.22,2.398,3.101,2.767,2.946,2.532,3.247,3.446,2.535,2.9,3.952,3.68,3.651,2.671
2022년 12월,변동률,-0.094,-0.258,-0.161,-0.195,0.009,-0.144,-0.197,-0.104,-0.258,-0.126,-0.108,-0.112,-0.243,-0.292,-0.073,-0.257,-0.208,-0.199,-0.118,-0.114,-0.077,-0.25,0.028,0.021,0.004,-0.022
,누계,3.064,3.045,2.366,3.255,4.528,2.581,2.736,2.203,1.946,1.734,1.779,1.755,1.971,2.099,3.026,2.503,2.732,2.328,3.125,3.328,2.457,2.643,3.982,3.701,3.655,2.648
2023년 01월,변동률,-0.072,-0.154,-0.119,-0.104,0.002,-0.075,-0.189,-0.163,-0.229,-0.09,-0.104,-0.08,-0.201,-0.262,-0.057,-0.194,-0.188,-0.178,-0.126,-0.102,-0.053,-0.203,0.009,0.054,-0.025,-0.035
,누계,-0.072,-0.154,-0.119,-0.104,0.002,-0.075,-0.189,-0.163,-0.229,-0.09,-0.104,-0.08,-0.201,-0.262,-0.057,-0.194,-0.188,-0.178,-0.126,-0.102,-0.053,-0.203,0.009,0.054,-0.025,-0.035
2023년 02월,변동률,-0.043,-0.134,-0.091,0.054,0.002,-0.073,-0.152,-0.126,-0.167,-0.105,-0.109,-0.089,-0.145,-0.147,-0.025,-0.119,-0.14,-0.124,-0.101,-0.075,-0.032,-0.121,0.006,0.064,-0.005,-0.04
,누계,-0.115,-0.288,-0.209,-0.05,0.003,-0.147,-0.34,-0.289,-0.396,-0.195,-0.213,-0.169,-0.346,-0.408,-0.082,-0.313,-0.327,-0.301,-0.228,-0.177,-0.084,-0.324,0.014,0.117,-0.031,-0.075
2023년 03월,변동률,-0.008,-0.081,-0.044,0.059,0.048,-0.051,-0.107,-0.121,-0.09,-0.113,-0.103,-0.11,-0.04,-0.108,-0.022,-0.072,-0.09,-0.084,-0.079,-0.045,-0.007,-0.068,0.022,0.102,0.038,0.014
,누계,-0.123,-0.369,-0.253,0.009,0.052,-0.198,-0.447,-0.409,-0.485,-0.307,-0.316,-0.279,-0.386,-0.516,-0.104,-0.384,-0.416,-0.385,-0.307,-0.221,-0.091,-0.392,0.036,0.22,0.007,-0.061
2023년 04월,변동률,-0.004,-0.025,-0.051,0.05,0.047,-0.046,-0.09,-0.1,-0.098,-0.132,-0.121,-0.132,-0.055,-0.061,-0.045,-0.062,-0.074,-0.075,-0.071,-0.029,0.045,-0.059,0.021,0.093,0.037,0.02
,누계,-0.127,-0.394,-0.304,0.059,0.099,-0.244,-0.536,-0.509,-0.583,-0.439,-0.436,-0.411,-0.44,-0.577,-0.15,-0.446,-0.49,-0.459,-0.377,-0.25,-0.046,-0.45,0.058,0.313,0.045,-0.04
2023년 05월,변동률,0.052,0.025,0.011,0.055,0.083,-0.003,-0.02,-0.032,-0.057,-0.06,-0.114,-0.067,-0.028,-0.039,0.014,-0.025,-0.041,-0.033,-0.038,-0.011,0.181,-0.027,0.039,0.248,0.053,0.027
,누계,-0.075,-0.369,-0.293,0.113,0.182,-0.246,-0.555,-0.541,-0.639,-0.498,-0.55,-0.478,-0.468,-0.615,-0.136,-0.471,-0.531,-0.492,-0.416,-0.261,0.134,-0.477,0.097,0.562,0.098,-0.013
2023년 06월,변동률,0.065,0.031,0.031,0.069,0.087,0.018,0.01,0.009,0.002,-0.02,-0.011,-0.01,0.009,0.001,0.047,0.004,-0.012,-0.024,-0.017,0.009,0.134,0.008,0.063,0.214,0.059,0.055
,누계,-0.009,-0.338,-0.262,0.182,0.269,-0.229,-0.546,-0.531,-0.637,-0.518,-0.561,-0.488,-0.46,-0.614,-0.089,-0.467,-0.543,-0.516,-0.432,-0.252,0.268,-0.469,0.16,0.777,0.157,0.042
2023년 07월,변동률,0.09,0.046,0.045,0.066,0.094,0.053,0.063,0.046,0.03,0.037,0.023,0.032,0.037,0.015,0.056,0.059,0.043,0.031,0.025,0.07,0.106,0.054,0.075,0.255,0.059,0.052
,누계,0.081,-0.292,-0.217,0.248,0.364,-0.176,-0.483,-0.486,-0.607,-0.481,-0.538,-0.456,-0.423,-0.599,-0.033,-0.408,-0.5,-0.485,-0.407,-0.182,0.374,-0.415,0.235,1.034,0.216,0.095
2023년 08월,변동률,0.144,0.106,0.1,0.181,0.131,0.106,0.145,0.1,0.147,0.098,0.06,0.064,0.139,0.105,0.105,0.132,0.101,0.099,0.109,0.152,0.104,0.1,0.16,0.263,0.09,0.085
,누계,0.225,-0.186,-0.117,0.43,0.496,-0.07,-0.339,-0.386,-0.46,-0.383,-0.479,-0.392,-0.285,-0.495,0.072,-0.277,-0.4,-0.387,-0.299,-0.031,0.479,-0.316,0.395,1.3,0.307,0.179
2023년 09월,변동률,0.205,0.236,0.149,0.179,0.201,0.149,0.245,0.195,0.131,0.152,0.115,0.188,0.207,0.209,0.227,0.211,0.181,0.164,0.198,0.209,0.125,0.14,0.216,0.333,0.12,0.102
,누계,0.431,0.049,0.031,0.609,0.697,0.079,-0.094,-0.192,-0.33,-0.232,-0.364,-0.205,-0.078,-0.287,0.298,-0.067,-0.219,-0.223,-0.101,0.178,0.605,-0.176,0.612,1.638,0.427,0.282
2023년 10월,변동률,0.251,0.294,0.209,0.254,0.301,0.214,0.311,0.248,0.208,0.197,0.222,0.215,0.181,0.213,0.215,0.284,0.271,0.239,0.231,0.236,0.205,0.261,0.292,0.317,0.171,0.218
,누계,0.683,0.343,0.241,0.865,1.001,0.293,0.216,0.056,-0.123,-0.035,-0.143,0.01,0.103,-0.075,0.514,0.217,0.051,0.015,0.13,0.415,0.811,0.084,0.905,1.96,0.599,0.501
2023년 11월,변동률,0.227,0.26,0.206,0.277,0.237,0.201,0.233,0.212,0.197,0.186,0.185,0.193,0.166,0.186,0.209,0.251,0.249,0.183,0.2,0.228,0.2,0.233,0.272,0.261,0.148,0.239
,누계,0.912,0.604,0.447,1.144,1.24,0.494,0.449,0.268,0.074,0.151,0.042,0.203,0.269,0.111,0.725,0.468,0.3,0.198,0.33,0.644,1.012,0.318,1.179,2.227,0.748,0.741
2023년 12월,변동률,0.193,0.225,0.19,0.227,0.204,0.186,0.2,0.196,0.179,0.161,0.161,0.191,0.165,0.183,0.189,0.183,0.202,0.133,0.196,0.21,0.172,0.215,0.208,0.201,0.158,0.19
,누계,1.106,0.831,0.638,1.374,1.446,0.681,0.65,0.464,0.254,0.313,0.203,0.394,0.434,0.294,0.916,0.652,0.503,0.332,0.527,0.856,1.186,0.533,1.39,2.432,0.908,0.932
